dms_orig,dms_dest,fr_inmode,dms_mode,fr_outmode,sctg2,trade_type,dist_band,value_2017,tons_2017,tmiles_2017
11,19,,1,,2,1,2,7.008128,59.934925,8.053323
11,280,,1,,2,1,3,0.149243,1.276356,0.31922
11,479,,1,,2,1,3,0.678964,5.806634,1.483764
12,12,,1,,2,1,1,2.013499,11.113659,0.293963
12,19,,1,,2,1,2,2.423187,12.287209,2.771552
12,121,,1,,2,1,3,2.158972,0.390412,0.165204
12,124,,1,,2,1,4,0.118782,0.16274,0.08163
12,129,,1,,2,1,3,4.332314,29.511826,11.201209
12,131,,1,,2,1,3,0.920426,0.077972,0.027444
12,139,,1,,2,1,3,2.002187,1.997667,0.733039
12,171,,1,,2,1,5,0.550239,0.084282,0.079143
12,223,,1,,2,1,2,1.637835,8.441754,1.386675
12,280,,1,,2,1,2,1.618757,7.285902,1.770907
12,363,,1,,2,1,6,0.00054,9.8e-05,0.000122
12,369,,1,,2,1,6,0.353403,0.567143,0.734532
12,379,,1,,2,1,4,0.077472,0.201376,0.142004
12,391,,1,,2,1,5,0.045025,0.011313,0.008528
12,394,,1,,2,1,5,0.85338,0.07431,0.060045
12,471,,1,,2,1,3,0.120546,0.674988,0.291244
12,488,,1,,2,1,4,0.625637,0.554179,0.381163
12,489,,1,,2,1,4,0.000273,0.002457,0.00182
12,519,,1,,2,1,5,0.169988,0.077291,0.062385
19,11,,1,,2,1,2,20.342283,165.864059,23.69535
19,19,,1,,2,1,2,507.21521,3302.26123,521.535237
19,19,,2,,2,1,2,34.997494,222.96109,46.033889
19,19,,3,,2,1,3,10.00559,74.989784,30.200529
19,129,,1,,2,1,3,3.074818,9.015922,3.398963
19,131,,1,,2,1,2,12.574792,83.904312,17.899393
19,139,,1,,2,1,3,0.237019,0.046961,0.011971
19,280,,1,,2,1,3,0.091387,0.975795,0.280683
20,20,,1,,2,1,2,0.644,6.424308,1.19516
41,41,,1,,2,1,1,759.793213,3928.80542,83.9652
41,42,,1,,2,1,2,21.746445,89.945457,12.197368
41,49,,1,,2,1,2,50.971046,172.197556,31.81261
41,61,,1,,2,1,3,4.996933,19.0762,7.225374
41,160,,1,,2,1,6,7.639602,16.753319,17.113628
41,319,,1,,2,1,6,7.406398,16.223652,19.575891
42,49,,1,,2,1,3,4.295198,17.765366,4.470048
42,131,,5,,2,1,8,0.259642,0.013193,0.026747
49,41,,1,,2,1,2,9.006864,40.082111,5.342229
49,42,,1,,2,1,3,0.001,0.0005,0.000127
49,49,,1,,2,1,2,100.940575,416.445374,87.999524
49,350,,1,,2,1,3,0.152874,1.99853,0.912952
49,485,,1,,2,1,3,0.343302,1.360595,0.679926
50,19,,1,,2,1,3,0.181386,1.627887,0.736338
50,50,,1,,2,1,2,2175.070801,12405.870117,1912.785946
50,81,,1,,2,1,6,2.001945,11.002096,11.017007
50,189,,1,,2,1,4,6.140479,8.947699,5.057713
50,190,,1,,2,1,4,0.768439,12.939848,8.103151
50,202,,1,,2,1,3,6.990272,42.680714,19.161947
50,221,,5,,2,1,3,1.720586,15.771707,7.73512
50,223,,1,,2,1,3,3.779518,26.097231,12.455443
50,223,,3,,2,1,4,204.08226,1461.149048,968.883768
50,223,,5,,2,1,4,0.08524,0.656621,0.394056
50,229,,1,,2,1,3,30.267111,90.017113,31.037387
50,229,,5,,2,1,3,0.005711,0.043791,0.017485
50,280,,1,,2,1,3,1.031556,6.827666,2.065063
50,280,,2,,2,1,3,0.025953,0.114847,0.041257
50,299,,1,,2,1,3,36.079224,166.060654,54.431577
50,379,,1,,2,1,5,0.056227,0.605533,0.524963
50,471,,1,,2,1,2,6.005533,12.977541,2.366879
50,473,,1,,2,1,4,0.496274,4.512844,2.52845
50,479,,1,,2,1,3,4.630383,26.156107,10.242071
50,479,,3,,2,1,4,4.275343,26.8487,18.580405
50,479,,5,,2,1,3,0.239561,2.503345,1.224514
50,484,,1,,2,1,3,3.399277,20.755068,7.874963
50,489,,1,,2,1,4,22.454357,137.100235,76.266822
61,41,,1,,2,1,3,6.170636,5.65953,2.145167
61,49,,1,,2,1,3,0.239035,0.765748,0.314226
61,61,,1,,2,1,1,915.892151,1253.029663,63.468981
61,61,,5,,2,1,1,26.001732,1.435775,0.113028
61,62,,1,,2,1,3,2.989201,2.991837,1.312005
61,62,,5,,2,1,4,0.001374,0.021886,0.011281
61,63,,1,,2,1,2,81.169304,61.936745,7.087524
61,63,,5,,2,1,2,11.072416,0.569464,0.071758
61,64,,1,,2,1,3,29.947107,26.887333,10.802342
61,64,,5,,2,1,3,3.488601,0.287852,0.139447
61,69,,1,,2,1,3,20.08102,12.992457,5.175126
61,69,,5,,2,1,3,1.562586,0.184052,0.086781
61,81,,1,,2,1,6,1.07355,0.921312,0.946589
61,89,,1,,2,1,5,5.347988,3.636444,3.552257
61,129,,5,,2,1,8,45.902626,2.52943,6.402237
61,160,,1,,2,1,5,1.614033,21.131824,21.046821
61,280,,1,,2,1,7,8.860305,2.028863,3.83426
61,292,,1,,2,1,7,2.982798,0.317604,0.585714
61,321,,1,,2,1,3,20.100924,19.27017,5.64842
61,329,,1,,2,1,4,0.105824,0.339007,0.185906
61,363,,1,,2,1,8,1.099643,14.677937,41.809042
61,411,,1,,2,1,5,4.57298,3.5342,3.417909
61,422,,1,,2,1,8,1.124049,0.199041,0.492402
61,484,,1,,2,1,6,1.00044,12.955239,18.528064
61,491,,1,,2,1,4,1.073482,0.132268,0.090717
61,531,,1,,2,1,6,6.996192,4.501533,5.230575
61,539,,5,,2,1,6,0.00028,0.000151,0.000221
62,61,,1,,2,1,3,4.346131,18.328407,7.918106
62,62,,1,,2,1,1,39.294434,137.121918,5.420163
62,64,,1,,2,1,2,40.041508,164.953629,17.815459
62,65,,1,,2,1,2,19.261168,83.497215,15.589792
62,69,,1,,2,1,2,218.544342,816.669312,166.768364
62,91,,1,,2,1,8,0.830322,1.01647,2.977994
62,171,,1,,2,1,8,0.733392,5.523411,11.190024
62,300,,1,,2,1,6,0.120268,2.171218,2.521094
62,321,,1,,2,1,4,3.274962,10.491335,5.790319
62,329,,1,,2,1,2,60.847046,194.923416,39.124912
62,411,,1,,2,1,4,4.008868,8.974549,5.032074
62,419,,1,,2,1,4,0.001817,0.000181,9.4e-05
63,49,,1,,2,1,3,0.020606,0.066011,0.025884
63,61,,1,,2,1,2,7.117289,27.78508,3.012088
63,63,,1,,2,1,1,26.019615,108.635399,0.782284
63,65,,1,,2,1,3,0.191525,0.613552,0.216203
63,69,,1,,2,1,3,0.454617,1.456364,0.70324
64,19,,1,,2,1,8,0.046968,0.003979,0.00941
64,41,,1,,2,1,5,1.002523,0.124951,0.094167
64,61,,1,,2,1,3,27.047844,4.013621,1.608681
64,61,,5,,2,1,3,0.786785,0.062071,0.030258
64,62,,1,,2,1,2,14.381501,38.894531,4.693519
64,63,,1,,2,1,3,2.12713,0.180196,0.087646
64,64,,1,,2,1,1,176.001968,536.888428,27.221632
64,64,,5,,2,1,1,0.0001,5e-05,3e-06
64,65,,1,,2,1,2,1.000092,1.000171,0.168999
64,69,,1,,2,1,2,141.730392,522.38385,114.130271
64,81,,1,,2,1,6,1.321805,0.178785,0.227008
64,121,,1,,2,1,8,0.000297,0.002725,0.007592
64,159,,5,,2,1,8,0.986608,0.051257,0.130993
64,160,,1,,2,1,5,8.987348,1.096764,0.888635
64,171,,1,,2,1,8,4.574093,0.870058,1.843302
64,182,,1,,2,1,8,0.432531,0.039755,0.091359
64,201,,5,,2,1,7,0.000241,0.000189,0.000362
64,229,,1,,2,1,8,5.551392,0.5198,1.071747
64,271,,1,,2,1,8,0.002855,0.000309,0.000624
64,292,,1,,2,1,8,0.183225,0.017133,0.035154
64,329,,1,,2,1,3,2.954796,8.687986,2.518201
64,379,,1,,2,1,8,0.090026,0.008088,0.022614
64,411,,1,,2,1,4,4.840792,0.51783,0.323543
64,452,,1,,2,1,8,0.934217,0.07914,0.208581
64,484,,1,,2,1,7,10.408625,1.066218,1.845484
64,486,,1,,2,1,7,0.340116,0.028812,0.05516
64,491,,1,,2,1,5,1.226907,0.126799,0.09747
64,539,,1,,2,1,5,0.012727,0.117239,0.100826
64,551,,1,,2,1,8,0.032269,0.002734,0.005988
64,559,,1,,2,1,8,0.907163,0.07857,0.169292
65,61,,1,,2,1,3,1.186019,2.878077,0.768372
65,62,,1,,2,1,2,0.311275,0.99717,0.1931
65,64,,1,,2,1,2,9.686211,30.528889,5.11286
65,69,,1,,2,1,2,29.227879,92.973015,21.211185
65,329,,1,,2,1,3,0.013035,0.041757,0.014264
69,61,,1,,2,1,3,124.111488,396.977112,123.995255
69,62,,1,,2,1,2,42.437984,140.754364,31.870665
69,63,,1,,2,1,3,10.935354,35.031391,13.737251
69,64,,1,,2,1,2,33.035191,159.966446,32.850275
69,65,,1,,2,1,2,32.01746,148.993042,25.082749
69,69,,1,,2,1,3,647.627625,2679.777832,720.870779
69,69,,2,,2,1,3,551.927063,3297.776611,923.605235
69,69,,5,,2,1,3,0.946272,6.019313,1.923373
69,89,,1,,2,1,6,2.532695,10.663889,11.966984
69,160,,1,,2,1,5,0.883855,9.64035,8.363751
69,321,,1,,2,1,3,13.35798,42.792271,19.318357
69,329,,1,,2,1,3,7.137084,17.832336,6.503168
69,489,,1,,2,1,7,0.356888,0.030233,0.045634
69,491,,1,,2,1,5,0.007894,0.013599,0.01049
81,41,,1,,2,1,5,2.522569,7.713792,6.70887
81,81,,1,,2,1,1,230.005203,2163.751953,73.366162
81,81,,5,,2,1,1,0.006831,0.072042,0.002574
81,89,,1,,2,1,2,124.419411,1092.550781,212.219533
81,160,,1,,2,1,5,0.082308,1.373359,1.087826
81,171,,1,,2,1,6,0.604774,7.721859,7.835155
81,201,,1,,2,1,4,0.43713,8.913989,5.439719
81,209,,1,,2,1,3,1.129033,9.845878,4.122418
81,319,,1,,2,1,3,27.733227,249.468979,100.48921
81,350,,1,,2,1,3,0.014871,0.129685,0.064181
81,460,,1,,2,1,4,0.210432,2.416904,1.433902
81,491,,1,,2,1,4,0.065714,0.024008,0.012748
81,560,,1,,2,1,3,0.088956,0.77575,0.275138
89,61,,1,,2,1,5,3.152982,8.183121,8.001326
89,64,,1,,2,1,6,28.308008,138.13826,165.7119
89,69,,1,,2,1,6,0.902538,10.10236,11.427264
89,81,,1,,2,1,2,172.073196,1187.401367,205.87007
89,89,,1,,2,1,2,2410.894287,18356.03125,4235.192281
89,89,,2,,2,1,3,43.044567,312.754211,89.770566
89,131,,1,,2,1,6,8.476637,59.838215,89.27773
89,131,,2,,2,1,7,0.028731,0.365293,0.60596
89,171,,1,,2,1,6,4.044653,6.092029,6.605986
89,201,,1,,2,1,4,0.575732,11.642968,7.940977
89,201,,5,,2,1,5,2.731607,50.857956,40.008239
89,209,,1,,2,1,3,25.537958,206.637177,99.417103
89,223,,1,,2,1,6,1.782116,4.701283,6.402097
89,223,,5,,2,1,6,11.912613,69.709633,103.804112
89,271,,1,,2,1,5,3.002811,19.994146,19.920789
89,271,,5,,2,1,6,20.02264,129.94101,142.099926
89,291,,1,,2,1,4,60.215115,469.206482,335.487634
89,291,,5,,2,1,5,31.225006,174.964203,141.905231
89,292,,1,,2,1,5,17.737314,145.00296,133.3727
89,292,,5,,2,1,6,6.738675,32.806492,35.538156
89,299,,1,,2,1,5,1.210616,10.215539,8.751813
89,311,,1,,2,1,4,64.983261,544.999268,335.117802
89,311,,5,,2,1,4,18.749317,127.529388,87.993135
89,319,,1,,2,1,3,12.034442,101.734627,48.997321
89,319,,2,,2,1,4,0.736049,11.648608,6.086099
89,350,,1,,2,1,3,2.278108,10.55845,5.013021
89,380,,1,,2,1,5,15.00497,102.93322,88.480029
89,380,,2,,2,1,6,0.090499,1.138108,1.353151
89,380,,5,,2,1,6,14.423365,78.440353,93.21066
89,411,,1,,2,1,6,0.625909,7.325452,9.19992
89,411,,5,,2,1,6,9.99009,34.903038,50.605999
89,421,,1,,2,1,7,12.508906,69.678139,126.799778
89,422,,1,,2,1,7,13.703335,61.985561,95.331047
89,484,,1,,2,1,5,5.426377,18.761774,16.006473
89,489,,1,,2,1,5,18.992502,131.964905,105.586623
89,531,,5,,2,1,7,71.865822,440.996887,697.937327
89,560,,1,,2,1,3,0.034332,0.299394,0.128757
91,91,,1,,2,1,1,0.008412,0.025095,0.000641
91,92,,1,,2,1,1,2.775847,0.349767,0.020642
91,99,,1,,2,1,1,0.008412,0.025095,0.001167
91,251,,1,,2,1,2,5.055457,15.082357,1.666243
91,259,,1,,2,1,2,0.008412,0.025095,0.002644
91,363,,1,,2,1,2,0.008412,0.025095,0.00303
91,441,,1,,2,1,1,0.008412,0.025095,0.002013
92,190,,1,,2,1,6,6.760733,0.657869,0.82654
92,361,,1,,2,1,2,4.291283,12.802535,1.837768
92,364,,1,,2,1,3,2.010049,0.170278,0.0568
99,91,,1,,2,1,1,0.002441,0.007283,0.000344
99,92,,1,,2,1,1,0.002441,0.007283,0.000634
99,99,,1,,2,1,1,0.002441,0.007283,0.00021
99,251,,1,,2,1,1,1.467075,4.376846,0.407535
99,259,,1,,2,1,2,0.002441,0.007283,0.00084
99,363,,1,,2,1,2,0.002441,0.007283,0.00106
99,441,,1,,2,1,1,0.002441,0.007283,0.000368
101,101,,1,,2,1,1,32.928139,276.313629,8.790082
101,109,,1,,2,1,1,31.150105,272.937653,15.052977
101,189,,1,,2,1,4,0.008381,0.004129,0.002966
101,399,,1,,2,1,4,0.016184,0.007988,0.004026
101,421,,1,,2,1,1,0.335127,0.02839,0.002136
101,429,,1,,2,1,2,0.009583,0.003323,0.000733
109,101,,1,,2,1,1,1.919236,5.325272,0.330354
109,109,,1,,2,1,1,19.975538,132.976349,2.350623
109,249,,1,,2,1,1,73.483971,609.867126,58.651834
109,342,,1,,2,1,2,25.266603,221.386337,25.810716
109,379,,1,,2,1,3,0.000399,7.9e-05,3.2e-05
109,429,,1,,2,1,3,14.016421,99.344437,26.4346
109,512,,3,,2,1,2,68.033035,495.640625,106.633355
121,123,,1,,2,1,2,0.000795,0.005101,0.000631
121,129,,1,,2,1,2,2.202018,14.134382,2.989318
121,139,,1,,2,1,2,0.799766,5.133563,1.218176
122,122,,1,,2,1,1,9.882688,13.999648,0.708312
122,129,,1,,2,1,3,7.421635,42.46014,13.474153
123,123,,1,,2,1,1,0.00013,0.002784,0.000138
123,129,,1,,2,1,2,1.194364,9.086938,1.820866
124,129,,1,,2,1,2,0.197223,1.974869,0.38164
129,121,,1,,2,1,2,1.003355,10.056524,2.246538
129,122,,1,,2,1,2,43.237362,208.018402,49.489625
129,123,,1,,2,1,2,7.028027,42.062096,6.918001
129,124,,1,,2,1,2,124.098816,707.991211,103.254237
129,129,,1,,2,1,2,794.788818,4516.416016,1012.795046
129,139,,1,,2,1,3,51.119072,285.921112,104.534917
131,11,,1,,2,1,2,13.640955,7.372296,1.325549
131,19,,1,,2,1,2,0.12669,0.978604,0.210444
131,121,,1,,2,1,3,22.771151,28.678152,10.365988
131,129,,1,,2,1,3,13.964236,12.007672,4.877451
131,131,,1,,2,1,1,4.24939,3.946424,0.232373
131,139,,1,,2,1,2,7.771063,60.026852,10.177218
131,292,,1,,2,1,4,4.534594,4.252671,2.572734
131,379,,1,,2,1,3,0.366525,2.83119,1.059523
131,459,,1,,2,1,3,15.982031,14.458095,3.801569
131,472,,1,,2,1,3,36.022243,28.619051,7.703779
131,473,,1,,2,1,2,5.218743,0.534281,0.117251
131,479,,1,,2,1,3,0.25034,1.933728,0.542503
132,131,,5,,2,1,3,0.315074,0.019286,0.005777
132,139,,1,,2,1,2,3.359355,25.949022,4.469858
132,451,,1,,2,1,2,0.153363,1.184641,0.169783
139,19,,1,,2,1,3,0.967825,1.280449,0.348668
139,123,,1,,2,1,3,1.820851,10.873285,3.678824
139,124,,1,,2,1,3,3.296483,7.057296,2.610655
139,129,,1,,2,1,3,3.367924,19.765436,6.415021
139,131,,1,,2,1,2,165.485062,1002.789612,167.205655
139,139,,1,,2,1,2,320.968658,2294.539551,354.195611
139,219,,5,,2,1,4,0.116333,0.011505,0.006556
139,373,,1,,2,1,3,0.004686,0.016921,0.007283
139,379,,1,,2,1,3,0.35907,0.332202,0.135264
139,379,,5,,2,1,3,0.000164,0.000417,0.0002
139,459,,1,,2,1,3,41.093994,296.839355,75.181928
139,519,,1,,2,1,4,0.001074,0.016706,0.008719
151,151,,1,,2,1,1,70.862755,15.534537,0.073199
159,159,,1,,2,1,1,22.014362,5.947827,0.114618
159,159,,5,,2,1,2,12.613283,2.76038,0.517081
160,19,,1,,2,1,8,0.000111,0.000394,0.000829
160,19,,5,,2,1,8,0.000111,5.1e-05,0.000118
160,41,,2,,2,1,7,0.001924,0.011147,0.017063
160,49,,5,,2,1,6,0.000153,6.5e-05,9.2e-05
160,50,,5,,2,1,7,6.001685,29.890409,56.920134
160,61,,1,,2,1,5,0.152701,2.004247,1.929454
160,61,,2,,2,1,6,1.987757,22.088762,24.610049
160,61,,5,,2,1,6,11.265703,52.200809,61.486291
160,62,,5,,2,1,5,0.001374,0.022059,0.020649
160,63,,5,,2,1,6,0.007724,0.00145,0.002001
160,64,,1,,2,1,5,0.014211,0.002426,0.001881
160,64,,2,,2,1,6,0.000303,0.003406,0.003558
160,64,,5,,2,1,6,0.897879,9.687878,10.559618
160,69,,1,,2,1,5,0.000389,6.1e-05,4.6e-05
160,69,,5,,2,1,6,2.991716,25.005905,25.937841
160,81,,1,,2,1,5,0.076368,0.998344,0.782793
160,81,,5,,2,1,5,4.221213,20.363787,18.451696
160,89,,5,,2,1,5,0.0001,5e-05,4.7e-05
160,122,,1,,2,1,8,0.001167,0.00066,0.001808
160,124,,1,,2,1,8,0.054678,0.004623,0.011817
160,131,,5,,2,1,8,5.997431,25.947531,60.932374
160,160,,1,,2,1,3,1618.701294,9619.195312,2425.04355
160,160,,2,,2,1,3,484.215424,1412.06665,389.599334
160,160,,5,,2,1,3,0.000799,0.000116,3.7e-05
160,171,,2,,2,1,7,0.006243,0.068092,0.114298
160,179,,5,,2,1,7,0.000111,8.2e-05,0.000142
160,183,,5,,2,1,7,0.000122,7.4e-05,0.000138
160,190,,1,,2,1,6,0.000109,9e-05,0.00012
160,190,,2,,2,1,6,0.008017,0.095015,0.133744
160,201,,1,,2,1,6,0.04097,0.736158,0.977171
160,212,,1,,2,1,7,0.000124,9.1e-05,0.000168
160,221,,5,,2,1,8,0.000168,5e-05,0.000107
160,269,,5,,2,1,7,0.000731,7.3e-05,0.000146
160,271,,1,,2,1,6,0.010123,0.163419,0.228049
160,271,,2,,2,1,7,0.871951,1.660392,2.518165
160,271,,5,,2,1,7,30.021711,154.976288,238.193546
160,279,,2,,2,1,6,0.074044,0.997413,1.483383
160,292,,1,,2,1,7,0.000267,0.00387,0.006013
160,300,,1,,2,1,4,103.933144,564.93042,294.355214
160,300,,5,,2,1,4,0.014221,0.276459,0.189713
160,321,,5,,2,1,5,0.007687,0.024222,0.020445
160,329,,1,,2,1,4,20.797152,29.085884,14.956259
160,329,,5,,2,1,4,3.997925,18.982212,13.399632
160,350,,5,,2,1,6,1.999115,9.97874,14.170772
160,363,,5,,2,1,8,0.000118,7.7e-05,0.000203
160,372,,5,,2,1,8,0.000629,0.011281,0.029351
160,379,,5,,2,1,8,0.000157,8.6e-05,0.000226
160,391,,5,,2,1,8,4.005379,20.964802,42.51293
160,392,,5,,2,1,8,0.000548,6.7e-05,0.000139
160,399,,5,,2,1,8,0.0001,5e-05,0.000102
160,402,,1,,2,1,6,0.000125,0.000155,0.00023
160,411,,1,,2,1,4,0.00929,0.116724,0.06296
160,411,,2,,2,1,4,0.000239,0.00302,0.001786
160,411,,5,,2,1,4,32.533432,232.184952,146.24303
160,419,,5,,2,1,4,0.0001,5e-05,2.9e-05
160,479,,5,,2,1,8,1.159836,15.559421,32.942109
160,486,,5,,2,1,7,0.000123,6.6e-05,0.00013
160,489,,1,,2,1,7,0.114614,0.394444,0.602883
160,491,,1,,2,1,3,48.593819,302.796295,100.151426
160,491,,2,,2,1,3,4.888334,27.640081,10.68561
160,491,,5,,2,1,3,12.016597,47.771957,20.550635
160,499,,1,,2,1,4,0.99971,5.067639,2.556287
160,499,,5,,2,1,4,0.000108,0.000283,0.000168
160,513,,5,,2,1,8,0.000232,5.2e-05,0.000132
160,531,,5,,2,1,4,2.57347,23.208561,16.830103
160,532,,1,,2,1,4,2.200356,2.15402,1.099696
160,532,,2,,2,1,4,0.000214,0.00312,0.001752
160,532,,5,,2,1,4,1.000177,1.991316,1.187381
160,539,,1,,2,1,3,31.622009,177.41571,82.515166
160,539,,5,,2,1,4,0.000108,0.000515,0.000307
160,559,,2,,2,1,7,12.457412,42.532459,73.130276
160,560,,1,,2,1,4,0.008919,0.136598,0.075677
171,50,,5,,2,1,4,0.006649,0.088261,0.061118
171,69,,5,,2,1,8,0.011111,0.001299,0.002971
171,139,,5,,2,1,5,1.188694,9.156651,8.52009
171,171,,1,,2,1,1,440.843781,2325.498779,103.452601
171,171,,2,,2,1,1,2.874489,22.627478,1.108754
171,172,,1,,2,1,3,1.961353,20.157249,5.773565
171,172,,5,,2,1,3,0.058159,0.992732,0.281679
171,179,,1,,2,1,2,525.091125,5132.241699,1127.075407
171,181,,1,,2,1,1,6.551281,67.328941,5.884777
171,182,,1,,2,1,2,57.620773,26.87697,6.179757
171,183,,1,,2,1,2,0.578195,5.942234,1.16196
171,189,,1,,2,1,2,32.918087,338.306396,80.569731
171,190,,1,,2,1,3,9.701895,87.741028,30.95631
171,223,,3,,2,1,6,719.955688,5734.094727,7960.742777
171,242,,1,,2,1,5,7.455004,1.166032,0.926564
171,269,,1,,2,1,3,47.5047,125.803719,40.238783
171,271,,1,,2,1,3,3.000708,21.992468,9.848422
171,280,,2,,2,1,5,1.114476,1.193833,0.8976
171,292,,5,,2,1,3,0.195481,0.839694,0.276791
171,341,,5,,2,1,5,0.000495,6.4e-05,6e-05
171,421,,5,,2,1,5,0.140616,0.014433,0.012351
171,429,,5,,2,1,4,2.589149,2.073937,1.460176
171,479,,3,,2,1,5,10.694563,73.772079,59.645677
171,482,,1,,2,1,6,0.184381,0.129674,0.139281
171,551,,1,,2,1,2,12.010288,7.000239,0.78924
171,559,,1,,2,1,3,15.939775,163.816544,43.819992
172,50,,1,,2,1,3,0.476368,4.825113,1.969413
172,171,,1,,2,1,3,0.620634,6.378387,1.755368
172,172,,1,,2,1,1,718.147034,5539.532715,294.321439
172,172,,2,,2,1,1,0.000905,0.007187,0.000375
172,172,,3,,2,1,1,67.023651,500.02179,13.914173
172,179,,1,,2,1,2,346.428497,3363.354248,526.79668
172,182,,1,,2,1,3,0.14473,1.487423,0.386856
172,189,,1,,2,1,3,1.518349,15.604404,4.115609
172,190,,1,,2,1,3,4.52891,46.544594,18.717339
172,212,,1,,2,1,3,0.070618,0.725759,0.210797
172,219,,1,,2,1,3,0.318871,3.27711,1.081538
172,221,,3,,2,1,5,215.721863,1424.336426,1308.601433
172,223,,3,,2,1,6,566.905823,3890.279785,4036.794728
172,280,,2,,2,1,4,281.173523,2136.587646,1173.672798
172,292,,1,,2,1,1,271.814972,1959.673828,140.451863
172,299,,1,,2,1,2,41.968979,431.255737,96.713733
172,299,,3,,2,1,2,0.222526,0.181157,0.034348
172,392,,2,,2,1,4,0.151626,0.086053,0.046538
172,479,,1,,2,1,3,0.341804,3.512792,1.351485
179,11,,5,,2,1,4,14.360539,118.63446,81.417111
179,19,,5,,2,1,5,32.00441,236.888046,183.104912
179,122,,5,,2,1,7,0.363694,3.350945,5.066381
179,124,,5,,2,1,6,15.820607,126.674065,164.606507
179,129,,5,,2,1,6,46.911758,360.783417,430.361315
179,131,,2,,2,1,4,33.998875,252.120346,186.926832
179,131,,5,,2,1,5,277.89505,2101.577393,1605.857494
179,139,,2,,2,1,5,74.977325,551.04425,489.725825
179,171,,1,,2,1,2,1356.129761,12132.955078,2304.265919
179,172,,1,,2,1,2,2296.524658,20779.917969,3503.973458
179,179,,1,,2,1,2,6522.216797,61980.621094,10213.093235
179,179,,2,,2,1,2,340.053345,2801.100586,517.355399
179,181,,1,,2,1,2,0.76864,7.899486,1.614011
179,182,,1,,2,1,2,1.936686,19.903749,4.52833
179,183,,1,,2,1,3,4.274727,43.932301,13.080697
179,189,,1,,2,1,2,376.192657,2815.589355,674.963326
179,190,,1,,2,1,3,94.606201,899.717834,320.123338
179,201,,2,,2,1,3,26.665668,5.166462,2.266895
179,219,,1,,2,1,3,4.266933,43.852203,16.06947
179,221,,3,,2,1,6,885.448242,6291.072266,7042.111829
179,223,,2,,2,1,5,86.322456,653.42041,553.717465
179,223,,3,,2,1,6,754.113708,5505.921875,6819.100094
179,249,,2,,2,1,5,0.03161,0.494578,0.476456
179,269,,1,,2,1,3,0.034111,0.017095,0.007819
179,271,,3,,2,1,3,0.30267,0.080051,0.038711
179,271,,5,,2,1,4,0.01665,0.002723,0.001547
179,280,,2,,2,1,4,50.007656,397.234467,251.708517
179,292,,1,,2,1,2,129.414215,1330.018188,269.976101
179,299,,1,,2,1,3,21.0028,196.8936,63.137
179,361,,2,,2,1,5,0.418327,0.724001,0.702539
179,371,,2,,2,1,5,24.373873,213.69986,196.197532
179,379,,2,,2,1,5,5.127037,74.487885,74.343636
179,399,,1,,2,1,3,2.462796,3.445414,1.447
179,429,,5,,2,1,5,18.219366,189.412277,154.642774
179,472,,1,,2,1,3,12.690002,70.141899,28.394621
179,479,,2,,2,1,4,0.000324,0.00398,0.002018
179,479,,5,,2,1,4,0.493486,5.665073,3.011086
179,489,,2,,2,1,6,105.380783,787.052307,792.978675
179,551,,1,,2,1,3,3.4158,27.985504,7.572917
179,559,,1,,2,1,3,10.225957,105.128021,40.465491
181,171,,1,,2,1,1,25.72039,247.225906,21.888837
181,179,,1,,2,1,2,162.742691,1565.028198,354.38538
181,181,,1,,2,1,1,20.392115,155.90509,6.797184
181,181,,2,,2,1,1,10.858173,66.265465,2.943022
181,182,,1,,2,1,2,2.364515,22.738817,3.717711
181,183,,1,,2,1,2,5.219045,50.189968,6.971444
181,189,,1,,2,1,2,115.914253,1019.702148,178.431953
181,190,,1,,2,1,3,0.019415,0.221645,0.088841
181,223,,3,,2,1,6,18.939821,131.656998,187.8793
181,269,,1,,2,1,3,20.897097,204.572968,58.873774
181,319,,1,,2,1,4,0.030039,0.005254,0.0036
181,460,,1,,2,1,5,0.041621,0.168777,0.135053
181,559,,1,,2,1,3,12.011639,115.512268,37.524124
182,171,,1,,2,1,2,0.014368,0.126558,0.028121
182,179,,1,,2,1,2,38.428547,369.693329,86.521862
182,179,,5,,2,1,3,0.041922,0.368461,0.099019
182,181,,1,,2,1,2,0.560894,5.39395,0.797409
182,182,,1,,2,1,1,258.932739,1972.30542,93.715909
182,183,,1,,2,1,2,8.27642,69.923111,9.370292
182,189,,1,,2,1,2,598.814819,5750.391113,632.311322
182,212,,1,,2,1,2,0.689564,6.63133,1.005333
182,219,,1,,2,1,2,3.113678,29.943291,7.425811
182,391,,1,,2,1,2,0.111616,1.073376,0.140439
182,393,,1,,2,1,2,0.12185,1.951518,0.404437
182,394,,1,,2,1,2,1.910581,17.38743,2.251845
182,399,,1,,2,1,2,0.068984,0.704852,0.165922
182,473,,2,,2,1,3,64.996849,503.951752,225.614793
183,81,,5,,2,1,6,56.843231,410.437317,509.508134
183,129,,2,,2,1,6,0.012758,0.149892,0.1709
183,131,,2,,2,1,4,8.00196,56.029705,39.060678
183,139,,2,,2,1,5,412.999573,2286.213135,1896.387756
183,179,,2,,2,1,3,0.012152,0.137665,0.043907
183,181,,1,,2,1,2,1.635905,15.732004,2.156664
183,182,,1,,2,1,2,4.14528,39.808212,5.409291
183,183,,1,,2,1,1,180.064758,1419.231201,51.022364
183,189,,1,,2,1,2,165.905655,1562.38208,248.956087
183,201,,5,,2,1,4,0.024156,0.381418,0.243827
183,219,,5,,2,1,3,0.682348,0.135536,0.05309
183,249,,2,,2,1,4,0.064177,0.874752,0.616745
183,261,,1,,2,1,2,1.876416,18.044918,3.344927
183,269,,1,,2,1,3,38.259022,367.835144,102.734403
183,299,,5,,2,1,4,0.000113,9.3e-05,5.2e-05
183,341,,5,,2,1,5,0.0001,8.4e-05,6.4e-05
183,369,,5,,2,1,4,0.000587,8.4e-05,5.2e-05
183,379,,2,,2,1,5,22.133806,169.98938,141.4621
183,393,,1,,2,1,2,10.920433,105.018471,19.535498
183,394,,1,,2,1,2,15.254269,132.05925,16.82905
183,399,,1,,2,1,2,108.81485,1021.420471,181.274336
183,429,,5,,2,1,4,0.000124,0.000109,5.9e-05
183,472,,5,,2,1,4,0.000142,8.2e-05,4.2e-05
189,19,,2,,2,1,4,16.993942,131.022522,83.344602
189,121,,5,,2,1,5,9.49714,71.69059,69.094176
189,122,,5,,2,1,6,0.165571,2.272036,2.936366
189,123,,5,,2,1,6,15.616325,116.204178,125.27562
189,124,,1,,2,1,5,5.659116,62.39048,61.947112
189,129,,1,,2,1,5,1.205049,10.658757,9.632862
189,129,,2,,2,1,6,28.007696,243.467636,246.27416
189,131,,1,,2,1,4,9.000063,74.93486,41.665988
189,131,,2,,2,1,4,571.956482,4860.83252,2951.414775
189,131,,5,,2,1,4,2.759436,18.298903,11.393027
189,139,,2,,2,1,4,59.971153,481.983032,359.350856
189,171,,1,,2,1,2,44.009888,355.022491,82.624155
189,179,,1,,2,1,3,143.947876,1371.663818,345.723846
189,179,,5,,2,1,3,30.389629,200.089417,56.455742
189,181,,1,,2,1,2,2.970968,21.95619,3.595546
189,182,,1,,2,1,2,173.698898,1634.90686,194.430191
189,183,,1,,2,1,2,374.809479,3525.343262,552.724663
189,183,,2,,2,1,2,26.885937,214.231384,41.504194
189,189,,1,,2,1,2,2061.606201,18735.695312,2700.858116
189,189,,2,,2,1,2,311.130096,2523.702393,441.839672
189,189,,3,,2,1,2,0.000263,0.001452,0.000168
189,190,,1,,2,1,4,0.925427,13.166877,6.817464
189,201,,5,,2,1,4,0.181544,3.303012,1.959216
189,209,,1,,2,1,5,6.100065,3.016889,2.296311
189,211,,1,,2,1,2,0.000788,0.007579,0.001392
189,211,,2,,2,1,2,0.006765,0.110353,0.022643
189,212,,1,,2,1,2,12.925552,139.484695,25.145812
189,212,,2,,2,1,2,1.44408,14.676672,3.230963
189,219,,1,,2,1,3,13.853542,133.927353,35.279944
189,223,,3,,2,1,6,642.841736,4431.222168,4727.244089
189,223,,5,,2,1,5,4.5933,32.081665,30.764977
189,249,,5,,2,1,5,27.017427,204.800354,168.59166
189,261,,1,,2,1,3,0.144397,0.012232,0.003764
189,269,,1,,2,1,3,0.348571,3.405571,1.293781
189,271,,1,,2,1,4,0.289577,4.226377,2.883326
189,271,,2,,2,1,4,0.005596,0.071966,0.04833
189,291,,1,,2,1,4,0.031053,0.22629,0.117786
189,292,,1,,2,1,3,6.556512,66.247948,20.788064
189,319,,1,,2,1,5,0.05361,0.709644,0.554297
189,341,,1,,2,1,4,1.619838,20.459017,15.32283
189,362,,1,,2,1,4,0.275306,2.889416,1.524866
189,373,,1,,2,1,4,2.995021,26.959867,18.082944
189,379,,2,,2,1,5,47.882122,363.180603,296.711328
189,391,,1,,2,1,2,18.288246,146.082947,27.11079
189,393,,1,,2,1,3,14.011757,117.921616,29.667553
189,394,,1,,2,1,2,6.222386,50.594975,9.316369
189,394,,2,,2,1,2,0.088888,0.04854,0.010523
189,399,,1,,2,1,3,8.057033,53.243187,14.104342
189,399,,2,,2,1,3,0.034135,0.288214,0.085533
189,399,,5,,2,1,3,0.597935,4.427565,1.351986
189,429,,1,,2,1,4,4.64674,25.865734,14.669948
189,459,,2,,2,1,5,137.519287,1045.744263,882.673721
189,460,,1,,2,1,5,0.893308,6.810206,6.253021
189,473,,1,,2,1,3,0.000675,0.006493,0.00254
189,479,,2,,2,1,3,65.736176,559.471497,256.98607
189,486,,1,,2,1,6,0.170438,0.038244,0.040176
189,551,,1,,2,1,3,23.949751,178.518555,56.647041
189,559,,1,,2,1,3,0.101846,1.323435,0.627618
190,41,,2,,2,1,7,0.000598,0.002197,0.003741
190,81,,2,,2,1,5,14.451435,144.993668,115.118177
190,160,,1,,2,1,6,0.528289,5.981574,7.931666
190,172,,1,,2,1,3,0.028667,0.21822,0.088745
190,179,,1,,2,1,3,91.08387,779.910828,289.047358
190,182,,1,,2,1,4,0.411333,4.515378,2.350263
190,189,,1,,2,1,4,19.861103,171.702087,89.966143
190,190,,1,,2,1,2,14136.438477,132603.625,21465.53946
190,190,,2,,2,1,2,392.176819,3380.960938,662.26253
190,201,,1,,2,1,3,5.269219,56.328926,16.807041
190,209,,1,,2,1,3,23.443573,242.096848,115.727867
190,223,,3,,2,1,7,107.001328,758.496887,1140.007007
190,262,,1,,2,1,4,5.811419,16.977411,9.026234
190,271,,1,,2,1,3,8.468205,90.811119,24.821581
190,279,,1,,2,1,3,958.440186,10236.024414,3590.30969
190,280,,2,,2,1,5,0.047412,0.526802,0.510181
190,291,,1,,2,1,3,7.74331,76.741203,21.037832
190,299,,1,,2,1,3,24.061752,189.993835,69.339434
190,311,,1,,2,1,2,47.971115,350.882965,72.978215
190,311,,2,,2,1,2,7.489678,72.265221,16.408956
190,319,,1,,2,1,3,116.702934,1107.848877,394.362056
190,371,,1,,2,1,6,0.129343,1.759976,1.904172
190,380,,1,,2,1,4,9.003549,77.008881,49.93566
190,391,,1,,2,1,4,0.655732,0.296087,0.186032
190,392,,1,,2,1,4,0.074892,0.13715,0.100287
190,399,,1,,2,1,4,0.003454,0.026222,0.017718
190,409,,2,,2,1,4,0.163499,2.777844,1.961857
190,460,,1,,2,1,3,0.838375,8.504728,3.520998
190,460,,5,,2,1,3,0.0067,0.000646,0.000304
190,489,,1,,2,1,5,2.088017,0.329408,0.31229
190,489,,2,,2,1,6,38.502468,292.589813,307.002328
190,500,,1,,2,1,6,0.013042,0.24046,0.317478
190,551,,1,,2,1,3,0.268627,0.679389,0.229228
190,559,,1,,2,1,3,20.191788,180.225708,60.898779
201,50,,1,,2,1,3,45.718834,374.916382,154.451599
201,131,,2,,2,1,5,0.000665,0.006575,0.006515
201,172,,1,,2,1,3,0.302976,2.79921,0.844574
201,179,,1,,2,1,3,1.098488,10.148987,3.904675
201,190,,1,,2,1,3,3.716666,34.338463,9.704436
201,201,,1,,2,1,1,204.646774,1630.153931,66.741495
201,202,,1,,2,1,2,1.814723,21.76701,4.466466
201,209,,1,,2,1,2,273.806274,2501.571777,625.377314
201,291,,1,,2,1,1,166.37764,1162.674194,67.276734
201,291,,2,,2,1,1,14.218741,84.123299,5.174139
201,292,,1,,2,1,3,0.044475,0.410903,0.103857
201,299,,1,,2,1,2,104.369751,928.013977,194.086992
201,319,,1,,2,1,3,33.813152,312.401428,106.754249
201,371,,2,,2,1,6,34.077038,180.520248,206.796551
201,373,,2,,2,1,6,74.018265,371.980988,469.843459
201,402,,1,,2,1,3,0.235425,1.764043,0.455784
201,429,,2,,2,1,6,24.797758,133.496124,148.891116
201,429,,5,,2,1,6,0.998013,6.449049,7.210724
201,459,,5,,2,1,6,3.010538,8.113196,10.357493
202,19,,1,,2,1,5,1.001388,6.006859,5.259289
202,50,,1,,2,1,3,0.330286,3.051531,1.367736
202,172,,1,,2,1,3,0.330188,0.101393,0.049909
202,190,,1,,2,1,3,0.002958,0.044304,0.020442
202,201,,1,,2,1,2,2.303445,36.872395,7.253793
202,202,,1,,2,1,1,370.257782,2842.114746,121.927371
202,202,,2,,2,1,1,427.044586,2491.847168,114.374422
202,209,,1,,2,1,2,302.08075,2712.468506,509.187162
202,209,,2,,2,1,2,11.61162,76.88205,17.540993
202,291,,1,,2,1,2,0.399439,3.690437,0.891641
202,299,,1,,2,1,3,0.967909,0.365755,0.1279
202,311,,1,,2,1,3,0.348165,0.037976,0.012414
202,319,,1,,2,1,3,2.691711,24.868855,8.631598
202,401,,1,,2,1,2,3.00236,28.00411,4.953924
202,402,,1,,2,1,2,16.149107,110.565506,21.723853
202,409,,1,,2,1,2,1.275961,6.122609,1.415355
202,411,,2,,2,1,8,0.053872,0.492626,1.001404
202,483,,2,,2,1,5,158.147568,1142.182495,920.307968
202,483,,5,,2,1,5,147.075287,992.044067,800.606492
202,486,,2,,2,1,4,0.267823,0.051891,0.034865
202,486,,5,,2,1,4,152.467697,933.4021,628.393823
202,489,,2,,2,1,4,0.944279,0.182954,0.105531
209,41,,2,,2,1,6,59.057697,474.652557,628.603633
209,50,,1,,2,1,4,22.236559,167.092255,92.159359
209,61,,5,,2,1,7,3.902459,50.424572,83.19995
209,182,,1,,2,1,4,0.455877,0.075488,0.055579
209,182,,2,,2,1,5,0.001359,0.000263,0.00021
209,189,,2,,2,1,5,0.046173,0.78697,0.607737
209,201,,1,,2,1,2,296.180115,2320.51416,538.121428
209,202,,1,,2,1,2,685.146362,6209.856934,1176.088351
209,209,,1,,2,1,2,6367.266113,54027.445312,10891.421497
209,209,,2,,2,1,3,573.326233,3746.028564,1066.887144
209,209,,5,,2,1,2,100.991264,768.948425,177.38361
209,251,,2,,2,1,7,35.141064,204.370255,347.981312
209,291,,1,,2,1,3,3.824884,29.967098,8.094832
209,291,,2,,2,1,3,0.022987,0.206498,0.06066
209,292,,2,,2,1,4,0.001766,0.031239,0.016763
209,299,,1,,2,1,3,5.061349,46.884827,18.768496
209,311,,1,,2,1,3,552.816956,4913.736816,1504.035128
209,311,,2,,2,1,3,0.001161,0.011849,0.005141
209,319,,1,,2,1,3,29.345249,268.937378,83.299666
209,402,,1,,2,1,3,55.880371,397.777649,127.891305
209,409,,1,,2,1,3,289.178741,2091.135254,717.49133
209,409,,5,,2,1,3,6.627976,49.490139,20.518958
209,482,,2,,2,1,5,0.007611,0.001475,0.001325
209,483,,2,,2,1,5,383.086456,2219.987305,2204.095974
209,483,,5,,2,1,6,0.003116,0.044132,0.044301
209,486,,2,,2,1,5,218.822784,1278.80127,1081.516172
209,486,,5,,2,1,5,132.240585,864.194275,739.087861
209,489,,1,,2,1,4,68.515709,533.802979,326.358409
211,182,,1,,2,1,2,0.054416,0.492585,0.068066
211,183,,1,,2,1,2,0.009838,0.089058,0.019454
211,189,,1,,2,1,2,4.778742,43.257988,7.795381
211,212,,1,,2,1,2,0.222259,2.011923,0.235583
211,219,,1,,2,1,2,1.003593,9.084692,1.623777
211,223,,3,,2,1,6,0.007168,0.006078,0.007965
211,391,,1,,2,1,1,0.035976,0.325658,0.017163
211,392,,1,,2,1,3,0.002442,0.022102,0.005996
211,393,,1,,2,1,2,0.14417,1.30505,0.200627
211,394,,1,,2,1,2,0.058732,0.488821,0.052439
211,399,,1,,2,1,2,3.377905,30.53017,6.049688
211,479,,1,,2,1,3,0.010527,0.095288,0.032218
211,519,,1,,2,1,3,0.013367,0.121003,0.053592
212,61,,1,,2,1,8,0.999625,4.022662,8.621713
212,64,,1,,2,1,8,0.076262,1.002364,2.34887
212,81,,1,,2,1,6,0.439561,3.476858,3.977564
212,121,,1,,2,1,5,0.000904,0.000131,0.000101
212,129,,1,,2,1,5,0.04777,0.242598,0.18991
212,131,,1,,2,1,3,1.584945,4.495115,1.92551
212,139,,2,,2,1,4,0.001144,0.000681,0.00041
212,139,,5,,2,1,4,18.609201,119.343803,71.372168
212,171,,1,,2,1,3,0.03181,0.295342,0.102597
212,179,,1,,2,1,3,1.000306,3.253397,1.002269
212,182,,1,,2,1,2,0.790903,6.336556,0.856099
212,183,,1,,2,1,3,0.288549,0.480298,0.123297
212,189,,1,,2,1,2,66.306992,593.036499,95.361258
212,202,,1,,2,1,4,0.009487,0.100112,0.073221
212,212,,1,,2,1,1,60.895741,394.268127,12.381238
212,219,,1,,2,1,2,47.074158,325.520172,44.578013
212,230,,1,,2,1,6,0.72772,3.042518,3.55165
212,269,,1,,2,1,3,0.116365,1.121747,0.558261
212,321,,1,,2,1,7,1.194157,0.70475,1.358462
212,371,,1,,2,1,3,0.010152,0.003461,0.001588
212,372,,1,,2,1,3,0.033507,0.612298,0.281711
212,391,,1,,2,1,2,0.124652,1.435677,0.201829
212,391,,5,,2,1,2,0.878898,6.011257,0.9342
212,393,,1,,2,1,2,0.018481,0.167293,0.040902
212,394,,1,,2,1,2,0.006849,0.062001,0.011861
212,399,,1,,2,1,3,0.442519,3.956174,1.120426
212,411,,1,,2,1,8,0.000247,0.00011,0.000259
212,423,,1,,2,1,4,0.234721,0.070287,0.049277
212,429,,1,,2,1,4,0.199997,0.620965,0.358741
212,471,,1,,2,1,3,0.318772,2.667742,0.984982
212,472,,1,,2,1,2,1.999983,16.008034,3.099458
212,473,,5,,2,1,3,2.001661,14.020483,4.294659
212,479,,1,,2,1,3,1.515248,14.024793,3.779224
212,479,,5,,2,1,3,14.437883,95.799698,32.492284
212,481,,1,,2,1,6,0.041711,0.003534,0.003652
212,484,,1,,2,1,5,1.000338,6.017297,5.124129
212,519,,1,,2,1,3,7.017262,53.174133,25.471238
212,551,,1,,2,1,3,0.220119,3.970122,1.715469
219,19,,1,,2,1,3,0.077634,0.702756,0.294922
219,139,,1,,2,1,3,0.0661,0.598349,0.290133
219,171,,3,,2,1,5,210.567474,1131.087891,994.216098
219,179,,1,,2,1,3,2.76309,23.966099,8.217345
219,182,,1,,2,1,2,1.586912,14.365004,3.373403
219,183,,1,,2,1,3,0.143374,1.297849,0.447115
219,189,,1,,2,1,2,16.648335,150.701996,36.66398
219,211,,1,,2,1,2,0.001541,0.013951,0.002594
219,212,,1,,2,1,2,149.495178,1353.255981,181.1666
219,219,,1,,2,1,2,883.999146,7439.287109,1185.718944
219,219,,3,,2,1,3,71.342384,453.128418,168.235494
219,221,,3,,2,1,6,4.173508,22.359659,24.56111
219,223,,3,,2,1,6,213.008636,1432.796753,1655.552296
219,379,,1,,2,1,4,0.224602,2.033137,1.057763
219,391,,1,,2,1,2,0.00513,0.046439,0.010032
219,393,,1,,2,1,3,0.172095,1.557832,0.482593
219,394,,1,,2,1,3,0.06378,0.577349,0.155069
219,399,,1,,2,1,3,0.480865,4.352873,1.501958
219,472,,1,,2,1,2,0.093402,0.845493,0.157139
219,473,,1,,2,1,2,0.001541,0.013951,0.003198
219,479,,1,,2,1,2,4.747512,37.921623,9.211148
219,519,,1,,2,1,3,0.194803,1.763393,0.843735
221,19,,1,,2,1,3,0.016795,0.121599,0.04879
221,50,,1,,2,1,3,0.044496,0.322166,0.139984
221,221,,1,,2,1,1,0.514181,3.722878,0.102942
221,221,,3,,2,1,1,0.027527,0.007281,0.000216
221,223,,1,,2,1,1,8.820645,63.865097,5.045182
221,229,,1,,2,1,2,0.997394,7.004016,1.109143
221,280,,1,,2,1,2,0.23542,1.704539,0.42362
221,489,,1,,2,1,4,0.222578,1.487929,0.816431
222,221,,1,,2,1,2,0.047951,0.347188,0.05036
222,222,,1,,2,1,1,0.009168,0.000807,3.2e-05
222,223,,1,,2,1,2,0.822595,5.955928,1.227114
222,229,,1,,2,1,2,4.498575,32.511692,5.543695
222,280,,1,,2,1,3,0.021955,0.158962,0.058535
222,486,,1,,2,1,2,3.067669,22.211187,4.078691
222,489,,1,,2,1,3,30.766043,222.758789,98.787724
223,12,,1,,2,1,2,0.002168,0.015699,0.00249
223,19,,1,,2,1,3,0.234071,1.694774,0.584126
223,129,,1,,2,1,4,0.548727,3.973008,2.064957
223,221,,1,,2,1,1,1.5131,10.955465,0.986791
223,221,,5,,2,1,2,0.001379,0.034699,0.004107
223,223,,1,,2,1,1,25.995678,188.901978,8.623535
223,223,,2,,2,1,1,0.039057,0.923524,0.055041
223,229,,1,,2,1,2,2.845615,20.603424,4.481465
223,280,,1,,2,1,2,0.69278,5.016015,1.172319
229,50,,1,,2,1,3,4.825106,21.232689,7.097799
229,179,,5,,2,1,5,0.001256,0.00063,0.000546
229,221,,1,,2,1,2,154.431183,1118.145264,177.336966
229,223,,1,,2,1,2,53.468674,91.881668,20.017396
229,223,,3,,2,1,3,1.182587,0.513096,0.168994
229,229,,1,,2,1,2,432.399811,3041.783203,445.174021
229,229,,2,,2,1,2,8.334343,46.937992,7.917825
229,229,,3,,2,1,3,0.115911,0.781509,0.203099
229,280,,1,,2,1,3,108.703056,759.944763,218.842079
229,280,,2,,2,1,3,266.086334,2984.196533,1046.685579
229,489,,1,,2,1,3,44.963406,326.000122,150.678378
230,171,,5,,2,1,6,0.069303,1.375967,1.759158
230,230,,1,,2,1,2,10.004692,66.107132,7.960502
230,331,,1,,2,1,2,6.151,46.970463,8.698649
230,361,,1,,2,1,3,0.005001,0.103096,0.03779
230,361,,2,,2,1,3,0.031369,0.582371,0.245512
230,361,,5,,2,1,3,0.040792,0.802188,0.356016
241,201,,1,,2,1,6,0.257913,3.176841,3.601844
241,241,,1,,2,1,1,0.126768,1.500863,0.05264
241,242,,1,,2,1,1,3.037769,26.788157,1.555902
241,249,,1,,2,1,2,42.924606,379.348938,38.884455
241,342,,1,,2,1,2,1.67045,14.730636,1.700393
241,379,,1,,2,1,3,0.194961,1.60681,0.630326
241,429,,1,,2,1,2,41.168015,363.163544,68.651384
241,511,,1,,2,1,2,0.130337,1.149359,0.194863
241,519,,1,,2,1,2,11.772011,103.809883,24.906037
242,109,,1,,2,1,2,0.39612,1.388306,0.157579
242,241,,1,,2,1,1,0.001368,0.001461,7.3e-05
242,242,,1,,2,1,1,0.439805,7.016859,0.254443
242,249,,1,,2,1,2,1.999775,10.009697,1.063152
242,422,,1,,2,1,2,1.164691,0.588492,0.14229
242,429,,1,,2,1,2,10.995031,71.006523,14.499074
242,513,,1,,2,1,1,1.001414,4.001732,0.208065
242,519,,1,,2,1,2,9.003805,49.9697,10.372872
249,109,,1,,2,1,2,104.930801,789.599487,84.385201
249,242,,1,,2,1,2,2.974614,26.231234,2.760591
249,249,,1,,2,1,2,124.864601,1027.614014,118.452758
249,249,,5,,2,1,2,0.321306,5.928728,0.864527
249,342,,1,,2,1,2,6.940437,61.2033,10.119126
249,392,,1,,2,1,3,0.001936,0.002104,0.000808
249,421,,1,,2,1,2,1.24291,6.857361,1.084694
249,423,,1,,2,1,2,6.457101,47.611229,9.647067
249,429,,1,,2,1,2,88.020546,673.967834,146.448984
249,511,,1,,2,1,2,0.541528,4.775393,1.008557
249,512,,1,,2,1,2,0.393861,3.47321,0.785095
249,519,,1,,2,1,3,123.181076,1086.09729,280.649437
249,531,,1,,2,1,8,0.403852,3.182395,9.347078
251,91,,1,,2,1,2,0.00178,0.005514,0.000602
251,230,,1,,2,1,2,0.021523,0.275248,0.059658
251,251,,1,,2,1,1,16.083641,8.25612,0.344655
251,331,,1,,2,1,1,0.980408,0.088416,0.007243
251,339,,1,,2,1,2,0.00178,0.005514,0.000812
251,441,,1,,2,1,1,4.988768,0.739978,0.046364
259,61,,1,,2,1,8,0.007035,0.01952,0.057426
259,63,,1,,2,1,8,1.007444,2.003811,5.999624
259,64,,1,,2,1,8,0.070849,0.015035,0.047212
259,89,,1,,2,1,8,0.000101,5.6e-05,0.000114
259,122,,1,,2,1,6,0.017539,0.047224,0.069705
259,131,,1,,2,1,6,0.016783,0.003719,0.003899
259,171,,1,,2,1,5,0.297021,0.135797,0.128963
259,181,,1,,2,1,5,0.14622,0.367667,0.328095
259,182,,1,,2,1,5,1.00755,0.128519,0.113232
259,251,,1,,2,1,2,7.708128,4.425115,0.60172
259,261,,1,,2,1,4,0.810036,0.156389,0.11661
259,291,,1,,2,1,6,1.007532,0.12939,0.178661
259,321,,1,,2,1,8,0.661577,0.056044,0.153744
259,329,,1,,2,1,8,0.399942,0.070887,0.202094
259,341,,1,,2,1,2,0.19304,0.045497,0.008722
259,363,,1,,2,1,2,5.024331,1.035093,0.166971
259,369,,1,,2,1,2,0.009162,0.004481,0.000994
259,372,,1,,2,1,4,1.004571,0.12041,0.088684
259,391,,1,,2,1,5,0.000906,0.002857,0.00227
259,392,,1,,2,1,4,0.163891,0.030002,0.017374
259,393,,1,,2,1,4,0.337148,0.075835,0.052349
259,399,,1,,2,1,4,0.010521,0.01046,0.007112
259,429,,1,,2,1,3,0.354905,0.065227,0.023437
259,452,,1,,2,1,5,0.011979,0.001015,0.000925
259,484,,1,,2,1,7,0.10661,0.181097,0.314365
259,486,,1,,2,1,7,0.032763,0.006903,0.012663
259,488,,1,,2,1,7,0.354386,0.165215,0.329638
259,489,,1,,2,1,7,0.310844,0.060136,0.113809
259,500,,1,,2,1,2,4.010941,12.425794,2.111893
259,559,,1,,2,1,6,0.031435,0.118503,0.140866
261,109,,5,,2,1,4,6.996888,53.935467,40.281867
261,111,,5,,2,1,4,0.0001,9.4e-05,6e-05
261,122,,1,,2,1,6,0.012288,0.107368,0.143145
261,129,,5,,2,1,6,0.001526,0.000171,0.000218
261,131,,5,,2,1,5,0.386713,1.115477,0.896051
261,139,,2,,2,1,5,0.007869,0.016872,0.015937
261,139,,5,,2,1,5,1.094187,0.452234,0.428018
261,182,,1,,2,1,3,0.191783,1.742462,0.542983
261,183,,1,,2,1,2,32.063255,199.76796,35.599407
261,189,,1,,2,1,3,2.011973,18.279985,5.893831
261,241,,5,,2,1,4,0.000446,5.2e-05,3.5e-05
261,251,,5,,2,1,5,0.161065,3.155767,2.860277
261,261,,1,,2,1,1,54.192486,497.238251,21.051553
261,261,,5,,2,1,1,14.425398,132.733994,6.606279
261,262,,1,,2,1,2,5.97333,65.169472,10.402094
261,269,,1,,2,1,2,192.068832,1725.025269,368.3727
261,279,,5,,2,1,5,0.016935,0.213959,0.181869
261,341,,5,,2,1,5,0.0001,5e-05,3.8e-05
261,363,,5,,2,1,5,0.000115,7.6e-05,6e-05
261,364,,5,,2,1,3,0.546741,0.190602,0.092147
261,371,,2,,2,1,5,1.082991,14.159991,11.109182
261,372,,5,,2,1,5,0.000471,0.009424,0.007245
261,379,,5,,2,1,5,0.046887,0.540615,0.466847
261,392,,1,,2,1,2,0.105056,0.954501,0.190023
261,392,,5,,2,1,2,0.012889,0.031678,0.006391
261,393,,1,,2,1,2,0.508107,4.616457,1.033089
261,394,,1,,2,1,2,0.18831,1.710908,0.359621
261,399,,1,,2,1,2,47.432407,387.531555,79.691926
261,421,,5,,2,1,4,0.347196,0.044072,0.030088
261,422,,5,,2,1,3,0.000116,6.5e-05,2.3e-05
261,423,,5,,2,1,4,0.099854,0.514242,0.366158
261,429,,1,,2,1,3,0.008894,0.002031,0.000903
261,429,,5,,2,1,4,0.575745,0.076674,0.040433
261,472,,5,,2,1,4,0.000116,7.3e-05,4.5e-05
261,513,,5,,2,1,4,0.000131,8.8e-05,6.1e-05
261,540,,5,,2,1,3,0.0001,0.000501,0.000232
261,551,,1,,2,1,3,0.071341,0.027321,0.010766
262,171,,1,,2,1,2,0.279686,2.541115,0.567253
262,179,,1,,2,1,3,1.792317,16.152378,6.086902
262,181,,1,,2,1,2,0.025886,0.235186,0.040677
262,182,,1,,2,1,3,0.065222,0.592581,0.168289
262,183,,1,,2,1,2,4.809993,43.701683,7.272297
262,189,,1,,2,1,3,29.795321,229.678284,65.896306
262,190,,1,,2,1,4,0.075098,0.999449,0.531342
262,261,,1,,2,1,2,0.029691,0.269763,0.041396
262,262,,1,,2,1,1,8.914856,58.047989,2.600307
262,269,,1,,2,1,2,206.760056,1848.097046,324.272534
262,269,,2,,2,1,3,221.044403,1706.87146,454.242277
262,393,,1,,2,1,3,0.172798,1.569978,0.523694
262,394,,1,,2,1,3,0.064041,0.581851,0.170954
262,559,,1,,2,1,3,0.331325,3.010289,1.386201
269,81,,1,,2,1,6,0.138272,0.196063,0.247017
269,179,,1,,2,1,3,0.667895,1.435057,0.645969
269,183,,1,,2,1,2,378.41925,3436.573242,751.943769
269,183,,2,,2,1,3,14.547364,110.865479,33.490374
269,189,,1,,2,1,3,0.250009,0.161125,0.056659
269,209,,1,,2,1,5,0.085922,0.762905,0.749024
269,261,,1,,2,1,2,14.339343,128.113617,20.858336
269,262,,1,,2,1,2,65.009811,403.98111,56.93721
269,262,,2,,2,1,2,0.000366,0.004906,0.000977
269,269,,1,,2,1,2,598.085449,5155.158691,959.699354
269,269,,2,,2,1,3,23.009331,184.080185,46.990973
269,271,,1,,2,1,4,0.006361,0.007249,0.004668
269,364,,1,,2,1,4,0.069438,0.489606,0.254274
269,371,,2,,2,1,5,0.290413,1.283657,1.185777
269,379,,2,,2,1,5,344.57959,2768.505371,2720.123838
269,379,,5,,2,1,6,152.729477,1267.003174,1276.751208
269,399,,1,,2,1,3,1.40002,15.913356,5.070863
269,459,,2,,2,1,6,0.025745,0.343024,0.354457
269,559,,1,,2,1,3,124.665802,1132.66394,510.825159
271,19,,2,,2,1,6,10.707625,96.479607,114.445507
271,69,,5,,2,1,8,94.727638,745.335144,1638.408388
271,89,,1,,2,1,6,0.209364,0.050944,0.051725
271,131,,2,,2,1,6,0.005109,0.06135,0.074426
271,160,,2,,2,1,7,75.852753,736.070862,1135.207711
271,171,,1,,2,1,3,0.304396,0.078507,0.033917
271,179,,1,,2,1,4,0.416098,0.046959,0.025211
271,190,,1,,2,1,3,20.220989,209.021759,57.596513
271,190,,2,,2,1,3,0.034133,0.405735,0.132867
271,223,,2,,2,1,6,90.017296,656.057556,904.328017
271,223,,3,,2,1,7,357.223053,3167.538818,5418.058839
271,271,,1,,2,1,1,281.807587,1781.616211,89.339252
271,271,,2,,2,1,1,0.000511,0.005489,0.000326
271,271,,5,,2,1,1,268.117065,864.174866,49.524091
271,279,,1,,2,1,2,687.128235,7062.316406,1259.544547
271,279,,2,,2,1,2,0.479589,4.951504,1.036442
271,291,,2,,2,1,4,0.003233,0.027955,0.015156
271,380,,1,,2,1,3,38.00967,238.875778,104.726091
271,409,,1,,2,1,5,0.002558,0.001114,0.000904
271,409,,5,,2,1,5,0.0821,0.01172,0.011129
271,460,,1,,2,1,3,8.680174,87.978508,31.722751
271,551,,1,,2,1,3,0.036768,0.0042,0.001419
271,559,,1,,2,1,2,58.487415,558.45929,124.820949
279,41,,1,,2,1,7,6.491777,40.233402,69.197621
279,50,,2,,2,1,6,0.084049,0.417011,0.430097
279,61,,1,,2,1,7,6.227635,31.083958,57.054823
279,61,,2,,2,1,8,0.219824,0.042591,0.09438
279,62,,1,,2,1,7,0.041753,0.831135,1.503106
279,64,,1,,2,1,7,5.685177,33.487679,64.073462
279,69,,1,,2,1,7,0.229624,2.997834,5.671692
279,69,,2,,2,1,8,64.062691,561.072693,1196.309362
279,81,,1,,2,1,5,1.000181,7.003706,6.051363
279,89,,1,,2,1,5,0.17326,2.294535,2.179282
279,122,,1,,2,1,7,1.12266,11.139184,20.580991
279,124,,2,,2,1,7,17.959005,89.855995,162.94278
279,129,,1,,2,1,7,0.323608,3.57544,5.594897
279,131,,1,,2,1,6,6.949958,53.249073,65.601985
279,131,,5,,2,1,6,9.43482,44.251278,58.19221
279,171,,1,,2,1,4,11.143671,56.220196,29.305167
279,172,,1,,2,1,4,0.000357,0.001252,0.000837
279,172,,2,,2,1,4,19.98455,89.051544,64.675621
279,179,,2,,2,1,4,0.409836,0.757407,0.494718
279,182,,1,,2,1,5,9.464399,36.780624,27.643931
279,189,,1,,2,1,4,15.999083,50.00013,37.490605
279,190,,1,,2,1,3,259.903473,2078.917236,659.125273
279,201,,1,,2,1,4,0.005742,0.094101,0.048345
279,202,,2,,2,1,5,213.330688,773.407837,609.499567
279,209,,2,,2,1,5,35.451618,315.998169,247.342865
279,212,,2,,2,1,5,0.03791,0.091716,0.086575
279,229,,2,,2,1,6,0.799092,0.154824,0.208001
279,230,,1,,2,1,7,1.143923,8.02648,12.815474
279,271,,1,,2,1,2,787.060913,7774.101562,1251.043197
279,271,,2,,2,1,2,22.506195,178.822586,34.300047
279,279,,1,,2,1,2,6074.430176,57306.972656,11413.952266
279,279,,2,,2,1,3,912.151184,7718.921875,1949.128799
279,279,,5,,2,1,2,0.079608,0.841083,0.198221
279,280,,2,,2,1,6,0.600895,1.862094,2.287484
279,291,,2,,2,1,4,32.832279,171.673126,101.666953
279,329,,1,,2,1,7,5.58131,34.047337,55.51083
279,341,,1,,2,1,6,5.096454,33.194275,46.465764
279,342,,1,,2,1,6,0.309522,2.102246,3.020403
279,361,,1,,2,1,6,0.875866,0.516673,0.725879
279,363,,1,,2,1,6,0.138404,2.242134,3.198215
279,364,,1,,2,1,6,2.390796,15.922328,18.34108
279,364,,5,,2,1,6,1.63848,27.052284,31.700692
279,371,,1,,2,1,6,6.998783,22.988386,30.430837
279,372,,1,,2,1,6,0.929627,3.851247,5.057499
279,379,,1,,2,1,6,0.104589,1.098017,1.521705
279,380,,1,,2,1,3,915.938232,5198.23584,2063.87588
279,380,,2,,2,1,3,0.00996,0.143321,0.058919
279,392,,1,,2,1,5,0.293385,0.432556,0.403071
279,392,,2,,2,1,5,241.331528,1252.929565,1143.836484
279,393,,1,,2,1,5,10.683909,49.759769,45.924191
279,393,,2,,2,1,5,9.546946,45.449104,40.927546
279,399,,1,,2,1,5,0.397633,4.670189,4.154466
279,401,,2,,2,1,5,6.324906,1.225448,1.145128
279,411,,1,,2,1,7,0.570346,6.415669,10.922006
279,421,,1,,2,1,6,2.114561,16.375818,22.956129
279,422,,1,,2,1,6,1.782049,4.393884,4.835683
279,423,,1,,2,1,6,2.073293,11.962347,16.02277
279,423,,2,,2,1,6,30.948921,135.930481,194.019729
279,429,,1,,2,1,6,2.135554,17.712502,21.526153
279,441,,1,,2,1,7,4.013504,17.26852,27.266394
279,460,,1,,2,1,3,78.965813,766.566406,235.838319
279,479,,2,,2,1,6,17.995749,90.007935,98.315073
279,481,,1,,2,1,6,20.043402,62.957935,74.618566
279,484,,1,,2,1,5,0.311476,2.24458,2.238123
279,488,,2,,2,1,6,0.021172,0.284458,0.398593
279,489,,2,,2,1,6,110.20768,845.39032,1105.005473
279,491,,1,,2,1,6,1.252806,4.518144,5.337432
279,519,,1,,2,1,6,0.651952,0.420595,0.540734
279,519,,2,,2,1,6,6.491418,44.167572,60.493358
279,531,,1,,2,1,7,2.868941,15.29103,24.93062
279,531,,2,,2,1,7,143.123016,1295.846802,2291.067373
279,532,,2,,2,1,7,1275.060303,7235.325684,12932.430519
279,551,,1,,2,1,3,0.15301,2.000642,0.858495
279,559,,1,,2,1,3,27.230268,285.924957,93.533787
279,559,,2,,2,1,3,4.246187,48.106556,17.745468
280,12,,1,,2,1,2,0.006706,0.055934,0.013286
280,19,,1,,2,1,3,13.062843,81.886375,22.412276
280,50,,1,,2,1,3,1.939797,16.276819,5.010692
280,129,,1,,2,1,4,5.130601,16.725058,9.534784
280,131,,1,,2,1,3,2.621054,21.401491,8.515724
280,179,,1,,2,1,4,0.021377,0.012421,0.007105
280,179,,5,,2,1,4,0.000525,0.001559,0.001023
280,221,,1,,2,1,2,0.686743,5.728117,1.33403
280,223,,1,,2,1,2,28.770769,214.187668,47.998314
280,223,,3,,2,1,3,32.083454,223.595978,91.791904
280,229,,1,,2,1,3,7.253436,60.478806,15.602493
280,280,,1,,2,1,2,499.560486,3901.210693,593.670139
280,280,,2,,2,1,1,6.909704,43.316612,3.447186
280,280,,3,,2,1,3,21.016636,150.006836,53.315603
280,471,,1,,2,1,2,3.384558,42.14138,8.827735
280,479,,1,,2,1,3,4.981328,28.595818,10.32287
291,41,,2,,2,1,6,200.816498,1628.504028,2348.890591
291,50,,1,,2,1,3,5.971411,39.991722,16.599977
291,69,,2,,2,1,7,306.456848,2639.229248,5006.165718
291,172,,1,,2,1,3,1.067165,9.949012,2.937839
291,190,,1,,2,1,3,1.087025,6.043097,1.614504
291,201,,1,,2,1,1,1.706606,32.341381,1.736461
291,209,,1,,2,1,3,0.991613,10.979506,2.943543
291,249,,2,,2,1,6,1.540893,2.036537,2.59855
291,249,,5,,2,1,6,0.050372,0.002958,0.003768
291,291,,1,,2,1,1,9.961783,70.051521,3.597507
291,291,,2,,2,1,1,146.817291,1029.632202,60.217847
291,292,,1,,2,1,2,5.286074,3.310381,0.821876
291,299,,1,,2,1,2,0.996074,10.007519,2.03894
291,311,,1,,2,1,2,0.185018,2.233573,0.44597
291,319,,1,,2,1,3,2.192123,2.00035,0.666727
291,371,,2,,2,1,6,0.75699,9.433913,10.775467
291,402,,1,,2,1,3,0.993434,8.98019,2.506926
291,429,,2,,2,1,6,1.969678,20.968306,23.293104
291,489,,2,,2,1,4,0.348357,0.122516,0.0918
292,50,,1,,2,1,3,0.097872,0.960307,0.359974
292,172,,1,,2,1,1,41.836102,336.49762,21.065157
292,179,,1,,2,1,2,41.959404,407.144531,72.396283
292,189,,1,,2,1,3,0.32426,3.181595,0.923869
292,190,,1,,2,1,3,0.967198,9.490017,3.574388
292,219,,1,,2,1,3,0.068098,0.668173,0.230181
292,223,,3,,2,1,6,144.037827,1066.095459,1135.496229
292,291,,1,,2,1,3,1.437724,1.313086,0.329859
292,292,,1,,2,1,1,129.59903,882.480225,31.653337
292,299,,1,,2,1,2,14.185718,139.188416,25.916291
292,479,,1,,2,1,3,0.072996,0.716226,0.278238
292,489,,2,,2,1,5,0.022168,0.258679,0.232564
299,50,,1,,2,1,3,34.206654,238.835281,76.580821
299,131,,2,,2,1,5,0.010177,0.107289,0.084772
299,139,,2,,2,1,5,45.976025,369.989441,335.208601
299,172,,1,,2,1,2,43.958847,302.940002,70.382559
299,179,,1,,2,1,3,13.811697,133.037811,42.401009
299,179,,5,,2,1,3,104.474396,718.196716,263.549167
299,190,,1,,2,1,3,12.464829,122.303276,45.492475
299,201,,1,,2,1,2,1.176364,11.642661,2.550844
299,201,,2,,2,1,2,0.011779,0.213617,0.051978
299,202,,1,,2,1,3,1.811749,17.776646,6.020275
299,209,,1,,2,1,3,9.249288,90.752815,37.173782
299,221,,3,,2,1,5,18.987919,106.99984,104.82658
299,223,,1,,2,1,4,0.084331,0.902444,0.633714
299,223,,3,,2,1,6,92.021072,599.200256,659.013015
299,223,,5,,2,1,5,72.107101,500.190399,463.455275
299,229,,2,,2,1,4,0.005239,0.039303,0.027316
299,280,,2,,2,1,4,107.317024,750.636475,427.766173
299,291,,1,,2,1,2,188.977524,1639.768677,331.113281
299,291,,2,,2,1,2,9.56015,43.994991,10.316251
299,292,,1,,2,1,2,88.497833,789.658997,149.495504
299,292,,3,,2,1,2,116.623817,819.453918,158.198275
299,292,,5,,2,1,2,5.723462,0.536027,0.120209
299,299,,1,,2,1,2,1970.376343,18651.494141,3580.32401
299,299,,2,,2,1,3,707.623474,4991.588867,1284.807281
299,379,,2,,2,1,6,0.111668,0.077692,0.086554
299,409,,1,,2,1,3,1.500535,1.036931,0.436024
299,409,,2,,2,1,3,1.303942,0.252638,0.116953
299,479,,1,,2,1,3,0.62362,3.052417,1.443616
299,484,,2,,2,1,4,83.409348,714.736816,429.093538
299,484,,5,,2,1,4,256.190918,2139.825439,1309.933051
299,511,,2,,2,1,6,42.877319,325.730927,385.683408
300,41,,2,,2,1,7,2.978361,0.577056,1.050039
300,61,,1,,2,1,6,7.567548,16.231596,20.86861
300,160,,1,,2,1,3,375.612854,2165.314209,1045.441957
300,160,,2,,2,1,4,0.474365,0.76756,0.467545
300,241,,5,,2,1,8,49.615032,174.901718,390.763005
300,249,,1,,2,1,8,2.208438,6.365533,14.117696
300,279,,5,,2,1,5,63.959908,178.973068,171.872281
300,300,,1,,2,1,3,736.411682,4221.823242,1155.206855
300,300,,2,,2,1,3,2.065892,2.460782,0.796424
300,300,,5,,2,1,3,30.433521,150.116013,51.495278
300,319,,1,,2,1,5,1.109053,8.162656,7.173733
300,363,,1,,2,1,8,0.000372,9.4e-05,0.000211
300,380,,2,,2,1,4,201.308746,801.996216,465.521215
300,411,,5,,2,1,5,630.023926,4144.152832,4007.555769
300,419,,1,,2,1,5,5.855153,12.995172,10.54639
300,459,,1,,2,1,8,0.479047,5.773931,12.712075
300,460,,1,,2,1,4,0.385605,2.062159,1.443275
300,484,,1,,2,1,7,0.079803,0.467084,0.726007
300,491,,1,,2,1,4,10.002685,31.886076,19.696144
300,511,,1,,2,1,8,3.002699,6.943395,15.419062
300,531,,1,,2,1,4,0.548509,6.423343,4.795344
300,531,,2,,2,1,5,0.03361,0.006512,0.005406
300,532,,1,,2,1,5,1.797898,0.870223,0.685513
300,532,,2,,2,1,5,262.364502,1400.327881,1181.809891
300,539,,5,,2,1,5,0.001195,0.015228,0.011673
300,560,,1,,2,1,3,9.292292,53.551407,25.087001
311,19,,2,,2,1,6,15.190858,104.404793,107.27688
311,81,,5,,2,1,4,0.112907,0.265307,0.152471
311,160,,2,,2,1,6,0.001183,0.000229,0.00029
311,171,,2,,2,1,3,0.003297,0.047285,0.022965
311,172,,1,,2,1,3,0.016834,0.25668,0.121828
311,179,,1,,2,1,3,0.210584,0.266062,0.126256
311,179,,5,,2,1,4,0.014763,0.001446,0.000771
311,189,,1,,2,1,4,0.2655,0.086065,0.055102
311,190,,1,,2,1,2,227.233093,2385.257324,479.162067
311,190,,2,,2,1,2,0.417902,0.295729,0.063841
311,190,,5,,2,1,2,0.000379,9.5e-05,2.1e-05
311,201,,1,,2,1,2,0.683071,7.171472,1.475659
311,209,,1,,2,1,3,0.027512,0.003726,0.001171
311,209,,5,,2,1,3,0.010147,0.001151,0.000468
311,269,,1,,2,1,4,0.003216,0.00315,0.00233
311,279,,1,,2,1,3,6.088062,62.910084,25.551937
311,291,,1,,2,1,2,0.897673,9.424545,1.900237
311,299,,1,,2,1,3,0.003701,0.026291,0.009504
311,311,,1,,2,1,1,79.923111,634.91864,16.527236
311,311,,2,,2,1,1,15.616095,110.393562,3.458803
311,319,,1,,2,1,2,574.460693,5104.307129,953.521134
311,319,,2,,2,1,2,20.611551,207.557312,40.62266
311,319,,5,,2,1,2,11.23147,132.110733,25.954507
311,399,,5,,2,1,5,0.050849,0.487729,0.417351
311,460,,1,,2,1,3,0.077198,0.08167,0.027423
311,559,,1,,2,1,4,0.036079,0.059456,0.030248
319,61,,2,,2,1,7,3.367406,6.754314,11.666037
319,62,,1,,2,1,6,0.003922,0.077618,0.112922
319,63,,1,,2,1,7,0.044667,0.003784,0.005694
319,64,,2,,2,1,7,177.0755,1461.759766,2494.861211
319,69,,2,,2,1,7,167.696655,1252.974976,2182.137489
319,69,,5,,2,1,7,124.861946,1019.786316,1819.777592
319,81,,1,,2,1,3,151.982697,1308.027588,575.508756
319,81,,2,,2,1,3,67.629379,486.829224,234.727493
319,89,,1,,2,1,4,123.623055,1061.687012,558.462236
319,129,,1,,2,1,6,0.014517,0.00148,0.002132
319,160,,2,,2,1,6,0.130193,1.387627,1.647784
319,172,,1,,2,1,4,0.504703,0.973604,0.558803
319,179,,1,,2,1,4,6.530512,57.690708,33.773493
319,179,,2,,2,1,4,265.868011,2323.838379,1491.213964
319,182,,1,,2,1,5,0.030347,0.232704,0.177202
319,190,,1,,2,1,3,6.925602,73.329613,23.640636
319,190,,2,,2,1,3,13.50933,87.37825,31.229228
319,201,,1,,2,1,3,0.044431,0.854107,0.260193
319,201,,5,,2,1,3,6.378094,104.793877,34.72595
319,202,,1,,2,1,3,9.332098,98.061325,32.069255
319,209,,1,,2,1,3,79.496902,745.378113,222.852769
319,212,,1,,2,1,5,0.009011,0.014864,0.012384
319,271,,1,,2,1,3,0.065884,0.880537,0.43575
319,291,,1,,2,1,3,0.002278,0.028412,0.008705
319,299,,2,,2,1,4,0.259442,0.050267,0.025958
319,311,,1,,2,1,2,56.94384,405.804626,60.631457
319,311,,2,,2,1,2,198.195129,1689.375366,277.78475
319,319,,1,,2,1,2,8610.956055,82535.203125,14776.612591
319,319,,2,,2,1,2,1014.294373,8011.986328,1675.126616
319,319,,5,,2,1,2,71.344612,424.71167,82.39071
319,350,,2,,2,1,6,0.001789,0.016748,0.016966
319,361,,5,,2,1,6,77.015121,640.606323,950.161062
319,399,,1,,2,1,5,0.517294,0.899185,0.838009
319,401,,2,,2,1,4,0.000872,0.008061,0.005066
319,429,,1,,2,1,6,0.095389,1.172272,1.477129
319,460,,1,,2,1,3,26.884768,285.797699,95.718808
319,471,,5,,2,1,5,114.948227,739.548096,641.393754
319,484,,2,,2,1,5,0.0311,0.090674,0.075651
319,485,,2,,2,1,6,1.058431,0.20507,0.236067
319,489,,2,,2,1,5,19.965504,111.861748,111.367082
319,489,,5,,2,1,6,156.292892,994.673157,996.275671
319,532,,1,,2,1,7,0.341589,0.028937,0.044582
319,532,,2,,2,1,7,1.360616,0.263619,0.45087
321,321,,1,,2,1,2,0.000118,5e-05,5e-06
321,329,,1,,2,1,3,1.133663,5.349414,2.205892
321,499,,1,,2,1,3,0.950329,0.080505,0.032106
329,329,,1,,2,1,1,22.403576,104.40686,9.72115
331,251,,1,,2,1,1,0.813937,0.280782,0.024545
331,331,,1,,2,1,1,0.948342,0.080337,0.003279
331,339,,1,,2,1,1,0.001449,0.000123,1.1e-05
331,500,,1,,2,1,2,0.817814,0.28212,0.043692
339,251,,1,,2,1,2,1.22293,0.421872,0.064596
339,500,,1,,2,1,2,1.226791,0.423204,0.052099
341,92,,1,,2,1,2,1.073395,19.475439,2.071488
341,131,,1,,2,1,5,1.692499,1.040497,0.901558
341,341,,1,,2,1,1,5.811862,25.020191,0.951673
341,363,,1,,2,1,1,0.640859,4.879346,0.265387
341,559,,1,,2,1,6,1.782146,0.589846,0.653216
342,109,,1,,2,1,2,22.026932,164.936935,20.680596
342,249,,1,,2,1,2,14.998459,122.970062,19.31914
342,341,,1,,2,1,1,4.390212,35.749989,3.259648
342,342,,1,,2,1,1,3.001447,22.999783,0.703625
342,361,,1,,2,1,3,0.054875,0.055164,0.014725
342,363,,1,,2,1,2,2.992903,17.278414,2.122154
342,421,,1,,2,1,1,4.574923,34.781029,1.595187
342,429,,1,,2,1,2,57.978966,446.927673,97.131166
350,61,,5,,2,1,5,0.032663,0.355641,0.350293
350,123,,5,,2,1,7,0.03008,0.003771,0.007139
350,129,,5,,2,1,7,6.826965,0.745543,1.307637
350,202,,1,,2,1,4,0.002345,0.001682,0.001032
350,230,,5,,2,1,8,0.071046,0.741445,2.546504
350,261,,5,,2,1,7,1.6294,0.167732,0.264937
350,269,,5,,2,1,7,0.000112,5.5e-05,9e-05
350,291,,5,,2,1,5,0.000378,5.5e-05,5e-05
350,299,,5,,2,1,6,0.000104,6.4e-05,6.5e-05
350,350,,1,,2,1,2,205.725433,661.590271,134.949174
350,350,,5,,2,1,2,37.163967,287.544281,66.24298
350,363,,5,,2,1,8,0.000549,0.000141,0.000348
350,429,,5,,2,1,7,0.076721,0.011304,0.022229
350,484,,1,,2,1,4,22.186186,43.455109,25.306781
350,484,,5,,2,1,4,0.008332,0.022254,0.014971
350,513,,5,,2,1,8,0.0012,6.5e-05,0.000139
361,91,,1,,2,1,2,0.242618,1.80242,0.250947
361,92,,1,,2,1,2,0.242618,1.80242,0.25756
361,223,,2,,2,1,7,18.969551,73.983521,118.238017
361,339,,1,,2,1,2,0.242618,1.80242,0.322727
361,361,,1,,2,1,1,407.653107,2254.250488,89.761773
361,363,,1,,2,1,2,0.242618,1.80242,0.297238
361,369,,1,,2,1,2,28.572512,196.874619,32.178456
361,423,,1,,2,1,2,22.069658,136.025208,31.118803
361,423,,2,,2,1,3,6.383816,49.09309,14.105089
361,500,,1,,2,1,2,1.861661,13.83036,2.064166
362,61,,1,,2,1,8,27.024767,12.804141,32.823487
362,64,,1,,2,1,8,14.990329,10.013767,26.984586
362,122,,1,,2,1,6,3.41918,0.555422,0.764859
362,129,,1,,2,1,6,2.141158,1.340064,1.642604
362,131,,1,,2,1,5,44.013821,24.979286,22.443182
362,171,,1,,2,1,4,15.024818,8.998518,5.226551
362,179,,1,,2,1,4,38.039631,18.016918,12.757182
362,182,,1,,2,1,4,0.114515,0.010728,0.005534
362,183,,1,,2,1,3,52.054703,30.992945,12.94279
362,262,,1,,2,1,3,4.150556,6.221792,2.746389
362,362,,1,,2,1,1,105.655426,89.384918,2.500442
362,369,,1,,2,1,2,0.562102,0.047617,0.00971
362,429,,1,,2,1,2,138.245132,280.345978,62.705523
362,472,,1,,2,1,4,3.546211,1.061268,0.786152
362,484,,1,,2,1,6,32.052738,14.00598,19.378661
363,61,,1,,2,1,8,0.0001,5.4e-05,0.000154
363,63,,1,,2,1,8,0.195644,0.039659,0.114813
363,131,,1,,2,1,5,0.280636,0.243024,0.218344
363,171,,1,,2,1,5,0.001085,9.2e-05,8.2e-05
363,241,,1,,2,1,2,0.029363,0.254992,0.058344
363,341,,1,,2,1,1,1.004428,0.12477,0.006321
363,342,,1,,2,1,2,4.952686,33.51218,4.227043
363,361,,1,,2,1,2,7.086655,52.647049,9.340212
363,363,,1,,2,1,1,62.995148,20.002323,0.730357
363,421,,1,,2,1,2,0.0001,5.3e-05,6e-06
363,423,,1,,2,1,2,1.587568,11.794109,1.28037
363,429,,1,,2,1,2,10.321556,76.67926,18.998312
363,484,,1,,2,1,7,0.032688,0.057286,0.090565
363,486,,1,,2,1,7,0.001723,0.0115,0.019182
363,513,,1,,2,1,3,1.00237,0.124506,0.038466
364,362,,1,,2,1,1,4.676682,33.881653,3.062984
364,363,,1,,2,1,3,0.006708,0.111372,0.036598
364,364,,1,,2,1,1,555.581177,3540.604004,145.990298
364,369,,1,,2,1,2,130.409775,853.800476,126.538189
364,429,,1,,2,1,2,21.297298,116.489433,26.000349
369,109,,1,,2,1,3,23.704262,47.675674,18.011126
369,201,,1,,2,1,6,0.000204,0.001051,0.001272
369,361,,1,,2,1,2,16.524031,125.538147,19.430788
369,362,,1,,2,1,2,21.054182,22.611498,4.352208
369,363,,1,,2,1,3,4.373651,8.627885,2.202724
369,364,,1,,2,1,2,38.070808,163.951218,21.16633
369,369,,1,,2,1,2,92.876793,204.084549,27.487109
369,399,,1,,2,1,4,0.09565,0.008075,0.004165
369,423,,1,,2,1,2,179.617096,1334.382812,271.689368
369,429,,1,,2,1,2,2.769739,20.904827,5.135801
369,500,,1,,2,1,3,5.640167,53.145119,13.86478
371,139,,1,,2,1,3,0.8418,6.708634,2.138583
371,219,,1,,2,1,3,1.822577,14.524834,6.087481
371,371,,1,,2,1,1,16.280273,102.464752,3.668201
371,373,,1,,2,1,2,0.087873,0.700297,0.109634
371,379,,1,,2,1,2,64.319199,506.089691,95.515893
371,452,,1,,2,1,2,0.053744,0.948284,0.106034
371,479,,1,,2,1,3,3.784662,30.161463,12.161691
371,519,,1,,2,1,2,4.805994,38.300865,9.485033
372,219,,1,,2,1,3,1.256012,10.009656,4.29332
372,371,,1,,2,1,1,0.342191,2.692093,0.244894
372,372,,1,,2,1,1,0.005687,0.005176,0.000236
372,373,,1,,2,1,2,0.221413,1.764527,0.183536
372,379,,1,,2,1,2,13.961971,111.268456,20.14173
372,459,,1,,2,1,2,2.076395,16.547607,3.427165
372,511,,1,,2,1,2,0.018929,0.150853,0.034412
372,519,,1,,2,1,2,12.109585,96.506058,17.989086
372,540,,1,,2,1,3,2.076395,16.547607,4.734451
373,341,,5,,2,1,4,0.000297,5.5e-05,3.3e-05
373,371,,1,,2,1,2,0.07805,0.622007,0.094396
373,372,,1,,2,1,1,1.997867,13.996223,1.38764
373,373,,1,,2,1,1,5.284931,33.26992,1.347981
373,379,,1,,2,1,2,25.185602,185.915482,28.571643
373,511,,1,,2,1,2,0.5119,4.079536,0.683367
373,512,,1,,2,1,2,0.372312,2.967104,0.589348
373,519,,1,,2,1,2,2.803036,22.338503,4.258925
373,519,,5,,2,1,3,4.010306,23.058329,5.828998
379,131,,1,,2,1,3,30.997143,92.975952,36.670327
379,271,,1,,2,1,6,0.087142,0.87883,1.186661
379,371,,1,,2,1,2,3.707765,24.815125,4.631879
379,371,,5,,2,1,2,17.997143,141.289734,28.823847
379,372,,1,,2,1,2,0.998707,3.000731,0.517176
379,373,,1,,2,1,2,25.29081,168.240326,22.815233
379,379,,1,,2,1,2,1545.98877,9060.382812,1628.376422
379,379,,2,,2,1,2,52.039051,371.119843,75.940945
379,459,,1,,2,1,2,22.005934,94.919037,21.264318
379,479,,1,,2,1,4,18.898054,150.606064,79.132985
379,511,,1,,2,1,2,0.265699,2.117462,0.489224
379,512,,1,,2,1,2,0.255402,2.135763,0.500031
379,519,,1,,2,1,3,85.25724,640.222473,166.373304
380,49,,2,,2,1,8,6.000336,61.004677,126.965134
380,50,,1,,2,1,6,0.000111,0.000699,0.000812
380,50,,5,,2,1,6,0.000143,0.001291,0.001754
380,64,,2,,2,1,8,16.447969,57.493752,119.26487
380,69,,2,,2,1,8,0.350047,1.382547,2.771384
380,89,,5,,2,1,6,0.000789,8.8e-05,0.000108
380,122,,2,,2,1,8,0.017788,0.150135,0.339971
380,160,,1,,2,1,5,0.671541,0.963993,0.957404
380,171,,2,,2,1,5,151.636627,638.193237,539.591128
380,171,,5,,2,1,5,23.217472,108.858978,93.307128
380,179,,1,,2,1,5,0.045607,0.003957,0.00374
380,183,,5,,2,1,6,3.874567,20.795437,21.148685
380,190,,1,,2,1,4,0.724901,0.081957,0.051768
380,190,,2,,2,1,4,170.983658,634.052856,445.149212
380,209,,1,,2,1,5,0.996288,4.001953,3.083719
380,262,,1,,2,1,6,0.226262,0.329372,0.349295
380,271,,1,,2,1,3,425.953613,2131.879395,880.47149
380,271,,2,,2,1,3,129.79364,581.700623,245.603765
380,271,,5,,2,1,3,15.002601,85.001411,36.64842
380,279,,1,,2,1,3,171.829269,791.067932,287.040175
380,279,,2,,2,1,3,34.18924,136.214935,52.005231
380,279,,5,,2,1,3,6.955505,38.539307,15.585994
380,291,,1,,2,1,5,0.375291,0.039948,0.030679
380,291,,5,,2,1,5,3.601758,18.071945,16.392531
380,292,,5,,2,1,6,76.999779,367.045776,384.241644
380,300,,1,,2,1,4,0.000146,0.002569,0.001499
380,311,,1,,2,1,4,0.076353,0.998156,0.579267
380,311,,5,,2,1,4,79.251747,367.305664,241.668713
380,341,,2,,2,1,7,48.124352,230.142822,401.590603
380,350,,2,,2,1,7,21.529762,139.982361,229.129374
380,361,,2,,2,1,7,8.429447,36.176571,60.521947
380,371,,2,,2,1,7,123.964897,534.942505,926.505258
380,380,,1,,2,1,2,3987.807373,30410.605469,5881.061589
380,380,,2,,2,1,2,901.455627,3697.349609,886.284872
380,380,,5,,2,1,2,12.006796,118.094696,26.840381
380,391,,1,,2,1,6,0.643492,0.070394,0.083555
380,401,,5,,2,1,6,3.000545,30.007172,37.710371
380,402,,1,,2,1,5,0.058056,0.584232,0.584117
380,411,,1,,2,1,6,0.488891,1.326185,1.867724
380,411,,2,,2,1,6,0.148499,0.43354,0.646224
380,411,,5,,2,1,7,1.676738,21.788176,32.835378
380,423,,2,,2,1,7,12.472636,45.095497,77.294152
380,460,,1,,2,1,3,266.625885,2188.184326,736.043982
380,471,,2,,2,1,6,0.118105,0.022883,0.029464
380,472,,1,,2,1,6,1.741785,0.18088,0.239643
380,479,,2,,2,1,6,0.002448,0.001005,0.001388
380,484,,2,,2,1,6,0.489187,0.602597,0.878181
380,484,,5,,2,1,6,2.130558,2.323436,3.418916
380,489,,5,,2,1,7,0.002681,0.000274,0.000448
380,519,,5,,2,1,7,40.230804,109.428391,184.458879
380,531,,2,,2,1,6,42.983471,273.920135,392.030379
380,531,,5,,2,1,6,1.459729,13.13547,19.002641
380,532,,2,,2,1,6,317.154022,1905.04834,2758.200609
380,532,,5,,2,1,6,10.038899,98.24192,143.948821
380,539,,2,,2,1,6,151.014038,901.888062,1125.64984
380,551,,5,,2,1,4,92.805069,529.97699,395.626142
380,559,,2,,2,1,4,61.98679,425.96051,260.992046
391,179,,2,,2,1,3,3.731425,19.652796,7.229748
391,182,,1,,2,1,2,6.802688,64.984772,7.965822
391,189,,1,,2,1,2,2.664883,18.251471,3.145592
391,212,,1,,2,1,2,3.319236,31.708029,4.460092
391,219,,1,,2,1,2,14.962268,142.931686,30.167456
391,223,,3,,2,1,6,16.994017,117.904999,154.701228
391,341,,1,,2,1,4,0.608874,1.157656,0.749826
391,391,,1,,2,1,1,0.536352,5.123665,0.153411
391,393,,1,,2,1,2,17.99229,171.876907,21.03601
391,394,,1,,2,1,1,6.668135,63.699413,4.117156
391,399,,1,,2,1,2,50.276234,480.269287,81.507268
392,50,,1,,2,1,5,0.042705,0.1066,0.093491
392,69,,1,,2,1,8,0.000121,0.000191,0.000473
392,139,,1,,2,1,5,0.114585,1.29343,1.027511
392,189,,1,,2,1,3,0.0001,5.4e-05,1.8e-05
392,190,,1,,2,1,5,0.003312,0.004091,0.0031
392,201,,1,,2,1,5,0.0001,0.00021,0.000174
392,212,,1,,2,1,3,0.007575,0.017201,0.006237
392,299,,1,,2,1,4,0.134012,1.322895,0.955633
392,331,,1,,2,1,4,1.02273,2.951094,2.065612
392,361,,5,,2,1,4,0.810989,9.310259,4.969182
392,369,,1,,2,1,3,0.491595,0.449359,0.184224
392,379,,2,,2,1,5,42.32967,316.394745,241.585433
392,392,,1,,2,1,1,21.057444,130.815521,6.786477
392,392,,2,,2,1,1,26.0357,210.938644,12.314489
392,392,,5,,2,1,1,0.000437,0.000222,1.3e-05
392,393,,1,,2,1,2,10.541897,96.145752,13.467765
392,399,,1,,2,1,2,130.697281,1168.123535,169.089467
392,429,,1,,2,1,3,52.473808,387.732361,105.895829
392,559,,1,,2,1,4,0.001832,0.003285,0.002119
393,131,,2,,2,1,4,0.024725,0.254086,0.161401
393,131,,5,,2,1,4,7.200737,54.290565,34.773386
393,139,,2,,2,1,5,3.739319,22.389729,17.051361
393,139,,5,,2,1,5,7.043027,50.17334,38.253688
393,183,,1,,2,1,2,23.216862,221.924408,40.441002
393,189,,1,,2,1,2,0.022617,0.224169,0.05278
393,189,,2,,2,1,3,12.404397,81.953995,23.465703
393,189,,5,,2,1,3,0.029754,0.334785,0.09634
393,219,,1,,2,1,3,24.125147,228.918961,65.706679
393,219,,5,,2,1,3,0.003847,0.044138,0.015663
393,379,,2,,2,1,4,206.965775,1544.875,1059.493498
393,391,,1,,2,1,2,0.829095,7.919205,0.822553
393,392,,1,,2,1,2,5.749776,54.926514,8.298102
393,393,,1,,2,1,1,214.449646,1817.584961,98.423845
393,393,,2,,2,1,1,4.477129,34.844372,2.007703
393,394,,1,,2,1,1,67.056221,592.664062,48.27252
393,399,,1,,2,1,2,449.051178,3952.802246,492.402568
393,429,,2,,2,1,3,0.035307,0.365211,0.173264
393,459,,2,,2,1,4,219.785019,1535.881348,1116.401697
393,479,,2,,2,1,4,3.660281,22.651325,12.01776
393,479,,5,,2,1,4,7.424438,52.404915,28.759731
393,511,,1,,2,1,3,0.999437,6.997086,3.475142
393,519,,5,,2,1,4,0.001997,0.000364,0.000188
394,131,,1,,2,1,4,1.412306,8.291214,4.491468
394,131,,2,,2,1,4,0.0083,0.072172,0.041865
394,182,,1,,2,1,2,5.642055,53.897465,7.237657
394,183,,1,,2,1,2,12.453354,118.9645,16.395799
394,189,,1,,2,1,2,144.66394,1382.899658,252.729237
394,212,,1,,2,1,2,2.752928,26.298199,4.875708
394,219,,1,,2,1,3,12.43065,118.747612,30.484398
394,391,,1,,2,1,1,1.086945,10.383378,0.656979
394,393,,1,,2,1,1,48.769207,452.474609,43.268818
394,394,,1,,2,1,1,241.531143,1843.182983,59.655872
394,399,,1,,2,1,2,117.887505,1095.317017,155.889773
399,19,,1,,2,1,4,0.238826,1.862346,1.354755
399,64,,5,,2,1,8,0.000263,8.4e-05,0.000213
399,81,,1,,2,1,6,0.299189,1.876495,2.45637
399,122,,5,,2,1,6,0.756356,1.328171,1.896817
399,131,,1,,2,1,4,1.683866,0.164246,0.107361
399,131,,2,,2,1,4,0.001186,0.011494,0.008198
399,139,,2,,2,1,5,0.013139,0.189371,0.161894
399,171,,1,,2,1,3,0.091985,1.095278,0.354021
399,171,,2,,2,1,3,0.002964,0.021334,0.006612
399,182,,1,,2,1,2,0.099516,0.075298,0.017839
399,182,,5,,2,1,2,469.072906,2831.067383,686.377268
399,183,,1,,2,1,2,229.855896,2079.742676,296.25313
399,189,,1,,2,1,3,29.953796,221.101639,57.156246
399,189,,2,,2,1,3,168.793442,1084.71936,300.981191
399,209,,1,,2,1,5,0.140748,2.420388,2.306357
399,209,,5,,2,1,5,0.00123,0.000175,0.000169
399,211,,1,,2,1,2,0.302227,4.854822,1.028132
399,212,,1,,2,1,3,0.005672,0.007433,0.002263
399,219,,1,,2,1,3,0.013961,0.188774,0.068937
399,249,,1,,2,1,4,0.270807,1.585318,0.797007
399,249,,5,,2,1,4,0.000101,6.9e-05,4.1e-05
399,262,,1,,2,1,3,1.39916,0.262059,0.065923
399,269,,1,,2,1,3,5.468848,40.549122,12.892093
399,361,,1,,2,1,4,0.03604,0.522391,0.325368
399,369,,1,,2,1,4,0.15553,0.033735,0.017059
399,369,,5,,2,1,4,0.000306,6.9e-05,3.7e-05
399,371,,5,,2,1,4,0.000125,0.001674,0.001198
399,372,,1,,2,1,3,0.022519,0.319527,0.158071
399,379,,2,,2,1,5,58.947979,435.895294,331.498492
399,391,,1,,2,1,2,96.40052,549.952271,100.888631
399,392,,1,,2,1,2,159.627518,1305.391846,176.420612
399,393,,1,,2,1,2,293.513214,2454.208008,336.441319
399,393,,2,,2,1,2,27.566706,216.468323,32.883347
399,394,,1,,2,1,2,126.477371,1052.72876,143.966259
399,399,,1,,2,1,2,1547.586548,12751.526367,1769.010875
399,399,,2,,2,1,2,4.331145,36.99189,5.928973
399,422,,1,,2,1,2,17.991491,51.97086,11.753476
399,429,,1,,2,1,3,4.986494,17.992346,6.519373
399,451,,5,,2,1,5,0.006725,0.112273,0.101336
399,459,,1,,2,1,4,0.004784,0.005205,0.003514
399,479,,1,,2,1,4,0.096275,0.042502,0.022421
399,511,,1,,2,1,4,0.070897,0.135354,0.074968
399,513,,1,,2,1,3,3.994803,12.873555,6.040272
399,519,,1,,2,1,3,0.027957,0.146956,0.071505
399,519,,5,,2,1,4,0.992409,12.429106,7.468652
399,540,,1,,2,1,3,12.000268,41.998894,12.728317
401,50,,1,,2,1,3,12.236451,9.059533,3.229225
401,201,,1,,2,1,3,0.000203,0.003615,0.001229
401,202,,1,,2,1,2,0.226773,1.956073,0.337172
401,209,,1,,2,1,3,1.313061,10.009038,3.179403
401,319,,1,,2,1,3,26.456877,252.099258,125.663458
401,401,,1,,2,1,1,20.478605,125.581917,4.126986
401,402,,1,,2,1,2,72.265228,631.600525,83.10122
401,409,,1,,2,1,2,22.464882,184.561157,25.315302
401,484,,1,,2,1,2,2.469336,20.058165,4.413499
401,489,,1,,2,1,3,3.305565,26.606714,10.169133
402,50,,1,,2,1,3,0.044912,0.387398,0.106623
402,201,,1,,2,1,2,0.041331,0.356504,0.08812
402,202,,1,,2,1,2,0.064511,0.556449,0.107575
402,209,,1,,2,1,3,9.826215,84.796165,27.65735
402,221,,3,,2,1,5,195.867905,1181.786499,986.14139
402,223,,3,,2,1,5,253.20282,1491.057617,1424.207582
402,291,,1,,2,1,3,0.054315,0.468508,0.132632
402,299,,1,,2,1,3,0.138995,1.198932,0.379412
402,401,,1,,2,1,2,1.635924,14.110979,1.820119
402,402,,1,,2,1,1,10.676809,79.852165,3.711105
402,402,,3,,2,1,1,70.965836,420.628906,17.464035
402,409,,1,,2,1,2,2.998046,18.997469,3.311989
402,484,,1,,2,1,3,0.031371,0.270594,0.078196
402,489,,1,,2,1,3,0.207223,1.787443,0.83159
409,182,,1,,2,1,5,0.011391,0.001222,0.000984
409,201,,1,,2,1,3,2.982789,20.01055,7.318697
409,202,,1,,2,1,2,447.014465,3855.76123,932.229914
409,209,,1,,2,1,3,23.557932,197.341095,68.853408
409,271,,1,,2,1,5,0.003063,0.000433,0.000358
409,299,,1,,2,1,3,0.056317,0.029767,0.013323
409,319,,1,,2,1,4,10.010744,92.966843,50.118731
409,402,,1,,2,1,2,440.956848,1930.485718,346.543597
409,409,,1,,2,1,2,179.869293,1379.888306,261.523454
409,484,,1,,2,1,3,2.159596,18.609953,4.732177
409,489,,1,,2,1,3,73.776527,614.3703,246.3752
409,559,,1,,2,1,5,0.011877,0.001183,0.001091
411,411,,1,,2,1,1,7.99948,30.997181,1.291524
411,419,,1,,2,1,2,1.000457,2.00058,0.420791
411,531,,1,,2,1,2,10.786445,65.07029,12.449363
411,539,,1,,2,1,3,4.713897,28.437046,8.040521
419,61,,1,,2,1,5,8.372602,2.335615,2.047356
419,64,,1,,2,1,4,0.27111,0.03249,0.01733
419,69,,1,,2,1,4,0.01252,0.04333,0.021669
419,81,,1,,2,1,6,0.369745,0.036511,0.045344
419,89,,5,,2,1,7,0.000203,0.00011,0.00017
419,121,,1,,2,1,8,1.570644,0.171298,0.500796
419,160,,1,,2,1,4,0.003094,0.037094,0.02048
419,171,,1,,2,1,8,7.263193,3.057735,6.382663
419,179,,1,,2,1,8,17.032755,3.878778,8.019171
419,189,,1,,2,1,8,2.443777,0.214259,0.479696
419,242,,1,,2,1,8,0.600235,0.078077,0.225246
419,342,,1,,2,1,8,1.724999,0.361207,1.087775
419,363,,1,,2,1,8,2.752905,2.381122,6.958894
419,371,,1,,2,1,8,1.922531,1.100399,3.004421
419,392,,1,,2,1,8,9.198704,2.910147,7.146228
419,411,,1,,2,1,2,0.194695,2.55158,0.447566
419,419,,1,,2,1,2,521.138062,2406.672607,553.334789
419,423,,1,,2,1,8,1.20296,0.680243,1.918172
419,484,,1,,2,1,8,10.106774,2.517699,5.165341
419,486,,1,,2,1,8,1.497033,0.305529,0.696038
419,531,,1,,2,1,3,0.056581,0.753403,0.252874
419,532,,1,,2,1,2,155.10733,935.700195,185.774545
419,539,,1,,2,1,3,0.001934,0.01774,0.0066
419,559,,1,,2,1,7,0.379341,0.476005,0.947603
421,101,,1,,2,1,1,0.302159,0.303537,0.020363
421,109,,1,,2,1,2,0.001682,0.01366,0.001712
421,242,,1,,2,1,2,0.027104,0.220098,0.033953
421,251,,1,,2,1,3,4.028077,6.758703,2.29638
421,262,,1,,2,1,4,6.046644,7.256959,5.170583
421,341,,1,,2,1,1,7.078055,14.062866,1.25572
421,342,,1,,2,1,1,142.310959,1155.625366,59.468106
421,361,,1,,2,1,3,0.472975,3.84076,1.063182
421,369,,1,,2,1,3,0.519031,4.214753,1.160829
421,393,,1,,2,1,4,5.391358,5.410144,2.710052
421,421,,1,,2,1,1,5.825758,9.322397,0.279347
421,429,,1,,2,1,2,6.306892,8.564933,1.547315
421,479,,1,,2,1,5,6.068144,7.722369,6.065538
421,512,,1,,2,1,3,0.009036,0.073376,0.022534
421,519,,1,,2,1,3,6.904665,15.638984,5.258234
422,242,,1,,2,1,3,0.018299,0.148595,0.037463
422,249,,1,,2,1,3,1.228658,9.977225,2.829786
422,362,,1,,2,1,2,0.03126,0.253842,0.05464
422,392,,1,,2,1,2,0.661074,5.368204,0.745671
422,393,,1,,2,1,2,0.669263,5.434697,1.127141
422,399,,1,,2,1,2,54.23135,440.381561,94.941079
422,422,,1,,2,1,1,0.021978,0.001862,9e-05
422,429,,1,,2,1,2,7.163567,58.1712,10.847517
422,511,,1,,2,1,3,0.008388,0.068112,0.024349
422,519,,1,,2,1,3,0.757574,6.151824,2.108897
423,91,,1,,2,1,2,0.128634,0.012779,0.002968
423,92,,1,,2,1,2,0.146521,2.990891,0.50998
423,241,,1,,2,1,2,0.351032,1.592497,0.243086
423,242,,1,,2,1,2,0.542307,2.039596,0.398134
423,249,,1,,2,1,2,2.469397,8.315596,1.566593
423,251,,1,,2,1,3,0.083139,0.777976,0.2599
423,341,,1,,2,1,1,0.000628,0.003736,0.000278
423,342,,1,,2,1,1,0.769891,3.599458,0.333611
423,361,,1,,2,1,2,0.65489,5.317981,1.323539
423,364,,1,,2,1,3,0.182083,0.69953,0.189191
423,421,,1,,2,1,1,0.840754,0.915518,0.051131
423,422,,1,,2,1,3,0.406642,2.678402,0.826159
423,423,,1,,2,1,1,6.068457,48.016891,1.588806
423,429,,1,,2,1,2,73.444504,482.869019,79.004983
423,500,,1,,2,1,3,0.045868,0.372469,0.138425
423,519,,1,,2,1,3,0.074035,0.315405,0.113718
429,241,,1,,2,1,2,1.908645,12.882896,1.984219
429,242,,1,,2,1,2,0.891211,7.237008,1.316422
429,249,,1,,2,1,2,23.166412,125.604744,26.159802
429,249,,5,,2,1,2,9.998916,69.83432,16.66371
429,341,,1,,2,1,2,0.076744,0.058709,0.010668
429,342,,1,,2,1,2,0.459946,3.734955,0.645074
429,362,,1,,2,1,3,1.522441,12.362866,3.116811
429,364,,1,,2,1,2,0.107952,1.625866,0.375506
429,369,,1,,2,1,2,0.682596,0.232265,0.057405
429,399,,1,,2,1,3,10.512237,93.479988,36.678937
429,421,,1,,2,1,2,4.998221,33.998562,4.760677
429,422,,1,,2,1,2,2.804155,4.191589,0.90607
429,422,,5,,2,1,3,0.001005,0.000281,7.6e-05
429,423,,1,,2,1,2,64.703285,525.418091,67.521223
429,429,,1,,2,1,2,670.689636,5069.312012,693.238931
429,429,,5,,2,1,2,7.638877,61.494884,11.01636
429,511,,1,,2,1,3,0.035887,0.29142,0.087763
429,519,,1,,2,1,3,12.854935,80.239357,26.88532
441,251,,1,,2,1,1,0.164874,0.236907,0.01529
441,500,,1,,2,1,2,0.092008,0.132206,0.032566
451,139,,1,,2,1,3,0.44371,3.631237,0.994879
451,451,,1,,2,1,1,3.74175,23.207235,0.383435
451,459,,1,,2,1,2,2.762398,22.606949,2.593229
452,131,,1,,2,1,2,7.07774,5.245548,0.842602
452,139,,1,,2,1,2,0.802853,6.570396,1.520808
452,371,,1,,2,1,2,0.065883,0.539173,0.064479
452,379,,1,,2,1,3,10.97389,38.487774,9.814311
452,459,,1,,2,1,2,0.108137,0.040167,0.006162
452,479,,1,,2,1,3,0.283018,2.316166,0.80562
459,19,,1,,2,1,3,0.001994,0.005024,0.002236
459,129,,1,,2,1,3,0.029073,0.052216,0.025465
459,139,,1,,2,1,3,3.197279,25.876909,6.959985
459,371,,1,,2,1,2,0.259011,2.119695,0.264986
459,379,,1,,2,1,2,15.220841,107.29071,23.77975
459,379,,2,,2,1,3,0.415756,0.105162,0.027407
459,451,,1,,2,1,2,88.046303,720.728699,85.366446
459,459,,1,,2,1,1,249.043564,1903.432861,181.714958
459,473,,1,,2,1,3,7.452602,60.990692,18.357083
459,511,,1,,2,1,3,0.002474,0.000233,8.2e-05
460,41,,2,,2,1,7,13.94366,114.341957,215.198646
460,69,,2,,2,1,8,133.852554,870.342957,1751.361369
460,69,,5,,2,1,8,5.790909,45.687458,93.823361
460,160,,1,,2,1,6,2.000442,21.056967,22.578122
460,171,,2,,2,1,4,457.477783,2420.903564,1766.671835
460,190,,1,,2,1,3,320.64502,2763.487549,1040.457567
460,190,,2,,2,1,3,3.325035,30.587963,13.477409
460,201,,5,,2,1,4,30.828272,151.015198,83.888557
460,271,,1,,2,1,3,75.978455,460.272552,148.180783
460,271,,5,,2,1,3,231.965958,1059.844849,372.049777
460,279,,1,,2,1,3,188.888641,34.030018,10.548573
460,279,,2,,2,1,3,75.087967,384.617493,156.449753
460,279,,5,,2,1,3,45.079243,290.064758,108.291076
460,291,,5,,2,1,4,20.373726,143.950912,80.608905
460,292,,2,,2,1,5,0.008198,0.129308,0.107218
460,300,,1,,2,1,5,0.642994,2.561861,1.951511
460,311,,1,,2,1,3,17.974958,113.013962,33.534426
460,319,,1,,2,1,3,383.125427,4066.321289,1324.167022
460,319,,2,,2,1,3,0.007513,0.143429,0.063083
460,379,,1,,2,1,7,0.212928,3.472175,5.252586
460,379,,5,,2,1,7,3.336872,46.745384,79.42732
460,380,,1,,2,1,3,265.694855,2848.795166,1009.321034
460,429,,5,,2,1,6,9.481952,40.233746,57.363573
460,460,,1,,2,1,2,2944.21167,29984.357422,5373.56104
460,460,,2,,2,1,2,823.272827,6068.565918,1348.868679
460,479,,5,,2,1,6,62.826408,272.025818,338.546235
460,483,,5,,2,1,7,4.219808,28.947655,45.301927
460,485,,5,,2,1,6,40.602871,242.600449,362.793691
460,499,,1,,2,1,6,1.994977,20.062889,20.771859
460,531,,2,,2,1,7,121.030922,1097.335083,1870.34395
460,531,,5,,2,1,7,16.980898,107.522926,181.346302
460,532,,1,,2,1,6,1.062341,6.3245,9.416926
460,539,,2,,2,1,7,40.022579,338.603577,517.005856
460,559,,1,,2,1,4,0.002144,0.021214,0.010669
460,559,,2,,2,1,4,21.094948,88.204536,49.689983
471,50,,1,,2,1,2,17.865438,161.793045,30.684094
471,219,,1,,2,1,3,0.428069,3.876684,1.357002
471,223,,3,,2,1,4,279.37735,1979.717041,1319.40231
471,280,,1,,2,1,2,2.928877,26.524508,5.136558
471,299,,1,,2,1,3,1.904026,17.243246,6.026061
471,471,,1,,2,1,1,45.005493,286.377472,7.75804
471,471,,2,,2,1,1,0.005513,0.001068,3e-05
471,479,,1,,2,1,2,18.953945,175.39563,41.555604
472,19,,1,,2,1,3,6.336789,57.387249,15.825961
472,19,,5,,2,1,3,1.669386,13.437697,4.200451
472,131,,2,,2,1,3,6.00582,57.03054,17.65696
472,190,,5,,2,1,5,0.000117,0.000157,0.000127
472,219,,1,,2,1,2,48.17239,425.051147,81.943584
472,279,,5,,2,1,6,0.033308,0.548322,0.571365
472,471,,1,,2,1,2,0.000821,0.014422,0.003077
472,472,,1,,2,1,1,3.179071,27.681112,1.298787
472,473,,1,,2,1,2,0.288531,3.963862,0.768383
472,479,,1,,2,1,2,47.360214,428.857666,64.864665
473,131,,1,,2,1,2,0.02117,0.191722,0.04368
473,139,,1,,2,1,3,0.441476,3.9981,1.349397
473,219,,1,,2,1,2,1.353046,12.253458,2.702295
473,379,,1,,2,1,3,2.123477,19.230639,6.651429
473,479,,1,,2,1,2,1.450354,13.134697,2.760874
473,519,,1,,2,1,3,1.841747,16.679239,5.618023
479,19,,1,,2,1,3,133.87468,913.375427,269.729444
479,123,,5,,2,1,5,21.51836,164.912613,132.166576
479,131,,1,,2,1,3,7.001326,53.983391,15.12521
479,139,,1,,2,1,3,299.138397,1643.039551,641.891237
479,219,,1,,2,1,2,12.673603,114.774727,28.545675
479,223,,3,,2,1,5,126.994316,889.136047,757.191554
479,280,,2,,2,1,3,41.000076,289.290283,109.06174
479,361,,5,,2,1,6,2.16036,26.916473,30.730558
479,379,,1,,2,1,4,1.000286,5.002294,2.606323
479,471,,1,,2,1,2,21.100613,148.666855,31.715837
479,472,,1,,2,1,2,9.036794,81.83905,12.302376
479,473,,1,,2,1,2,0.000772,0.006994,0.001517
479,479,,1,,2,1,2,464.605927,3959.739258,722.110029
481,280,,1,,2,1,4,0.022144,0.158595,0.0989
481,409,,1,,2,1,3,1.021028,8.750045,3.852477
481,481,,1,,2,1,1,18.595512,141.489319,4.403094
481,483,,1,,2,1,2,4.301997,28.402752,5.786765
481,484,,1,,2,1,2,2.19188,16.811338,3.82934
481,486,,1,,2,1,2,12.641579,96.421783,16.44125
481,488,,1,,2,1,1,2.99899,19.003569,1.780481
481,489,,1,,2,1,3,73.837517,547.761292,144.213934
482,221,,1,,2,1,2,0.066008,0.504431,0.100508
482,229,,1,,2,1,2,0.723476,5.528781,1.1594
482,280,,1,,2,1,3,0.030222,0.230956,0.098237
482,292,,1,,2,1,5,17.596624,233.305389,185.40584
482,481,,1,,2,1,3,0.008229,0.062888,0.016108
482,482,,3,,2,1,1,57.19659,518.305542,9.819561
482,484,,1,,2,1,3,0.128765,0.984018,0.313486
482,489,,1,,2,1,3,5.007059,38.491116,14.773641
482,489,,2,,2,1,3,0.157709,1.732586,0.698767
483,481,,1,,2,1,2,17.237429,131.727936,26.462735
483,483,,1,,2,1,1,100.498451,679.576233,24.931493
483,486,,1,,2,1,2,3.502675,26.767342,6.100906
483,489,,1,,2,1,3,83.838028,637.411926,235.223449
483,489,,2,,2,1,3,0.024897,0.004824,0.002031
484,50,,1,,2,1,3,5.500756,31.708351,11.510119
484,81,,1,,2,1,5,338.015167,2142.050781,1813.543675
484,131,,1,,2,1,5,97.205498,23.871843,19.824293
484,402,,1,,2,1,3,2.234946,13.618482,3.715743
484,409,,1,,2,1,3,27.299181,216.056137,54.145724
484,481,,1,,2,1,2,0.156173,1.193467,0.282884
484,484,,1,,2,1,1,381.365356,2041.267822,126.842053
484,484,,2,,2,1,1,43.292744,304.781677,22.485514
484,486,,1,,2,1,3,0.708277,0.13375,0.03658
484,489,,1,,2,1,3,115.555107,877.247192,244.99416
485,49,,1,,2,1,4,0.005853,0.04473,0.023732
485,350,,1,,2,1,3,0.002923,0.022339,0.006561
485,485,,1,,2,1,1,0.00075,0.01519,0.000972
485,489,,1,,2,1,4,0.139643,1.067151,0.563906
486,229,,1,,2,1,3,2.20201,16.827696,4.879996
486,481,,1,,2,1,2,0.145974,1.115532,0.187196
486,482,,1,,2,1,2,24.497219,187.207047,20.360485
486,483,,1,,2,1,2,0.345448,2.639906,0.59637
486,484,,1,,2,1,3,2.284085,17.454912,4.800444
486,486,,1,,2,1,1,189.97963,892.028015,42.24815
486,486,,2,,2,1,1,31.010721,123.03228,6.976069
486,489,,1,,2,1,3,139.248718,1060.419556,346.03124
487,61,,1,,2,1,6,28.381676,242.416672,336.572816
487,171,,1,,2,1,6,30.838121,296.617493,409.807136
487,201,,1,,2,1,5,0.980118,13.934352,13.221138
487,481,,1,,2,1,2,0.003592,0.027454,0.006745
487,483,,1,,2,1,2,0.008502,0.064969,0.009467
487,484,,1,,2,1,3,0.14756,1.970426,0.907033
487,486,,1,,2,1,3,3.206254,61.306786,20.381621
487,487,,1,,2,1,1,0.000331,0.000133,3e-06
487,489,,1,,2,1,3,0.059854,0.457404,0.176921
487,491,,1,,2,1,7,8.472903,38.808502,58.352394
488,131,,5,,2,1,6,0.167419,0.01505,0.016514
488,460,,5,,2,1,6,0.904342,0.069433,0.101511
488,481,,1,,2,1,1,0.313229,2.39369,0.208509
488,483,,1,,2,1,2,5.152658,33.213203,5.33042
488,484,,1,,2,1,3,1.16575,8.908629,2.674329
488,486,,1,,2,1,2,12.927979,48.012547,10.177275
488,487,,1,,2,1,2,6.605052,50.47562,8.937247
488,487,,5,,2,1,2,0.000334,0.000231,3.9e-05
488,488,,1,,2,1,1,38.00312,158.005798,6.579824
488,488,,5,,2,1,1,0.0001,5e-05,2e-06
488,489,,1,,2,1,3,43.3866,281.442017,79.642584
488,489,,5,,2,1,3,0.006171,0.001108,0.000402
489,19,,1,,2,1,5,17.02165,22.923342,19.190719
489,49,,1,,2,1,5,5.513963,13.170016,12.467042
489,50,,1,,2,1,4,3.213485,6.032666,3.304758
489,64,,1,,2,1,7,3.468254,1.059424,1.732152
489,139,,1,,2,1,6,3.72226,7.970188,8.229257
489,160,,1,,2,1,7,9.317828,2.794758,4.298578
489,189,,1,,2,1,6,37.344967,18.307781,19.564448
489,201,,1,,2,1,4,0.034888,0.629563,0.42813
489,202,,1,,2,1,4,0.151477,0.020291,0.010756
489,209,,1,,2,1,4,0.686762,3.157533,1.911358
489,222,,1,,2,1,3,14.991629,4.999915,2.238177
489,229,,1,,2,1,3,56.201542,52.683754,25.587743
489,271,,1,,2,1,6,1.92002,0.805326,0.917634
489,291,,1,,2,1,4,0.965161,1.090437,0.783469
489,300,,1,,2,1,7,6.119544,24.577332,37.306037
489,319,,1,,2,1,5,6.554311,26.187473,20.80107
489,350,,1,,2,1,4,53.993275,218.872574,126.86264
489,401,,1,,2,1,3,23.666889,26.368929,10.379553
489,402,,1,,2,1,3,2.403752,2.48234,1.156322
489,409,,1,,2,1,3,0.438917,4.793669,1.992067
489,411,,1,,2,1,8,1.315416,19.268307,39.07905
489,429,,1,,2,1,7,60.791531,47.90205,74.91577
489,481,,1,,2,1,3,17.143417,64.984909,17.531566
489,482,,1,,2,1,3,3.613591,8.545605,3.281933
489,483,,1,,2,1,3,7.440916,56.86327,20.678794
489,484,,1,,2,1,3,49.7556,376.037994,110.052237
489,486,,1,,2,1,3,2.997326,11.007217,3.613199
489,488,,1,,2,1,3,2.996425,10.989973,3.240107
489,489,,1,,2,1,3,4447.952148,31660.363281,10407.413709
489,489,,2,,2,1,3,1008.308594,6839.620117,2629.834304
489,489,,5,,2,1,3,1.999704,11.182809,4.36121
491,160,,1,,2,1,3,5.74101,15.187059,5.247332
491,299,,1,,2,1,6,0.038576,0.003268,0.004048
491,299,,5,,2,1,6,0.000774,6.3e-05,8.6e-05
491,373,,5,,2,1,8,0.010892,0.001193,0.002957
491,392,,5,,2,1,7,0.911177,0.091501,0.169389
491,402,,1,,2,1,6,0.017779,0.002115,0.002619
491,484,,5,,2,1,6,2.035896,0.136056,0.193244
491,491,,1,,2,1,1,132.408524,690.229858,32.282723
491,491,,2,,2,1,1,85.019394,471.071625,30.202706
491,499,,1,,2,1,2,4.62201,21.721422,4.554325
491,499,,5,,2,1,2,1.226297,0.111549,0.024244
499,49,,1,,2,1,4,0.00145,0.000123,6.3e-05
499,89,,1,,2,1,3,0.001441,0.000122,5.8e-05
499,89,,5,,2,1,4,0.001298,8.4e-05,4.6e-05
499,160,,5,,2,1,4,0.001307,8.4e-05,5.4e-05
499,321,,1,,2,1,3,0.001804,0.000153,5.1e-05
499,329,,1,,2,1,4,1.000046,0.992224,0.551525
499,419,,1,,2,1,5,0.001532,0.00013,0.000113
499,491,,1,,2,1,2,1.999308,1.976101,0.422996
499,499,,1,,2,1,2,71.096764,280.278168,56.109596
499,499,,5,,2,1,2,0.008166,0.000439,9.7e-05
500,230,,1,,2,1,3,7.181963,25.774576,6.880536
500,251,,1,,2,1,2,0.001952,0.005368,0.001156
500,339,,1,,2,1,2,2.998398,10.993607,1.398442
500,361,,1,,2,1,2,0.816243,2.244607,0.358169
500,369,,1,,2,1,3,14.470164,49.609467,12.966519
500,423,,1,,2,1,3,0.188056,0.51714,0.192967
500,500,,1,,2,1,1,37.882626,129.558792,10.093521
511,242,,1,,2,1,2,0.109945,0.894288,0.117846
511,249,,1,,2,1,2,2.287641,18.607653,3.939299
511,342,,1,,2,1,3,0.956204,7.777758,2.117063
511,373,,1,,2,1,2,0.083224,0.676942,0.10748
511,379,,1,,2,1,2,5.247968,42.686939,10.23542
511,429,,1,,2,1,3,2.19722,17.872175,5.881917
511,452,,1,,2,1,3,0.0001,0.000497,0.0002
511,511,,1,,2,1,1,4.436462,26.623043,0.909401
511,512,,1,,2,1,1,0.323342,2.630059,0.216144
511,519,,1,,2,1,2,41.151104,335.608917,50.593956
511,519,,2,,2,1,2,6.010448,33.994015,6.352606
512,61,,1,,2,1,8,1.579783,4.361908,11.774949
512,64,,1,,2,1,8,1.892497,4.750563,14.079916
512,91,,1,,2,1,4,2.999118,5.970936,3.251648
512,171,,1,,2,1,5,0.952581,2.153259,1.970742
512,242,,1,,2,1,2,0.091976,0.748131,0.143012
512,249,,1,,2,1,2,1.292689,10.514724,2.283396
512,342,,1,,2,1,3,0.404069,3.286694,1.064306
512,373,,1,,2,1,2,0.052065,0.423497,0.083621
512,379,,1,,2,1,2,5.527696,44.962246,10.919448
512,391,,1,,2,1,4,0.82134,0.27746,0.168253
512,409,,1,,2,1,6,5.987449,11.010168,15.287043
512,429,,1,,2,1,3,3.176402,7.909165,3.06965
512,499,,1,,2,1,8,0.167231,1.2297,2.770064
512,511,,1,,2,1,1,0.053082,0.431765,0.040155
512,512,,1,,2,1,1,5.392596,18.208944,0.614868
512,519,,1,,2,1,2,4.794317,38.996941,7.896748
513,242,,1,,2,1,1,0.693824,5.643561,0.342297
513,249,,1,,2,1,2,9.751455,79.318268,10.713887
513,342,,1,,2,1,2,0.248158,2.018516,0.387803
513,373,,1,,2,1,3,0.031976,0.26009,0.067212
513,379,,1,,2,1,3,2.016337,16.400871,5.419883
513,423,,1,,2,1,2,0.087708,0.713415,0.174757
513,429,,1,,2,1,2,6.029859,49.046833,11.085527
513,511,,1,,2,1,2,0.318029,2.586844,0.290257
513,512,,1,,2,1,2,0.148916,1.211279,0.206075
513,519,,1,,2,1,2,28.7243,233.643265,41.343217
519,190,,1,,2,1,6,1.376713,1.888484,1.972639
519,219,,1,,2,1,3,3.053281,24.835369,11.306731
519,241,,1,,2,1,2,16.97443,80.874535,19.628475
519,242,,1,,2,1,2,0.100714,0.820631,0.173377
519,249,,1,,2,1,3,64.130577,397.01593,107.630661
519,249,,3,,2,1,2,331.007507,2535.289795,384.160387
519,362,,1,,2,1,3,0.816528,8.497874,4.21143
519,371,,1,,2,1,2,0.115725,0.941304,0.227427
519,373,,1,,2,1,2,72.30426,496.644653,95.437659
519,379,,1,,2,1,3,26.7075,240.055557,64.506732
519,380,,1,,2,1,7,4.005638,37.715881,62.588587
519,392,,1,,2,1,3,0.002476,0.001302,0.000567
519,399,,1,,2,1,3,10.259148,83.447838,35.551186
519,423,,1,,2,1,3,8.51395,45.704777,17.313251
519,429,,1,,2,1,3,54.772385,308.91684,106.401801
519,479,,1,,2,1,3,3.272866,26.621469,12.859233
519,511,,1,,2,1,2,113.231483,874.596008,138.601746
519,512,,1,,2,1,2,5.576472,53.432598,11.187331
519,512,,3,,2,1,2,51.968613,315.079956,39.985619
519,519,,1,,2,1,2,229.416626,1946.211792,307.016251
519,559,,1,,2,1,5,0.001054,0.011626,0.011575
531,411,,1,,2,1,2,0.097077,0.636072,0.128125
531,419,,1,,2,1,3,0.097077,0.636072,0.223967
531,531,,1,,2,1,1,204.521133,21.930433,1.251761
531,539,,1,,2,1,2,3.961094,19.795355,4.000898
532,160,,1,,2,1,4,0.003033,0.000257,0.000135
532,531,,1,,2,1,2,0.051537,0.337686,0.055591
532,539,,1,,2,1,3,0.343584,2.234816,0.568655
539,41,,1,,2,1,6,0.002734,0.000273,0.000383
539,64,,1,,2,1,5,4.988393,0.422582,0.372392
539,69,,2,,2,1,5,0.270998,0.052506,0.048294
539,92,,1,,2,1,8,0.012771,0.211769,0.589312
539,122,,1,,2,1,8,0.005496,0.043046,0.134006
539,160,,1,,2,1,3,9.809602,31.282104,13.251518
539,271,,1,,2,1,7,0.000984,0.000311,0.000468
539,300,,1,,2,1,4,13.008223,4.015863,2.195834
539,329,,1,,2,1,4,0.006377,0.00054,0.000398
539,342,,1,,2,1,8,0.010318,0.043913,0.124868
539,350,,1,,2,1,6,0.00482,0.000695,0.001011
539,363,,1,,2,1,8,0.976187,0.413625,1.15044
539,372,,1,,2,1,8,0.004137,0.059156,0.158323
539,391,,1,,2,1,8,0.008388,0.000945,0.002089
539,411,,1,,2,1,3,116.11718,892.565979,293.917202
539,411,,3,,2,1,3,31.047318,189.135681,63.659024
539,419,,1,,2,1,3,18.288956,120.841095,44.143781
539,421,,1,,2,1,8,0.073269,0.006192,0.01718
539,481,,1,,2,1,8,0.904966,0.076662,0.163705
539,531,,1,,2,1,2,130.81218,857.112244,205.783329
539,531,,2,,2,1,3,0.004408,0.038226,0.010597
539,532,,2,,2,1,3,199.901031,1299.482178,420.454885
539,532,,3,,2,1,3,263.430359,1339.294067,366.036986
539,532,,5,,2,1,3,0.216447,0.585328,0.195757
539,539,,1,,2,1,2,2190.152832,14412.177734,2827.681839
539,539,,2,,2,1,2,225.100616,1453.695679,295.575052
539,539,,5,,2,1,2,0.047942,0.004551,0.001046
539,559,,1,,2,1,7,0.102139,0.010009,0.01692
539,560,,1,,2,1,5,0.915208,1.863253,1.61298
540,249,,1,,2,1,3,0.123429,1.037098,0.322549
540,399,,1,,2,1,3,0.897481,7.540961,1.923838
540,423,,1,,2,1,3,1.500573,12.608366,4.945226
540,429,,1,,2,1,3,0.118551,0.996106,0.299354
540,519,,1,,2,1,3,0.363578,3.05492,0.773432
540,540,,1,,2,1,2,20.153236,169.334885,25.143046
551,171,,1,,2,1,2,107.71946,1092.889771,130.882211
551,171,,2,,2,1,2,134.204285,1092.616455,139.509856
551,179,,1,,2,1,3,35.820641,100.862602,30.099195
551,181,,1,,2,1,2,59.051468,5.669954,0.967125
551,189,,1,,2,1,3,178.419998,34.788658,11.564976
551,190,,1,,2,1,3,5.237939,53.418751,18.711657
551,262,,1,,2,1,3,40.05228,10.907531,3.275268
551,262,,5,,2,1,2,1.420422,0.827327,0.205524
551,269,,1,,2,1,3,157.499161,18.063908,6.502392
551,271,,1,,2,1,3,0.064723,0.008618,0.003063
551,399,,1,,2,1,3,3.009441,0.554477,0.244002
551,399,,5,,2,1,3,1.102947,0.705311,0.329595
551,551,,1,,2,1,1,45.027409,28.979843,1.037187
551,551,,2,,2,1,1,0.84224,5.017181,0.231398
551,559,,1,,2,1,2,884.206177,1345.82666,245.856058
559,171,,1,,2,1,2,17.316675,125.962929,29.727958
559,171,,2,,2,1,3,114.371712,1015.796631,260.920298
559,179,,1,,2,1,3,24.691248,182.666016,69.103868
559,179,,5,,2,1,3,0.182922,1.855109,0.789658
559,182,,1,,2,1,3,0.000126,9.9e-05,4.5e-05
559,182,,2,,2,1,3,4.288411,18.181793,8.904696
559,183,,1,,2,1,3,0.002287,0.013555,0.005501
559,189,,1,,2,1,3,0.783242,2.021043,0.914129
559,189,,2,,2,1,3,13.753233,67.101044,31.74456
559,189,,5,,2,1,3,122.357407,972.568604,478.577886
559,190,,1,,2,1,3,39.931412,313.766144,105.665556
559,269,,1,,2,1,3,13.547031,123.511581,50.542071
559,271,,1,,2,1,3,2.523858,26.042091,6.60343
559,279,,1,,2,1,3,17.811152,178.521759,64.158825
559,279,,5,,2,1,3,0.000124,0.000408,0.000163
559,299,,1,,2,1,4,0.002214,0.000227,0.000126
559,363,,2,,2,1,6,15.001056,64.356705,76.197948
559,371,,2,,2,1,6,18.447594,67.539948,76.875102
559,392,,2,,2,1,4,3.856656,18.971994,11.649591
559,479,,2,,2,1,5,14.999759,64.116409,51.034458
559,489,,2,,2,1,6,162.957382,1260.189697,1644.483969
559,551,,1,,2,1,2,230.09021,2040.859741,309.738691
559,559,,1,,2,1,2,1861.783325,18410.822266,2904.375112
560,61,,1,,2,1,6,0.0001,5.4e-05,6e-05
560,61,,5,,2,1,6,0.0001,5e-05,7.5e-05
560,62,,5,,2,1,6,0.000623,0.012136,0.016635
560,63,,1,,2,1,6,0.356848,0.03023,0.035198
560,63,,5,,2,1,7,0.078055,0.004327,0.007435
560,64,,5,,2,1,7,0.0001,5e-05,7.6e-05
560,69,,5,,2,1,7,0.000185,0.000303,0.000462
560,81,,1,,2,1,3,1.985693,2.004581,0.663232
560,81,,5,,2,1,3,0.000159,0.000333,0.000129
560,89,,1,,2,1,3,23.688156,159.240036,71.644228
560,91,,5,,2,1,8,0.042288,0.002167,0.004807
560,92,,5,,2,1,8,0.0001,5e-05,0.000111
560,101,,5,,2,1,8,0.00016,5e-05,0.000103
560,122,,5,,2,1,8,0.0001,5e-05,0.000129
560,129,,5,,2,1,8,0.005132,0.000268,0.000588
560,131,,5,,2,1,7,0.031527,0.001833,0.003358
560,139,,5,,2,1,7,0.0001,5e-05,9.7e-05
560,160,,1,,2,1,4,3.265159,0.276602,0.163583
560,160,,5,,2,1,5,0.000128,5.2e-05,4.2e-05
560,171,,1,,2,1,6,0.000227,5e-05,5.5e-05
560,171,,5,,2,1,6,0.000211,0.000274,0.000324
560,172,,5,,2,1,6,0.0001,0.000362,0.000435
560,189,,5,,2,1,6,0.001119,0.008375,0.011594
560,190,,5,,2,1,5,0.000126,5.1e-05,4.6e-05
560,211,,1,,2,1,6,0.004938,0.000418,0.000587
560,251,,5,,2,1,8,0.003395,0.003525,0.00788
560,261,,5,,2,1,6,0.0001,5e-05,7.5e-05
560,271,,1,,2,1,5,0.001219,0.000103,8.8e-05
560,271,,5,,2,1,6,12.989124,58.159554,59.137708
560,279,,5,,2,1,6,0.0001,5e-05,5e-05
560,300,,1,,2,1,3,17.227165,118.936363,56.750972
560,311,,5,,2,1,4,0.004342,0.000915,0.000639
560,319,,5,,2,1,4,0.0001,5e-05,3e-05
560,341,,5,,2,1,8,0.000128,5e-05,0.000105
560,342,,1,,2,1,7,0.0001,0.000102,0.000203
560,342,,5,,2,1,8,0.0001,0.00013,0.000271
560,363,,5,,2,1,8,0.0001,5e-05,0.000107
560,372,,5,,2,1,8,0.002434,0.016857,0.035626
560,379,,5,,2,1,8,0.02668,0.001481,0.00316
560,391,,5,,2,1,7,0.000212,0.001562,0.002397
560,392,,5,,2,1,7,0.000673,9.2e-05,0.000144
560,393,,5,,2,1,7,0.611264,0.031814,0.049451
560,411,,5,,2,1,6,0.000428,0.001831,0.002398
560,472,,5,,2,1,7,0.001546,8.5e-05,0.000135
560,479,,5,,2,1,7,0.002092,0.000952,0.001534
560,484,,1,,2,1,6,0.001953,0.000165,0.000191
560,484,,5,,2,1,6,0.0001,5e-05,6.1e-05
560,491,,1,,2,1,3,0.000199,7e-05,3.2e-05
560,491,,5,,2,1,4,0.00019,0.00028,0.000197
560,511,,5,,2,1,8,0.000313,0.000222,0.000468
560,531,,1,,2,1,6,0.001344,0.000114,0.000124
560,531,,5,,2,1,6,0.0001,5e-05,6.3e-05
560,539,,1,,2,1,5,0.000162,7.1e-05,6.8e-05
560,551,,5,,2,1,6,0.094143,0.004806,0.005889
560,559,,5,,2,1,6,33.112621,128.52359,156.105733
560,560,,1,,2,1,2,51.686043,347.940704,79.838799
20,20,1.0,1,,2,2,2,0.013855,0.041076,0.006794
20,20,3.0,1,,2,2,2,0.0,0.0,0.0
20,61,3.0,3,,2,2,8,0.014635,0.119555,0.257129
20,62,3.0,5,,2,2,8,0.001652,0.013495,0.027328
20,63,3.0,3,,2,2,8,0.002844,0.023236,0.052388
20,64,3.0,3,,2,2,7,0.013771,0.112498,0.202141
20,65,3.0,5,,2,2,8,0.000486,0.00397,0.008307
20,69,3.0,5,,2,2,8,0.00197,0.016096,0.033615
61,50,5.0,5,,2,2,7,0.0,0.0,0.0
61,61,3.0,1,,2,2,1,0.0,0.0,0.0
61,61,3.0,2,,2,2,1,0.0,0.0,0.0
61,63,3.0,1,,2,2,2,0.0,0.0,0.0
61,64,3.0,1,,2,2,3,0.0,0.0,0.0
61,69,3.0,1,,2,2,3,0.0,0.0,0.0
61,81,5.0,5,,2,2,6,0.0,0.0,0.0
61,89,5.0,5,,2,2,6,0.0,0.0,0.0
61,171,5.0,5,,2,2,8,0.009657,0.010254,0.022494
61,179,5.0,5,,2,2,8,0.001863,0.001978,0.004252
61,190,5.0,5,,2,2,7,0.0,0.0,0.0
61,380,5.0,5,,2,2,8,0.034196,0.022796,0.053077
61,511,5.0,5,,2,2,8,0.0,0.0,0.0
61,512,5.0,5,,2,2,8,0.0,0.0,0.0
61,513,5.0,5,,2,2,8,0.0,0.0,0.0
61,519,5.0,5,,2,2,8,0.0,0.0,0.0
61,551,5.0,5,,2,2,8,0.0,0.0,0.0
61,559,5.0,5,,2,2,8,0.0,0.0,0.0
124,121,3.0,2,,2,2,2,0.0,0.0,0.0
124,122,3.0,1,,2,2,2,0.0,0.0,0.0
124,123,3.0,2,,2,2,2,0.0,0.0,0.0
124,124,3.0,1,,2,2,1,0.0,0.0,0.0
124,124,3.0,2,,2,2,1,0.0,0.0,0.0
124,129,3.0,1,,2,2,2,0.0,0.0,0.0
160,41,2.0,2,,2,2,7,0.030817,0.077475,0.123131
160,42,2.0,2,,2,2,7,0.005014,0.012604,0.020228
160,49,2.0,2,,2,2,6,0.003631,0.009129,0.012671
160,61,1.0,1,,2,2,5,0.358075,0.551784,0.528516
160,61,2.0,2,,2,2,6,0.875745,2.422539,2.850083
160,62,1.0,1,,2,2,4,0.040418,0.062283,0.033687
160,62,2.0,2,,2,2,6,0.09885,0.273444,0.280726
160,63,1.0,1,,2,2,6,0.069594,0.107243,0.111124
160,63,2.0,2,,2,2,6,0.170206,0.470835,0.591734
160,64,1.0,1,,2,2,4,0.336939,0.519213,0.335709
160,64,2.0,2,,2,2,6,0.824052,2.279541,2.66965
160,65,1.0,1,,2,2,4,0.011889,0.018321,0.012851
160,65,2.0,2,,2,2,6,0.029077,0.080435,0.098762
160,69,1.0,1,,2,2,4,0.04821,0.07429,0.047462
160,69,2.0,2,,2,2,6,0.117907,0.32616,0.345516
160,81,2.0,2,,2,2,6,0.0,0.0,0.0
160,89,2.0,2,,2,2,6,0.0,0.0,0.0
160,160,1.0,1,,2,2,2,0.201565,0.715511,0.154897
160,160,2.0,2,,2,2,2,0.0,0.0,0.0
160,190,1.0,1,,2,2,6,0.0,0.0,0.0
160,261,2.0,2,,2,2,8,0.0,0.0,0.0
160,262,2.0,2,,2,2,7,0.0,0.0,0.0
160,269,2.0,2,,2,2,8,0.0,0.0,0.0
160,271,1.0,1,,2,2,7,0.0,0.0,0.0
160,271,2.0,2,,2,2,7,1.645214,8.495116,14.089981
160,279,1.0,1,,2,2,6,0.0,0.0,0.0
160,279,2.0,2,,2,2,7,0.424964,2.194315,3.670993
160,300,1.0,1,,2,2,4,0.0,0.0,0.0
160,341,1.0,1,,2,2,8,0.0,0.0,0.0
160,342,1.0,1,,2,2,8,0.0,0.0,0.0
160,371,2.0,2,,2,2,8,0.0,0.0,0.0
160,372,2.0,2,,2,2,8,0.0,0.0,0.0
160,373,2.0,2,,2,2,8,0.0,0.0,0.0
160,379,2.0,2,,2,2,8,0.0,0.0,0.0
160,380,1.0,1,,2,2,6,0.0,0.0,0.0
160,411,1.0,1,,2,2,3,0.987868,2.648293,1.199761
160,411,2.0,2,,2,2,4,36.507816,157.276779,83.696655
160,419,1.0,1,,2,2,3,0.315687,0.846301,0.304183
160,419,2.0,2,,2,2,3,11.666605,50.260086,22.854279
160,491,1.0,1,,2,2,3,0.0,0.0,0.0
160,491,2.0,2,,2,2,3,0.993484,1.811482,0.778513
160,499,1.0,1,,2,2,4,0.0,0.0,0.0
160,499,2.0,2,,2,2,4,0.114369,0.208536,0.114637
160,500,2.0,2,,2,2,8,0.171674,0.463742,1.266844
160,531,1.0,1,,2,2,4,0.65571,2.694171,1.433572
160,531,2.0,2,,2,2,4,21.565639,94.060265,61.528732
160,532,1.0,1,,2,2,3,0.041786,0.171688,0.073416
160,532,2.0,2,,2,2,4,1.374289,5.994072,3.004012
160,539,1.0,1,,2,2,3,0.132431,0.544132,0.232994
160,539,2.0,2,,2,2,4,4.355533,18.997007,9.741368
160,551,1.0,1,,2,2,7,0.007999,0.027582,0.048471
160,559,1.0,1,,2,2,7,0.011821,0.040761,0.068645
171,171,4.0,1,,2,2,1,0.0,0.0,0.0
171,172,4.0,1,,2,2,3,0.0,0.0,0.0
171,179,4.0,1,,2,2,2,0.0,0.0,0.0
171,391,3.0,2,,2,2,3,0.0,0.0,0.0
171,392,3.0,3,,2,2,5,0.0,0.0,0.0
171,393,3.0,2,,2,2,3,0.0,0.0,0.0
171,394,3.0,2,,2,2,3,0.0,0.0,0.0
171,399,3.0,3,,2,2,6,0.0,0.0,0.0
181,271,3.0,2,,2,2,3,3.848834,17.52058,8.705622
181,279,3.0,2,,2,2,4,0.994166,4.52562,2.75939
181,380,5.0,5,,2,2,5,0.0,0.0,0.0
212,551,4.0,4,,2,2,3,0.0,0.0,0.0
212,559,4.0,4,,2,2,3,0.0,0.0,0.0
230,91,2.0,2,,2,2,3,0.0,0.0,0.0
230,92,2.0,2,,2,2,3,0.0,0.0,0.0
230,99,2.0,2,,2,2,3,0.0,0.0,0.0
230,230,1.0,1,,2,2,2,0.298114,0.965083,0.127417
230,230,2.0,2,,2,2,2,2.543203,16.357651,2.684688
230,251,1.0,1,,2,2,2,0.0,0.0,0.0
230,361,1.0,1,,2,2,3,0.000266,0.001221,0.000489
230,361,2.0,2,,2,2,3,0.003035,0.020392,0.009412
230,362,1.0,1,,2,2,4,0.00028,0.001286,0.000903
230,362,2.0,2,,2,2,5,0.003197,0.021482,0.016788
230,363,1.0,1,,2,2,3,0.005474,0.02514,0.011191
230,363,2.0,2,,2,2,4,0.062504,0.420001,0.243192
230,364,1.0,1,,2,2,4,0.000274,0.001257,0.000767
230,364,2.0,2,,2,2,4,0.003124,0.020995,0.014705
230,369,1.0,1,,2,2,4,0.000427,0.001961,0.001
230,369,2.0,2,,2,2,4,0.004877,0.032768,0.020328
230,421,1.0,1,,2,2,4,0.002253,0.011039,0.006062
230,422,1.0,1,,2,2,5,0.001095,0.005366,0.004324
230,423,1.0,1,,2,2,4,0.000325,0.001593,0.000838
230,429,1.0,1,,2,2,4,0.001425,0.006981,0.004573
230,500,1.0,1,,2,2,3,0.005883,0.03064,0.009471
230,500,2.0,2,,2,2,3,0.175013,0.99826,0.440868
230,551,1.0,1,,2,2,6,0.0,0.0,0.0
230,559,1.0,1,,2,2,6,0.0,0.0,0.0
261,11,1.0,1,,2,2,5,0.0,0.0,0.0
261,11,2.0,2,,2,2,5,0.0,0.0,0.0
261,11,5.0,5,,2,2,5,0.0,0.0,0.0
261,12,1.0,1,,2,2,6,0.0,0.0,0.0
261,12,2.0,2,,2,2,6,0.0,0.0,0.0
261,12,5.0,5,,2,2,6,0.0,0.0,0.0
261,19,1.0,1,,2,2,5,0.0,0.0,0.0
261,19,2.0,2,,2,2,5,0.0,0.0,0.0
261,19,5.0,5,,2,2,5,0.0,0.0,0.0
261,41,1.0,1,,2,2,8,0.002192,0.000676,0.001388
261,42,1.0,1,,2,2,8,0.0,0.0,0.0
261,49,1.0,1,,2,2,8,0.0,0.0,0.0
261,50,1.0,1,,2,2,5,0.774831,0.404385,0.360804
261,61,1.0,1,,2,2,8,0.351633,0.282369,0.644904
261,61,2.0,2,,2,2,8,0.0,0.0,0.0
261,61,5.0,5,,2,2,8,0.008462,0.00479,0.011924
261,62,1.0,1,,2,2,8,0.039691,0.031872,0.073869
261,62,2.0,2,,2,2,8,0.0,0.0,0.0
261,62,5.0,5,,2,2,8,0.0,0.0,0.0
261,63,1.0,1,,2,2,8,0.068342,0.05488,0.128208
261,63,2.0,2,,2,2,8,0.0,0.0,0.0
261,63,5.0,5,,2,2,8,0.001645,0.000931,0.002375
261,64,1.0,1,,2,2,8,0.330877,0.265701,0.643296
261,64,2.0,2,,2,2,8,0.0,0.0,0.0
261,64,5.0,5,,2,2,8,0.007963,0.004507,0.011515
261,65,1.0,1,,2,2,8,0.011675,0.009375,0.022749
261,65,2.0,2,,2,2,8,0.0,0.0,0.0
261,65,5.0,5,,2,2,8,0.0,0.0,0.0
261,69,1.0,1,,2,2,8,0.047342,0.038017,0.090899
261,69,2.0,2,,2,2,8,0.0,0.0,0.0
261,69,5.0,5,,2,2,8,0.001139,0.000645,0.001668
261,81,1.0,1,,2,2,6,0.260616,0.295733,0.3861
261,81,2.0,2,,2,2,6,0.0,0.0,0.0
261,81,5.0,5,,2,2,6,0.0,0.0,0.0
261,89,1.0,1,,2,2,6,0.091798,0.104168,0.144499
261,89,2.0,2,,2,2,6,0.0,0.0,0.0
261,89,5.0,5,,2,2,7,0.0,0.0,0.0
261,91,2.0,2,,2,2,5,0.148991,0.619752,0.513944
261,92,2.0,2,,2,2,5,0.25517,1.061421,0.934102
261,99,2.0,2,,2,2,5,0.030361,0.126291,0.108383
261,101,1.0,1,,2,2,4,0.0,0.0,0.0
261,101,2.0,2,,2,2,4,0.0,0.0,0.0
261,109,1.0,1,,2,2,4,0.0,0.0,0.0
261,109,2.0,2,,2,2,5,0.0,0.0,0.0
261,121,1.0,1,,2,2,6,0.0,0.0,0.0
261,121,2.0,2,,2,2,6,0.0,0.0,0.0
261,121,5.0,5,,2,2,6,0.0,0.0,0.0
261,122,1.0,1,,2,2,6,0.001525,0.002347,0.003118
261,122,2.0,2,,2,2,6,0.0,0.0,0.0
261,122,5.0,5,,2,2,7,0.0,0.0,0.0
261,123,1.0,1,,2,2,6,0.000719,0.001107,0.001279
261,123,2.0,2,,2,2,6,0.0,0.0,0.0
261,123,5.0,5,,2,2,6,0.0,0.0,0.0
261,124,1.0,1,,2,2,6,0.000717,0.001103,0.001306
261,124,2.0,2,,2,2,6,0.0,0.0,0.0
261,124,5.0,5,,2,2,6,0.0,0.0,0.0
261,129,1.0,1,,2,2,6,0.000944,0.001454,0.001608
261,129,2.0,2,,2,2,6,0.0,0.0,0.0
261,129,5.0,5,,2,2,6,0.0,0.0,0.0
261,131,1.0,1,,2,2,4,0.001769,0.001539,0.001143
261,131,2.0,2,,2,2,5,0.410434,1.764405,1.400615
261,131,5.0,5,,2,2,5,0.041704,0.016056,0.012816
261,132,1.0,1,,2,2,5,0.0,0.0,0.0
261,132,2.0,2,,2,2,5,0.021589,0.092808,0.092808
261,132,5.0,5,,2,2,6,0.002194,0.000845,0.000846
261,139,1.0,1,,2,2,5,0.0,0.0,0.0
261,139,2.0,2,,2,2,5,0.101221,0.435137,0.408832
261,139,5.0,5,,2,2,5,0.010285,0.00396,0.003728
261,160,1.0,1,,2,2,7,0.0,0.0,0.0
261,160,5.0,5,,2,2,8,0.0,0.0,0.0
261,171,1.0,1,,2,2,3,2.809477,1.449614,0.474361
261,171,2.0,2,,2,2,3,0.0,0.0,0.0
261,171,5.0,5,,2,2,3,0.9658,0.234704,0.077258
261,172,1.0,1,,2,2,4,0.096965,0.050031,0.027143
261,172,2.0,2,,2,2,4,0.0,0.0,0.0
261,172,5.0,5,,2,2,4,0.033333,0.0081,0.004261
261,179,1.0,1,,2,2,3,0.560636,0.289273,0.135974
261,179,2.0,2,,2,2,3,0.0,0.0,0.0
261,179,5.0,5,,2,2,3,0.192727,0.046836,0.021904
261,181,1.0,1,,2,2,3,0.131551,0.368019,0.102582
261,181,2.0,2,,2,2,3,0.0,0.0,0.0
261,181,5.0,5,,2,2,3,0.00485,0.001894,0.000562
261,182,1.0,1,,2,2,3,0.559176,1.564317,0.490562
261,182,2.0,2,,2,2,3,0.0,0.0,0.0
261,182,5.0,5,,2,2,3,0.021401,0.008377,0.002638
261,183,1.0,1,,2,2,2,0.125926,0.352284,0.063726
261,183,2.0,2,,2,2,2,0.0,0.0,0.0
261,183,5.0,5,,2,2,2,0.004923,0.001972,0.000357
261,189,1.0,1,,2,2,3,0.483265,1.351955,0.438724
261,189,2.0,2,,2,2,3,0.0,0.0,0.0
261,189,5.0,5,,2,2,3,0.017816,0.006959,0.002363
261,190,1.0,1,,2,2,4,7.207169,2.864824,1.829941
261,190,2.0,2,,2,2,4,1.287853,6.509853,4.20604
261,190,5.0,5,,2,2,4,0.026916,0.000526,0.000347
261,201,1.0,1,,2,2,5,0.048318,0.136315,0.112323
261,201,2.0,2,,2,2,5,0.0,0.0,0.0
261,201,5.0,5,,2,2,5,0.0,0.0,0.0
261,202,1.0,1,,2,2,6,0.02412,0.068047,0.06833
261,202,2.0,2,,2,2,5,0.0,0.0,0.0
261,202,5.0,5,,2,2,5,0.0,0.0,0.0
261,209,1.0,1,,2,2,6,0.03043,0.085848,0.087725
261,209,2.0,2,,2,2,6,0.0,0.0,0.0
261,209,5.0,5,,2,2,6,0.0,0.0,0.0
261,211,1.0,1,,2,2,3,0.087249,0.681343,0.205033
261,211,2.0,2,,2,2,3,0.043067,0.271253,0.08263
261,212,1.0,1,,2,2,3,0.293447,2.291575,0.895781
261,212,2.0,2,,2,2,3,0.144847,0.91231,0.366407
261,219,1.0,1,,2,2,3,0.375104,2.929242,1.333389
261,219,2.0,2,,2,2,3,0.185153,1.166175,0.5684
261,221,1.0,1,,2,2,6,0.001461,0.012046,0.013839
261,221,2.0,2,,2,2,6,0.0,0.0,0.0
261,222,1.0,1,,2,2,6,0.000332,0.002738,0.003499
261,222,2.0,2,,2,2,6,0.0,0.0,0.0
261,223,1.0,1,,2,2,6,0.002191,0.018064,0.019925
261,223,2.0,2,,2,2,6,0.0,0.0,0.0
261,229,1.0,1,,2,2,6,0.002353,0.019401,0.021968
261,229,2.0,2,,2,2,6,0.0,0.0,0.0
261,230,1.0,1,,2,2,5,0.0,0.0,0.0
261,241,1.0,1,,2,2,4,0.061584,0.086085,0.049048
261,241,2.0,2,,2,2,4,0.0,0.0,0.0
261,241,5.0,5,,2,2,4,0.0,0.0,0.0
261,242,1.0,1,,2,2,4,0.044549,0.062273,0.035962
261,242,2.0,2,,2,2,4,0.0,0.0,0.0
261,242,5.0,5,,2,2,4,0.0,0.0,0.0
261,249,1.0,1,,2,2,4,0.009619,0.013446,0.00795
261,249,2.0,2,,2,2,4,0.0,0.0,0.0
261,251,1.0,1,,2,2,5,1.150051,0.702958,0.590228
261,251,2.0,2,,2,2,5,0.0,0.0,0.0
261,251,5.0,5,,2,2,5,0.0,0.0,0.0
261,259,1.0,1,,2,2,5,0.079173,0.048394,0.039045
261,259,2.0,2,,2,2,5,0.0,0.0,0.0
261,259,5.0,5,,2,2,5,0.0,0.0,0.0
261,261,1.0,1,,2,2,1,27.154198,86.837395,3.265835
261,261,2.0,2,,2,2,1,0.0,0.0,0.0
261,261,5.0,5,,2,2,1,0.246361,0.183712,0.008097
261,262,1.0,1,,2,2,2,6.764184,21.631598,3.57445
261,262,2.0,2,,2,2,2,0.0,0.0,0.0
261,262,5.0,5,,2,2,2,0.06137,0.045763,0.007698
261,269,1.0,1,,2,2,2,10.728693,34.309944,7.44396
261,269,2.0,2,,2,2,2,0.0,0.0,0.0
261,269,5.0,5,,2,2,3,0.097339,0.072585,0.019892
261,271,1.0,1,,2,2,5,1.567282,0.732719,0.570978
261,271,2.0,2,,2,2,5,0.0,0.0,0.0
261,271,5.0,5,,2,2,5,0.014857,0.009934,0.007518
261,279,1.0,1,,2,2,5,0.404834,0.189264,0.159229
261,279,2.0,2,,2,2,5,0.0,0.0,0.0
261,279,5.0,5,,2,2,5,0.003837,0.002566,0.002184
261,280,1.0,1,,2,2,5,0.006714,0.044092,0.039892
261,280,2.0,2,,2,2,5,0.0,0.0,0.0
261,280,5.0,5,,2,2,6,0.0,0.0,0.0
261,291,1.0,1,,2,2,5,0.468398,0.499892,0.391522
261,291,2.0,2,,2,2,5,0.0,0.0,0.0
261,291,5.0,5,,2,2,5,0.0,0.0,0.0
261,292,1.0,1,,2,2,4,0.926972,0.9893,0.583926
261,292,2.0,2,,2,2,4,0.0,0.0,0.0
261,292,5.0,5,,2,2,4,0.0,0.0,0.0
261,299,1.0,1,,2,2,4,0.478464,0.510635,0.361028
261,299,2.0,2,,2,2,4,0.0,0.0,0.0
261,299,5.0,5,,2,2,4,0.0,0.0,0.0
261,300,1.0,1,,2,2,7,0.061463,0.065692,0.110047
261,311,1.0,1,,2,2,5,0.955503,0.370938,0.283395
261,311,2.0,2,,2,2,5,0.0,0.0,0.0
261,311,5.0,5,,2,2,5,0.001179,0.007408,0.005986
261,319,1.0,1,,2,2,5,0.786758,0.305429,0.282525
261,319,2.0,2,,2,2,5,0.0,0.0,0.0
261,319,5.0,5,,2,2,5,0.000971,0.0061,0.005976
261,321,1.0,1,,2,2,8,0.144453,0.019458,0.040744
261,329,1.0,1,,2,2,8,0.051547,0.006944,0.014851
261,341,1.0,1,,2,2,4,0.581271,4.253965,2.627527
261,341,5.0,5,,2,2,4,0.0,0.0,0.0
261,342,1.0,1,,2,2,4,0.097404,0.712842,0.446342
261,342,5.0,5,,2,2,5,0.0,0.0,0.0
261,350,1.0,1,,2,2,7,0.023199,0.019474,0.03211
261,361,1.0,1,,2,2,4,0.004903,0.00837,0.005713
261,361,2.0,2,,2,2,4,0.024439,0.086561,0.05999
261,362,1.0,1,,2,2,3,0.005165,0.008818,0.002766
261,362,2.0,2,,2,2,3,0.025746,0.091191,0.036409
261,363,1.0,1,,2,2,4,0.101277,0.172424,0.116949
261,363,2.0,2,,2,2,5,0.503369,1.782878,1.402245
261,363,5.0,5,,2,2,5,0.0,0.0,0.0
261,364,1.0,1,,2,2,3,0.005048,0.008618,0.003364
261,364,2.0,2,,2,2,3,0.025162,0.089122,0.042601
261,369,1.0,1,,2,2,4,0.007878,0.013451,0.00685
261,369,2.0,2,,2,2,4,0.039273,0.1391,0.081184
261,371,1.0,1,,2,2,4,0.015952,0.008948,0.006026
261,371,2.0,2,,2,2,5,0.0,0.0,0.0
261,371,5.0,5,,2,2,5,0.0,0.0,0.0
261,372,1.0,1,,2,2,4,0.00871,0.004915,0.002976
261,372,2.0,2,,2,2,5,0.0,0.0,0.0
261,372,5.0,5,,2,2,5,0.0,0.0,0.0
261,373,1.0,1,,2,2,4,0.013773,0.007726,0.005321
261,373,2.0,2,,2,2,5,0.0,0.0,0.0
261,373,5.0,5,,2,2,5,0.0,0.0,0.0
261,379,1.0,1,,2,2,4,0.013234,0.007423,0.005387
261,379,2.0,2,,2,2,5,0.0,0.0,0.0
261,379,5.0,5,,2,2,5,0.0,0.0,0.0
261,380,1.0,1,,2,2,6,0.007227,0.045195,0.052475
261,380,5.0,5,,2,2,6,0.0,0.0,0.0
261,391,1.0,1,,2,2,3,5.677596,37.558819,10.168449
261,391,2.0,2,,2,2,3,0.269821,2.1456,0.606999
261,391,5.0,5,,2,2,3,0.0,0.0,0.0
261,392,1.0,1,,2,2,2,9.765412,64.600815,12.561534
261,392,2.0,2,,2,2,2,0.464089,3.690412,0.76371
261,392,5.0,5,,2,2,2,0.0,0.0,0.0
261,393,1.0,1,,2,2,2,6.785546,44.888203,9.962523
261,393,2.0,2,,2,2,2,0.322474,2.564302,0.559009
261,393,5.0,5,,2,2,2,0.0,0.0,0.0
261,394,1.0,1,,2,2,2,2.582323,17.082758,3.585205
261,394,2.0,2,,2,2,2,0.122722,0.975877,0.204518
261,394,5.0,5,,2,2,2,0.0,0.0,0.0
261,399,1.0,1,,2,2,2,5.572132,36.861149,7.520583
261,399,2.0,2,,2,2,2,0.264809,2.105745,0.4481
261,399,5.0,5,,2,2,3,0.0,0.0,0.0
261,401,1.0,1,,2,2,6,0.002826,0.01789,0.019215
261,402,1.0,1,,2,2,5,0.002596,0.016438,0.015821
261,409,1.0,1,,2,2,6,0.001542,0.009765,0.010642
261,411,1.0,1,,2,2,8,0.017898,0.003224,0.007777
261,411,2.0,2,,2,2,8,0.0,0.0,0.0
261,411,5.0,5,,2,2,8,0.0,0.0,0.0
261,419,1.0,1,,2,2,8,0.00572,0.00103,0.002383
261,419,2.0,2,,2,2,8,0.0,0.0,0.0
261,419,5.0,5,,2,2,8,0.0,0.0,0.0
261,421,1.0,1,,2,2,4,0.167773,0.236436,0.140069
261,421,2.0,2,,2,2,4,0.0,0.0,0.0
261,421,5.0,5,,2,2,4,0.0,0.0,0.0
261,422,1.0,1,,2,2,3,0.081561,0.114941,0.035774
261,422,2.0,2,,2,2,3,0.0,0.0,0.0
261,422,5.0,5,,2,2,3,0.0,0.0,0.0
261,423,1.0,1,,2,2,4,0.024206,0.034113,0.019317
261,423,2.0,2,,2,2,4,0.0,0.0,0.0
261,423,5.0,5,,2,2,4,0.0,0.0,0.0
261,429,1.0,1,,2,2,3,0.106093,0.149513,0.065691
261,429,2.0,2,,2,2,4,0.0,0.0,0.0
261,429,5.0,5,,2,2,4,0.0,0.0,0.0
261,451,1.0,1,,2,2,5,0.006419,0.029586,0.02597
261,452,1.0,1,,2,2,4,0.011531,0.053146,0.037537
261,459,1.0,1,,2,2,5,0.01702,0.078444,0.063335
261,460,1.0,1,,2,2,6,0.04025,0.042315,0.043633
261,471,1.0,1,,2,2,4,0.012253,0.032169,0.023948
261,471,2.0,2,,2,2,5,0.0,0.0,0.0
261,471,5.0,5,,2,2,5,0.00945,0.003691,0.002841
261,472,1.0,1,,2,2,4,0.02409,0.063245,0.036267
261,472,2.0,2,,2,2,4,0.0,0.0,0.0
261,472,5.0,5,,2,2,4,0.018578,0.007257,0.004419
261,473,1.0,1,,2,2,4,0.00944,0.024783,0.013351
261,473,2.0,2,,2,2,4,0.0,0.0,0.0
261,473,5.0,5,,2,2,4,0.00728,0.002844,0.001724
261,479,1.0,1,,2,2,4,0.016358,0.042945,0.026517
261,479,2.0,2,,2,2,4,0.0,0.0,0.0
261,479,5.0,5,,2,2,4,0.012615,0.004928,0.003332
261,481,1.0,1,,2,2,6,0.042296,0.035289,0.049715
261,481,2.0,2,,2,2,6,0.0,0.0,0.0
261,481,5.0,5,,2,2,6,0.016029,0.006618,0.009238
261,482,1.0,1,,2,2,6,0.005849,0.00488,0.006373
261,482,2.0,2,,2,2,6,0.0,0.0,0.0
261,482,5.0,5,,2,2,6,0.003172,0.001456,0.00186
261,483,1.0,1,,2,2,7,0.006634,0.005535,0.008649
261,483,2.0,2,,2,2,7,0.0,0.0,0.0
261,483,5.0,5,,2,2,7,0.002514,0.001038,0.001783
261,484,1.0,1,,2,2,6,0.160848,0.134201,0.163027
261,484,2.0,2,,2,2,6,0.0,0.0,0.0
261,484,5.0,5,,2,2,6,0.060957,0.025168,0.030785
261,485,1.0,1,,2,2,7,0.006899,0.005756,0.010636
261,485,2.0,2,,2,2,7,0.0,0.0,0.0
261,485,5.0,5,,2,2,7,0.002614,0.001079,0.001867
261,486,1.0,1,,2,2,6,0.14378,0.11996,0.162062
261,486,2.0,2,,2,2,6,0.0,0.0,0.0
261,486,5.0,5,,2,2,6,0.054488,0.022498,0.030474
261,487,1.0,1,,2,2,7,0.002075,0.001731,0.002844
261,487,2.0,2,,2,2,7,0.0,0.0,0.0
261,487,5.0,5,,2,2,7,0.0,0.0,0.0
261,488,1.0,1,,2,2,6,0.035079,0.029268,0.043729
261,488,2.0,2,,2,2,7,0.0,0.0,0.0
261,488,5.0,5,,2,2,6,0.013294,0.005489,0.008133
261,489,1.0,1,,2,2,6,0.067904,0.056654,0.077602
261,489,2.0,2,,2,2,6,0.0,0.0,0.0
261,489,5.0,5,,2,2,6,0.025733,0.010625,0.014808
261,491,1.0,1,,2,2,7,0.0,0.0,0.0
261,491,2.0,2,,2,2,7,0.0,0.0,0.0
261,491,5.0,5,,2,2,7,0.0,0.0,0.0
261,499,1.0,1,,2,2,7,0.0,0.0,0.0
261,499,2.0,2,,2,2,7,0.0,0.0,0.0
261,500,2.0,2,,2,2,5,0.0,0.0,0.0
261,511,1.0,1,,2,2,4,0.0,0.0,0.0
261,511,5.0,5,,2,2,5,0.0,0.0,0.0
261,512,1.0,1,,2,2,4,0.0,0.0,0.0
261,512,5.0,5,,2,2,5,0.0,0.0,0.0
261,513,1.0,1,,2,2,4,0.0,0.0,0.0
261,513,5.0,5,,2,2,4,0.0,0.0,0.0
261,519,1.0,1,,2,2,4,0.0,0.0,0.0
261,519,5.0,5,,2,2,4,0.0,0.0,0.0
261,531,1.0,1,,2,2,8,0.0,0.0,0.0
261,532,1.0,1,,2,2,8,0.0,0.0,0.0
261,539,1.0,1,,2,2,8,0.0,0.0,0.0
261,551,1.0,1,,2,2,3,1.230081,4.453894,1.781285
261,551,2.0,2,,2,2,3,0.032956,0.15693,0.06402
261,551,5.0,5,,2,2,3,0.0151,0.004579,0.001964
261,559,1.0,1,,2,2,4,1.817804,6.581928,3.703521
261,559,2.0,2,,2,2,4,0.048701,0.23191,0.134169
261,559,5.0,5,,2,2,4,0.022314,0.006766,0.003934
261,560,5.0,5,,2,2,7,0.0,0.0,0.0
279,271,3.0,2,,2,2,3,0.0,0.0,0.0
279,279,3.0,1,,2,2,3,0.0,0.0,0.0
279,391,3.0,2,,2,2,5,0.0,0.0,0.0
279,392,3.0,3,,2,2,6,0.0,0.0,0.0
279,393,3.0,2,,2,2,5,0.0,0.0,0.0
279,394,3.0,2,,2,2,5,0.0,0.0,0.0
279,399,3.0,3,,2,2,7,0.0,0.0,0.0
279,551,3.0,3,,2,2,5,0.0,0.0,0.0
279,559,3.0,3,,2,2,5,0.0,0.0,0.0
300,41,1.0,1,,2,2,6,0.503934,1.654598,2.267505
300,42,1.0,1,,2,2,7,0.081984,0.269182,0.40729
300,49,1.0,1,,2,2,6,0.059379,0.194961,0.261275
300,50,1.0,1,,2,2,7,0.00785,0.0209,0.036586
300,61,1.0,1,,2,2,6,1.287222,3.00453,4.130143
300,61,2.0,2,,2,2,7,0.0,0.0,0.0
300,62,1.0,1,,2,2,6,0.145295,0.339136,0.403382
300,62,2.0,2,,2,2,6,0.0,0.0,0.0
300,63,1.0,1,,2,2,6,0.250179,0.583948,0.834397
300,63,2.0,2,,2,2,7,0.0,0.0,0.0
300,64,1.0,1,,2,2,6,1.21124,2.827177,3.653831
300,64,2.0,2,,2,2,6,0.0,0.0,0.0
300,65,1.0,1,,2,2,6,0.04274,0.099759,0.13563
300,65,2.0,2,,2,2,7,0.0,0.0,0.0
300,69,1.0,1,,2,2,6,0.173306,0.404517,0.495162
300,69,2.0,2,,2,2,6,0.0,0.0,0.0
300,81,1.0,1,,2,2,5,1.565704,2.80403,2.514954
300,81,2.0,2,,2,2,5,0.0,0.0,0.0
300,89,1.0,1,,2,2,5,0.551498,0.987681,0.975112
300,89,2.0,2,,2,2,6,0.0,0.0,0.0
300,121,1.0,1,,2,2,8,0.001225,0.00628,0.015665
300,122,1.0,1,,2,2,8,0.005119,0.026251,0.073079
300,123,1.0,1,,2,2,8,0.002413,0.012377,0.031839
300,124,1.0,1,,2,2,8,0.002407,0.012342,0.031952
300,129,1.0,1,,2,2,8,0.003171,0.01626,0.040562
300,131,1.0,1,,2,2,8,0.0,0.0,0.0
300,131,2.0,2,,2,2,8,0.0,0.0,0.0
300,132,2.0,2,,2,2,8,0.0,0.0,0.0
300,139,1.0,1,,2,2,8,0.0,0.0,0.0
300,139,2.0,2,,2,2,8,0.0,0.0,0.0
300,160,1.0,1,,2,2,4,1.717005,7.320038,3.719117
300,171,1.0,1,,2,2,6,0.132279,0.68503,1.000285
300,172,1.0,1,,2,2,7,0.004565,0.023643,0.038212
300,179,1.0,1,,2,2,7,0.026397,0.136699,0.213904
300,181,1.0,1,,2,2,7,0.0,0.0,0.0
300,182,1.0,1,,2,2,7,0.0,0.0,0.0
300,183,1.0,1,,2,2,7,0.0,0.0,0.0
300,189,1.0,1,,2,2,7,0.0,0.0,0.0
300,190,1.0,1,,2,2,6,0.0,0.0,0.0
300,201,1.0,1,,2,2,6,0.009936,0.022134,0.030456
300,202,1.0,1,,2,2,6,0.00496,0.011049,0.015417
300,209,1.0,1,,2,2,6,0.006257,0.013939,0.01758
300,211,1.0,1,,2,2,7,0.001014,0.002069,0.003779
300,212,1.0,1,,2,2,7,0.003409,0.006959,0.01284
300,219,1.0,1,,2,2,7,0.004358,0.008896,0.016761
300,221,1.0,1,,2,2,8,0.0,0.0,0.0
300,222,1.0,1,,2,2,8,0.0,0.0,0.0
300,223,1.0,1,,2,2,8,0.0,0.0,0.0
300,229,1.0,1,,2,2,7,0.0,0.0,0.0
300,241,2.0,2,,2,2,8,0.0,0.0,0.0
300,242,2.0,2,,2,2,8,0.0,0.0,0.0
300,249,2.0,2,,2,2,8,0.0,0.0,0.0
300,271,1.0,1,,2,2,6,0.244271,0.622441,0.646788
300,271,2.0,2,,2,2,6,0.0,0.0,0.0
300,279,1.0,1,,2,2,5,0.063096,0.160779,0.156171
300,279,2.0,2,,2,2,5,0.0,0.0,0.0
300,291,1.0,1,,2,2,6,0.0,0.0,0.0
300,292,1.0,1,,2,2,7,0.0,0.0,0.0
300,299,1.0,1,,2,2,6,0.0,0.0,0.0
300,300,1.0,1,,2,2,3,34.743877,146.439041,39.282629
300,300,2.0,2,,2,2,3,0.0,0.0,0.0
300,311,1.0,1,,2,2,6,0.063309,0.153963,0.180893
300,319,1.0,1,,2,2,6,0.052128,0.126773,0.13247
300,321,1.0,1,,2,2,6,0.0,0.0,0.0
300,329,1.0,1,,2,2,6,0.0,0.0,0.0
300,341,1.0,1,,2,2,8,0.0,0.0,0.0
300,342,1.0,1,,2,2,8,0.0,0.0,0.0
300,350,1.0,1,,2,2,6,0.355953,1.096844,1.435416
300,379,1.0,1,,2,2,8,0.0,0.0,0.0
300,380,1.0,1,,2,2,4,0.169121,1.018431,0.632776
300,391,1.0,1,,2,2,7,0.008947,0.012987,0.023721
300,392,1.0,1,,2,2,7,0.015388,0.022338,0.042497
300,393,1.0,1,,2,2,7,0.010693,0.015522,0.02948
300,394,1.0,1,,2,2,7,0.004069,0.005907,0.010678
300,399,1.0,1,,2,2,7,0.008781,0.012746,0.023703
300,401,1.0,1,,2,2,7,0.003185,0.00848,0.013152
300,402,1.0,1,,2,2,7,0.002927,0.007792,0.012255
300,409,1.0,1,,2,2,7,0.001738,0.004629,0.007062
300,411,1.0,1,,2,2,5,0.012426,0.056397,0.043522
300,411,2.0,2,,2,2,5,0.190505,0.54731,0.433931
300,419,1.0,1,,2,2,5,0.003971,0.018022,0.013816
300,419,2.0,2,,2,2,5,0.060878,0.174901,0.140717
300,421,1.0,1,,2,2,8,0.0,0.0,0.0
300,422,1.0,1,,2,2,8,0.0,0.0,0.0
300,423,1.0,1,,2,2,8,0.0,0.0,0.0
300,429,1.0,1,,2,2,8,0.0,0.0,0.0
300,451,1.0,1,,2,2,8,0.029477,0.057814,0.138136
300,452,1.0,1,,2,2,8,0.05295,0.103851,0.232635
300,459,1.0,1,,2,2,8,0.078155,0.153285,0.360917
300,460,1.0,1,,2,2,5,0.0,0.0,0.0
300,481,1.0,1,,2,2,7,0.029052,0.092784,0.170664
300,482,1.0,1,,2,2,8,0.004017,0.01283,0.026163
300,483,1.0,1,,2,2,8,0.004557,0.014553,0.029259
300,484,1.0,1,,2,2,7,0.110483,0.352854,0.609485
300,485,1.0,1,,2,2,7,0.004739,0.015134,0.023233
300,486,1.0,1,,2,2,7,0.098759,0.315411,0.623546
300,487,1.0,1,,2,2,7,0.001425,0.004552,0.008944
300,488,1.0,1,,2,2,7,0.024095,0.076954,0.143821
300,489,1.0,1,,2,2,7,0.046642,0.14896,0.247412
300,491,1.0,1,,2,2,4,4.838087,11.143009,7.828271
300,499,1.0,1,,2,2,5,0.556956,1.282772,1.11292
300,500,1.0,1,,2,2,8,0.015423,0.033069,0.076072
300,500,2.0,2,,2,2,8,0.034323,0.08915,0.214355
300,531,1.0,1,,2,2,4,0.016089,0.072174,0.050078
300,531,2.0,2,,2,2,4,0.02639,0.086839,0.063672
300,532,1.0,1,,2,2,4,0.001025,0.004599,0.003368
300,532,2.0,2,,2,2,4,0.001682,0.005534,0.00415
300,539,1.0,1,,2,2,4,0.003249,0.014577,0.008333
300,539,2.0,2,,2,2,4,0.00533,0.017539,0.009551
300,551,1.0,1,,2,2,6,0.003832,0.010232,0.013889
300,559,1.0,1,,2,2,6,0.005662,0.015121,0.01857
300,560,1.0,1,,2,2,4,0.251725,0.697101,0.416809
341,251,5.0,5,,2,2,3,0.0,0.0,0.0
341,259,5.0,5,,2,2,2,0.0,0.0,0.0
341,500,5.0,5,,2,2,3,0.038435,0.152273,0.050784
362,11,1.0,1,,2,2,5,0.0,0.0,0.0
362,11,5.0,5,,2,2,5,0.0,0.0,0.0
362,12,1.0,1,,2,2,6,0.0,0.0,0.0
362,19,1.0,1,,2,2,5,0.0,0.0,0.0
362,19,5.0,5,,2,2,6,0.0,0.0,0.0
362,61,1.0,1,,2,2,8,0.029158,0.012561,0.03221
362,61,2.0,2,,2,2,8,0.027837,0.03312,0.08991
362,61,5.0,5,,2,2,8,0.009838,0.015988,0.043436
362,62,1.0,1,,2,2,8,0.003291,0.001418,0.003659
362,62,2.0,2,,2,2,8,0.003142,0.003738,0.00995
362,62,5.0,5,,2,2,8,0.00111,0.001805,0.004806
362,63,1.0,1,,2,2,8,0.005751,0.002452,0.006481
362,63,2.0,2,,2,2,8,0.00541,0.006437,0.017894
362,63,5.0,5,,2,2,8,0.001912,0.003107,0.008637
362,64,1.0,1,,2,2,8,0.027437,0.01182,0.03186
362,64,2.0,2,,2,2,8,0.026194,0.031165,0.086605
362,64,5.0,5,,2,2,8,0.009257,0.015044,0.041796
362,65,1.0,1,,2,2,8,0.0,0.0,0.0
362,65,2.0,2,,2,2,8,0.000924,0.0011,0.003097
362,65,5.0,5,,2,2,8,0.0,0.0,0.0
362,69,1.0,1,,2,2,8,0.003926,0.001691,0.004502
362,69,2.0,2,,2,2,8,0.003748,0.004459,0.012398
362,69,5.0,5,,2,2,8,0.001324,0.002153,0.006069
362,81,2.0,2,,2,2,7,0.0,0.0,0.0
362,81,5.0,5,,2,2,7,0.0,0.0,0.0
362,89,2.0,2,,2,2,7,0.0,0.0,0.0
362,89,5.0,5,,2,2,7,0.0,0.0,0.0
362,91,1.0,1,,2,2,3,0.018578,0.025426,0.010941
362,91,2.0,2,,2,2,3,0.317842,2.610712,1.153442
362,91,5.0,5,,2,2,4,0.008879,0.002693,0.001738
362,92,1.0,1,,2,2,3,0.031817,0.043545,0.017516
362,92,2.0,2,,2,2,3,0.544354,4.471243,2.202307
362,92,5.0,5,,2,2,4,0.015207,0.004612,0.00256
362,99,1.0,1,,2,2,3,0.003786,0.005181,0.002397
362,99,2.0,2,,2,2,3,0.064769,0.532001,0.250464
362,99,5.0,5,,2,2,4,0.001809,0.000549,0.000347
362,101,1.0,1,,2,2,3,0.0,0.0,0.0
362,109,1.0,1,,2,2,3,0.0,0.0,0.0
362,121,1.0,1,,2,2,6,0.000827,0.001224,0.001331
362,121,5.0,5,,2,2,6,0.0,0.0,0.0
362,122,1.0,1,,2,2,6,0.003458,0.005115,0.007068
362,122,5.0,5,,2,2,7,0.0,0.0,0.0
362,123,1.0,1,,2,2,6,0.001631,0.002412,0.002883
362,123,5.0,5,,2,2,6,0.0,0.0,0.0
362,124,1.0,1,,2,2,6,0.001626,0.002405,0.003067
362,124,5.0,5,,2,2,7,0.0,0.0,0.0
362,129,1.0,1,,2,2,6,0.002142,0.003168,0.003891
362,129,5.0,5,,2,2,6,0.0,0.0,0.0
362,131,1.0,1,,2,2,5,0.00905,0.016933,0.015237
362,131,5.0,5,,2,2,5,0.0,0.0,0.0
362,132,1.0,1,,2,2,5,0.0,0.0,0.0
362,132,5.0,5,,2,2,6,0.0,0.0,0.0
362,139,1.0,1,,2,2,5,0.002232,0.004176,0.004073
362,139,5.0,5,,2,2,6,0.0,0.0,0.0
362,171,1.0,1,,2,2,4,0.002198,0.004458,0.00259
362,171,5.0,5,,2,2,4,0.054939,0.034034,0.020002
362,172,1.0,1,,2,2,5,0.0,0.0,0.0
362,172,5.0,5,,2,2,4,0.001896,0.001175,0.000838
362,179,1.0,1,,2,2,4,0.0,0.0,0.0
362,179,5.0,5,,2,2,4,0.010963,0.006792,0.004541
362,181,1.0,1,,2,2,4,0.0,0.0,0.0
362,182,1.0,1,,2,2,4,0.0,0.0,0.0
362,183,1.0,1,,2,2,3,0.0,0.0,0.0
362,189,1.0,1,,2,2,4,0.0,0.0,0.0
362,190,1.0,1,,2,2,5,0.0,0.0,0.0
362,201,1.0,1,,2,2,6,0.015219,0.106532,0.109336
362,201,3.0,2,,2,2,6,0.0,0.0,0.0
362,201,5.0,5,,2,2,6,0.0,0.0,0.0
362,202,1.0,1,,2,2,6,0.007597,0.053179,0.063557
362,202,3.0,2,,2,2,6,0.0,0.0,0.0
362,202,5.0,5,,2,2,6,0.0,0.0,0.0
362,209,1.0,1,,2,2,6,0.009584,0.067091,0.082432
362,209,3.0,2,,2,2,6,0.0,0.0,0.0
362,209,5.0,5,,2,2,6,0.0,0.0,0.0
362,211,1.0,1,,2,2,3,0.001385,0.000693,0.000324
362,212,1.0,1,,2,2,4,0.004659,0.00233,0.001313
362,219,1.0,1,,2,2,4,0.005956,0.002978,0.001846
362,221,1.0,1,,2,2,6,0.0,0.0,0.0
362,222,1.0,1,,2,2,6,0.0,0.0,0.0
362,223,1.0,1,,2,2,6,0.0,0.0,0.0
362,229,1.0,1,,2,2,6,0.0,0.0,0.0
362,230,1.0,1,,2,2,4,0.0,0.0,0.0
362,230,2.0,2,,2,2,4,0.899685,7.406439,5.264786
362,241,1.0,1,,2,2,3,0.106315,0.235076,0.088961
362,241,5.0,5,,2,2,4,0.0,0.0,0.0
362,242,1.0,1,,2,2,3,0.076907,0.170051,0.067631
362,242,5.0,5,,2,2,4,0.0,0.0,0.0
362,249,1.0,1,,2,2,3,0.016606,0.036717,0.015395
362,249,5.0,5,,2,2,4,0.0,0.0,0.0
362,251,1.0,1,,2,2,4,0.287441,0.158912,0.080724
362,259,1.0,1,,2,2,3,0.019788,0.01094,0.005199
362,261,1.0,1,,2,2,3,0.100248,0.583505,0.186271
362,261,5.0,5,,2,2,3,0.028609,0.012106,0.003954
362,262,1.0,1,,2,2,3,0.024972,0.145354,0.063538
362,262,5.0,5,,2,2,4,0.007127,0.003016,0.001694
362,269,1.0,1,,2,2,3,0.039609,0.230546,0.108841
362,269,5.0,5,,2,2,4,0.011304,0.004783,0.002798
362,271,1.0,1,,2,2,6,0.0,0.0,0.0
362,271,2.0,2,,2,2,5,0.054727,0.156511,0.154809
362,271,5.0,5,,2,2,6,0.0,0.0,0.0
362,279,1.0,1,,2,2,6,0.0,0.0,0.0
362,279,2.0,2,,2,2,6,0.014136,0.040427,0.0445
362,279,5.0,5,,2,2,6,0.0,0.0,0.0
362,291,1.0,1,,2,2,5,0.008861,0.028919,0.02875
362,292,1.0,1,,2,2,5,0.017536,0.057232,0.045044
362,299,1.0,1,,2,2,5,0.009127,0.029695,0.027301
362,311,1.0,1,,2,2,6,3.501924,24.509146,27.200501
362,319,1.0,1,,2,2,6,2.882925,20.180679,25.1501
362,321,1.0,1,,2,2,8,0.0,0.0,0.0
362,329,1.0,1,,2,2,8,0.0,0.0,0.0
362,331,1.0,1,,2,2,4,0.016289,0.023375,0.012302
362,339,1.0,1,,2,2,3,0.00401,0.006014,0.002967
362,341,1.0,1,,2,2,3,0.442381,0.742198,0.276252
362,341,5.0,5,,2,2,3,0.975301,0.550755,0.254849
362,342,1.0,1,,2,2,3,0.07413,0.124371,0.051158
362,342,5.0,5,,2,2,4,0.163432,0.092291,0.047028
362,350,1.0,1,,2,2,7,0.0,0.0,0.0
362,361,1.0,1,,2,2,3,2.21002,14.500386,4.625088
362,361,3.0,1,,2,2,3,0.693697,2.95368,0.942115
362,361,2.0,2,,2,2,3,0.060409,0.093598,0.029264
362,361,3.0,5,,2,2,3,0.346848,1.47684,0.47556
362,361,5.0,5,,2,2,3,0.005151,0.006442,0.002074
362,362,1.0,1,,2,2,1,2.328239,15.276044,0.391408
362,362,3.0,1,,2,2,1,1.096206,4.667519,0.119593
362,362,2.0,2,,2,2,1,0.063641,0.098605,0.003054
362,362,5.0,5,,2,2,1,0.005427,0.006786,0.000209
362,363,1.0,1,,2,2,3,45.519512,298.66275,115.929652
362,363,3.0,1,,2,2,3,10.441226,44.457516,17.256736
362,363,2.0,2,,2,2,3,1.244246,1.927832,0.842898
362,363,3.0,2,,2,2,3,0.0,0.0,0.0
362,363,3.0,5,,2,2,3,10.990764,46.797386,21.620383
362,363,5.0,5,,2,2,3,0.106099,0.132676,0.061296
362,364,1.0,1,,2,2,1,2.275422,14.929504,1.18505
362,364,3.0,1,,2,2,1,1.071339,4.561635,0.362086
362,364,2.0,2,,2,2,1,0.062197,0.096368,0.009434
362,364,5.0,5,,2,2,1,0.005304,0.006632,0.000654
362,369,1.0,1,,2,2,2,3.551416,23.301558,4.706074
362,369,3.0,1,,2,2,2,1.084616,4.618167,0.932703
362,369,2.0,2,,2,2,2,0.097076,0.150409,0.032631
362,369,3.0,2,,2,2,2,0.045192,0.192424,0.041747
362,369,3.0,5,,2,2,2,0.542308,2.309084,0.513509
362,369,5.0,5,,2,2,2,0.008278,0.010351,0.002302
362,371,1.0,1,,2,2,4,0.086165,0.124981,0.085353
362,371,2.0,2,,2,2,5,0.132573,0.952171,0.868208
362,371,5.0,5,,2,2,5,0.0,0.0,0.0
362,372,1.0,1,,2,2,4,0.046546,0.067514,0.042123
362,372,2.0,2,,2,2,5,0.071615,0.514355,0.46042
362,372,5.0,5,,2,2,5,0.0,0.0,0.0
362,373,1.0,1,,2,2,4,0.074391,0.107903,0.06977
362,373,2.0,2,,2,2,5,0.114457,0.82206,0.77678
362,373,5.0,5,,2,2,5,0.0,0.0,0.0
362,379,1.0,1,,2,2,4,0.07148,0.103681,0.071789
362,379,2.0,2,,2,2,5,0.109978,0.789893,0.702973
362,379,5.0,5,,2,2,5,0.0,0.0,0.0
362,380,1.0,1,,2,2,6,0.024321,0.122803,0.169854
362,391,1.0,1,,2,2,3,0.47131,3.234149,1.412151
362,391,2.0,2,,2,2,3,0.0,0.0,0.0
362,391,5.0,5,,2,2,3,0.011914,0.004166,0.001919
362,392,1.0,1,,2,2,2,0.809478,5.562551,1.201594
362,392,2.0,2,,2,2,2,0.0,0.0,0.0
362,392,5.0,5,,2,2,2,0.020493,0.007166,0.001578
362,393,1.0,1,,2,2,3,0.562121,3.86512,1.330919
362,393,2.0,2,,2,2,3,0.0,0.0,0.0
362,393,5.0,5,,2,2,3,0.01424,0.00498,0.001696
362,394,1.0,1,,2,2,3,0.213922,1.470919,0.59251
362,394,2.0,2,,2,2,3,0.0,0.0,0.0
362,394,5.0,5,,2,2,3,0.005419,0.001895,0.000722
362,399,1.0,1,,2,2,3,0.4616,3.173947,1.057451
362,399,2.0,2,,2,2,3,0.0,0.0,0.0
362,399,5.0,5,,2,2,3,0.01202,0.00462,0.001611
362,411,1.0,1,,2,2,8,0.063536,0.199847,0.539021
362,411,2.0,2,,2,2,8,0.0,0.0,0.0
362,419,1.0,1,,2,2,8,0.02078,0.064755,0.168279
362,419,2.0,2,,2,2,8,0.0,0.0,0.0
362,421,1.0,1,,2,2,3,1.520058,6.823892,2.51087
362,421,2.0,2,,2,2,3,1.096299,3.813826,1.759113
362,421,5.0,5,,2,2,3,0.431794,0.139388,0.064453
362,422,1.0,1,,2,2,2,0.738961,3.317366,0.727868
362,422,2.0,2,,2,2,3,0.532955,1.854053,0.485436
362,422,5.0,5,,2,2,3,0.209912,0.067762,0.017786
362,423,1.0,1,,2,2,3,0.219314,0.984549,0.305417
362,423,2.0,2,,2,2,3,0.158174,0.550258,0.198968
362,423,5.0,5,,2,2,3,0.062299,0.020111,0.007302
362,429,1.0,1,,2,2,2,0.96123,4.315185,0.977493
362,429,2.0,2,,2,2,3,0.69326,2.411727,0.743807
362,429,5.0,5,,2,2,3,0.273051,0.088144,0.027895
362,441,1.0,1,,2,2,4,0.0,0.0,0.0
362,451,1.0,1,,2,2,5,0.001631,0.001872,0.001642
362,452,1.0,1,,2,2,5,0.003899,0.00378,0.002967
362,459,1.0,1,,2,2,5,0.004325,0.004964,0.004006
362,471,1.0,1,,2,2,5,0.0,0.0,0.0
362,472,1.0,1,,2,2,4,0.0,0.0,0.0
362,473,1.0,1,,2,2,4,0.0,0.0,0.0
362,479,1.0,1,,2,2,5,0.0,0.0,0.0
362,481,1.0,1,,2,2,7,0.0,0.0,0.0
362,481,5.0,5,,2,2,7,0.0,0.0,0.0
362,482,5.0,5,,2,2,7,0.0,0.0,0.0
362,483,5.0,5,,2,2,8,0.0,0.0,0.0
362,484,1.0,1,,2,2,6,0.002306,0.000306,0.000424
362,484,5.0,5,,2,2,6,0.0,0.0,0.0
362,485,1.0,1,,2,2,7,0.0,0.0,0.0
362,485,5.0,5,,2,2,7,0.0,0.0,0.0
362,486,1.0,1,,2,2,7,0.002061,0.000273,0.000415
362,486,5.0,5,,2,2,7,0.0,0.0,0.0
362,487,5.0,5,,2,2,7,0.0,0.0,0.0
362,488,1.0,1,,2,2,7,0.0,0.0,0.0
362,488,5.0,5,,2,2,7,0.0,0.0,0.0
362,489,1.0,1,,2,2,7,0.0,0.0,0.0
362,489,5.0,5,,2,2,7,0.0,0.0,0.0
362,491,2.0,2,,2,2,8,0.0,0.0,0.0
362,499,2.0,2,,2,2,8,0.0,0.0,0.0
362,500,1.0,1,,2,2,3,0.0,0.0,0.0
362,511,1.0,1,,2,2,4,0.021851,0.091769,0.046335
362,511,2.0,2,,2,2,4,0.0,0.0,0.0
362,511,5.0,5,,2,2,4,0.0,0.0,0.0
362,512,1.0,1,,2,2,4,0.020856,0.087975,0.049354
362,512,2.0,2,,2,2,5,0.0,0.0,0.0
362,512,5.0,5,,2,2,5,0.0,0.0,0.0
362,513,1.0,1,,2,2,3,0.07009,0.295661,0.119793
362,513,2.0,2,,2,2,4,0.0,0.0,0.0
362,513,5.0,5,,2,2,4,0.0,0.0,0.0
362,519,1.0,1,,2,2,4,0.02564,0.108159,0.055608
362,519,2.0,2,,2,2,4,0.0,0.0,0.0
362,519,5.0,5,,2,2,4,0.0,0.0,0.0
362,531,1.0,1,,2,2,8,0.0,0.0,0.0
362,532,1.0,1,,2,2,8,0.0,0.0,0.0
362,539,1.0,1,,2,2,8,0.0,0.0,0.0
362,540,1.0,1,,2,2,3,0.0,0.0,0.0
362,551,1.0,1,,2,2,4,0.0,0.0,0.0
362,559,1.0,1,,2,2,5,0.0,0.0,0.0
369,61,2.0,2,,2,2,8,0.0,0.0,0.0
369,61,5.0,5,,2,2,8,0.004394,0.008669,0.025227
369,62,2.0,2,,2,2,8,0.0,0.0,0.0
369,62,5.0,5,,2,2,8,0.0,0.0,0.0
369,63,2.0,2,,2,2,8,0.0,0.0,0.0
369,63,5.0,5,,2,2,8,0.000854,0.001685,0.005009
369,64,2.0,2,,2,2,8,0.0,0.0,0.0
369,64,5.0,5,,2,2,8,0.004135,0.008157,0.024253
369,65,2.0,2,,2,2,8,0.0,0.0,0.0
369,65,5.0,5,,2,2,8,0.0,0.0,0.0
369,69,2.0,2,,2,2,8,0.0,0.0,0.0
369,69,5.0,5,,2,2,8,0.000592,0.001167,0.003507
369,81,1.0,1,,2,2,7,0.0,0.0,0.0
369,81,2.0,2,,2,2,7,0.0,0.0,0.0
369,89,1.0,1,,2,2,7,0.0,0.0,0.0
369,89,2.0,2,,2,2,7,0.0,0.0,0.0
369,91,1.0,1,,2,2,3,0.045184,0.007986,0.002381
369,91,2.0,2,,2,2,3,0.0,0.0,0.0
369,91,5.0,5,,2,2,3,0.002678,0.000844,0.000351
369,92,1.0,1,,2,2,3,0.077384,0.013678,0.00404
369,92,2.0,2,,2,2,3,0.0,0.0,0.0
369,92,5.0,5,,2,2,3,0.004733,0.001733,0.000593
369,99,1.0,1,,2,2,3,0.009229,0.001774,0.000601
369,99,2.0,2,,2,2,3,0.0,0.0,0.0
369,101,1.0,1,,2,2,3,0.012977,0.046127,0.016345
369,109,1.0,1,,2,2,3,0.001776,0.006314,0.002605
369,121,1.0,1,,2,2,6,0.001869,0.005699,0.006587
369,121,2.0,2,,2,2,6,0.013316,0.119652,0.158644
369,122,1.0,1,,2,2,6,0.007813,0.023823,0.034439
369,122,2.0,2,,2,2,7,0.055663,0.500149,0.833828
369,123,1.0,1,,2,2,6,0.003684,0.011233,0.014169
369,123,2.0,2,,2,2,6,0.026245,0.235819,0.337732
369,124,1.0,1,,2,2,6,0.003673,0.0112,0.014876
369,124,2.0,2,,2,2,6,0.026169,0.235142,0.352336
369,129,1.0,1,,2,2,6,0.004839,0.014756,0.019326
369,129,2.0,2,,2,2,6,0.034478,0.309795,0.457042
369,131,1.0,1,,2,2,6,0.004862,0.001833,0.001855
369,131,2.0,2,,2,2,6,0.088168,0.633874,0.725025
369,132,1.0,1,,2,2,6,0.0,0.0,0.0
369,132,2.0,2,,2,2,6,0.004638,0.033342,0.039487
369,139,1.0,1,,2,2,6,0.001199,0.000452,0.000483
369,139,2.0,2,,2,2,6,0.021744,0.156326,0.194194
369,160,5.0,5,,2,2,8,0.0,0.0,0.0
369,171,1.0,1,,2,2,5,0.0,0.0,0.0
369,171,5.0,5,,2,2,5,0.0,0.0,0.0
369,172,5.0,5,,2,2,5,0.0,0.0,0.0
369,179,1.0,1,,2,2,5,0.0,0.0,0.0
369,179,5.0,5,,2,2,5,0.0,0.0,0.0
369,181,1.0,1,,2,2,4,0.0,0.0,0.0
369,182,1.0,1,,2,2,4,0.002962,0.000747,0.000538
369,189,1.0,1,,2,2,4,0.00256,0.000646,0.000484
369,201,1.0,1,,2,2,6,0.00248,0.015975,0.019818
369,202,1.0,1,,2,2,6,0.001238,0.007974,0.011332
369,209,1.0,1,,2,2,6,0.001562,0.010061,0.014522
369,211,1.0,1,,2,2,4,0.0,0.0,0.0
369,211,2.0,2,,2,2,4,0.0,0.0,0.0
369,212,1.0,1,,2,2,5,0.0,0.0,0.0
369,212,2.0,2,,2,2,5,0.0,0.0,0.0
369,219,1.0,1,,2,2,5,0.0,0.0,0.0
369,219,2.0,2,,2,2,5,0.0,0.0,0.0
369,230,1.0,1,,2,2,3,0.004742,0.028073,0.013017
369,241,1.0,1,,2,2,3,0.042091,0.207492,0.079392
369,241,2.0,2,,2,2,4,0.101041,0.626319,0.316882
369,242,1.0,1,,2,2,3,0.030448,0.150098,0.0628
369,242,2.0,2,,2,2,4,0.073092,0.453072,0.248805
369,249,1.0,1,,2,2,3,0.006574,0.032409,0.013691
369,249,2.0,2,,2,2,4,0.015782,0.097827,0.053582
369,251,1.0,1,,2,2,3,1.391673,7.702685,2.693281
369,251,2.0,2,,2,2,3,0.0,0.0,0.0
369,259,1.0,1,,2,2,3,0.095807,0.530274,0.164432
369,259,2.0,2,,2,2,3,0.0,0.0,0.0
369,261,1.0,1,,2,2,3,0.058979,0.376221,0.183891
369,262,1.0,1,,2,2,4,0.014692,0.093718,0.05673
369,269,1.0,1,,2,2,4,0.023303,0.148647,0.096108
369,271,1.0,1,,2,2,6,0.011312,0.077963,0.094229
369,271,2.0,2,,2,2,6,0.0,0.0,0.0
369,279,1.0,1,,2,2,6,0.002922,0.020138,0.025766
369,279,2.0,2,,2,2,6,0.0,0.0,0.0
369,291,2.0,2,,2,2,6,0.054016,0.024747,0.029571
369,292,2.0,2,,2,2,5,0.106899,0.048974,0.047519
369,299,2.0,2,,2,2,6,0.055177,0.025279,0.027976
369,300,1.0,1,,2,2,8,0.017903,0.130443,0.277226
369,311,2.0,2,,2,2,6,0.118507,0.690178,0.862485
369,319,2.0,2,,2,2,6,0.097579,0.56829,0.802068
369,321,1.0,1,,2,2,8,0.011962,0.001868,0.004887
369,329,1.0,1,,2,2,8,0.004177,0.000632,0.001667
369,331,1.0,1,,2,2,3,0.0,0.0,0.0
369,339,1.0,1,,2,2,3,0.0,0.0,0.0
369,341,1.0,1,,2,2,3,0.017924,0.021554,0.006183
369,341,2.0,2,,2,2,3,0.0,0.0,0.0
369,341,5.0,5,,2,2,3,0.01339,0.010294,0.003463
369,342,1.0,1,,2,2,3,0.003003,0.003612,0.001198
369,342,2.0,2,,2,2,3,0.0,0.0,0.0
369,342,5.0,5,,2,2,3,0.002244,0.001725,0.000728
369,361,1.0,1,,2,2,2,0.712866,3.580475,0.604173
369,361,2.0,2,,2,2,2,0.508886,2.076474,0.460714
369,361,5.0,5,,2,2,2,0.026644,0.066801,0.012053
369,362,1.0,1,,2,2,2,0.750999,3.772003,0.801825
369,362,2.0,2,,2,2,2,0.536108,2.18755,0.536151
369,362,5.0,5,,2,2,2,0.02807,0.070375,0.014614
369,363,1.0,1,,2,2,3,14.682819,73.74662,21.773458
369,363,2.0,2,,2,2,3,10.481472,42.768902,14.825812
369,363,5.0,5,,2,2,3,0.548791,1.375902,0.445521
369,364,1.0,1,,2,2,2,0.733962,3.686434,0.532115
369,364,2.0,2,,2,2,2,0.523946,2.137925,0.396347
369,364,5.0,5,,2,2,2,0.028562,0.069996,0.009081
369,369,1.0,1,,2,2,2,1.145548,5.753685,0.796114
369,369,2.0,2,,2,2,2,0.817761,3.336813,0.611939
369,369,5.0,5,,2,2,2,0.042816,0.107347,0.014766
369,371,1.0,1,,2,2,5,0.0,0.0,0.0
369,371,2.0,2,,2,2,5,0.019941,0.137654,0.129771
369,372,1.0,1,,2,2,4,0.0,0.0,0.0
369,372,2.0,2,,2,2,5,0.010772,0.074359,0.062814
369,373,1.0,1,,2,2,4,0.0,0.0,0.0
369,373,2.0,2,,2,2,5,0.017216,0.118844,0.108648
369,379,1.0,1,,2,2,5,0.0,0.0,0.0
369,379,2.0,2,,2,2,5,0.016542,0.114193,0.103574
369,380,1.0,1,,2,2,7,0.015735,0.105729,0.165656
369,391,1.0,1,,2,2,4,0.001212,0.008882,0.005733
369,391,5.0,5,,2,2,4,0.0,0.0,0.0
369,392,1.0,1,,2,2,3,0.000937,0.014987,0.006156
369,392,5.0,5,,2,2,3,0.0,0.0,0.0
369,393,1.0,1,,2,2,4,0.000651,0.010414,0.005745
369,393,5.0,5,,2,2,4,0.0,0.0,0.0
369,394,1.0,1,,2,2,4,0.000248,0.003963,0.002408
369,394,5.0,5,,2,2,4,0.0,0.0,0.0
369,399,1.0,1,,2,2,4,0.000607,0.009038,0.004871
369,399,5.0,5,,2,2,4,0.0,0.0,0.0
369,411,1.0,1,,2,2,8,0.08584,0.233098,0.686313
369,411,2.0,2,,2,2,8,0.0,0.0,0.0
369,419,1.0,1,,2,2,8,0.028128,0.074666,0.212242
369,419,2.0,2,,2,2,8,0.0,0.0,0.0
369,421,1.0,1,,2,2,3,1.339809,5.971521,1.771665
369,421,2.0,2,,2,2,3,0.534647,3.568627,1.484468
369,421,5.0,5,,2,2,3,0.004934,0.001829,0.00073
369,422,1.0,1,,2,2,3,0.651335,2.902994,1.195426
369,422,2.0,2,,2,2,3,0.259913,1.734852,0.818305
369,422,5.0,5,,2,2,3,0.002133,0.000806,0.000359
369,423,1.0,1,,2,2,2,0.193307,0.861569,0.204683
369,423,2.0,2,,2,2,3,0.077139,0.514881,0.18812
369,423,5.0,5,,2,2,3,0.0,0.0,0.0
369,429,1.0,1,,2,2,3,0.847247,3.776176,1.072155
369,429,2.0,2,,2,2,3,0.338091,2.256672,0.989013
369,429,5.0,5,,2,2,3,0.002775,0.001048,0.000373
369,451,1.0,1,,2,2,5,0.007411,0.018944,0.01798
369,451,2.0,2,,2,2,6,0.011813,0.083739,0.088467
369,452,1.0,1,,2,2,5,0.013312,0.03403,0.029782
369,452,2.0,2,,2,2,6,0.021219,0.15042,0.158348
369,459,1.0,1,,2,2,5,0.019649,0.050228,0.044072
369,459,2.0,2,,2,2,6,0.03132,0.222021,0.229762
369,471,1.0,1,,2,2,6,0.0,0.0,0.0
369,472,1.0,1,,2,2,6,0.0,0.0,0.0
369,473,1.0,1,,2,2,5,0.0,0.0,0.0
369,479,1.0,1,,2,2,6,0.0,0.0,0.0
369,481,1.0,1,,2,2,7,0.000515,0.003449,0.006397
369,481,2.0,2,,2,2,7,0.0,0.0,0.0
369,482,1.0,1,,2,2,7,0.0,0.0,0.0
369,482,2.0,2,,2,2,7,0.0,0.0,0.0
369,483,1.0,1,,2,2,8,0.0,0.0,0.0
369,483,2.0,2,,2,2,7,0.0,0.0,0.0
369,484,1.0,1,,2,2,7,0.001692,0.01134,0.018976
369,484,2.0,2,,2,2,7,0.0,0.0,0.0
369,485,1.0,1,,2,2,8,0.0,0.0,0.0
369,485,2.0,2,,2,2,8,0.0,0.0,0.0
369,486,1.0,1,,2,2,7,0.001512,0.010136,0.017966
369,486,2.0,2,,2,2,7,0.0,0.0,0.0
369,487,1.0,1,,2,2,8,0.0,0.0,0.0
369,487,2.0,2,,2,2,8,0.0,0.0,0.0
369,488,1.0,1,,2,2,7,0.000369,0.002473,0.004811
369,488,2.0,2,,2,2,7,0.0,0.0,0.0
369,489,1.0,1,,2,2,7,0.000714,0.004787,0.008693
369,489,2.0,2,,2,2,7,0.0,0.0,0.0
369,500,1.0,1,,2,2,2,5.78085,35.54921,8.598749
369,500,2.0,2,,2,2,3,0.0,0.0,0.0
369,500,5.0,5,,2,2,3,0.0,0.0,0.0
369,511,1.0,1,,2,2,4,0.024961,0.142492,0.076712
369,511,2.0,2,,2,2,4,0.0,0.0,0.0
369,512,1.0,1,,2,2,4,0.023932,0.136621,0.080386
369,512,2.0,2,,2,2,5,0.0,0.0,0.0
369,513,1.0,1,,2,2,3,0.08043,0.459147,0.20363
369,513,2.0,2,,2,2,4,0.0,0.0,0.0
369,519,1.0,1,,2,2,4,0.029423,0.167965,0.096713
369,519,2.0,2,,2,2,4,0.0,0.0,0.0
369,531,5.0,5,,2,2,8,0.0,0.0,0.0
369,532,5.0,5,,2,2,8,0.0,0.0,0.0
369,539,5.0,5,,2,2,8,0.0,0.0,0.0
369,540,1.0,1,,2,2,4,0.0,0.0,0.0
369,551,1.0,1,,2,2,5,0.0,0.0,0.0
369,559,1.0,1,,2,2,6,0.0,0.0,0.0
380,11,1.0,1,,2,2,6,0.042672,0.046637,0.06968
380,11,2.0,2,,2,2,7,0.515338,2.076053,3.120308
380,12,1.0,1,,2,2,7,0.015397,0.016827,0.027968
380,12,2.0,2,,2,2,7,0.185943,0.749076,1.270083
380,19,1.0,1,,2,2,7,0.06438,0.070362,0.10768
380,19,2.0,2,,2,2,7,0.777503,3.132193,4.861535
380,41,1.0,1,,2,2,7,0.0,0.0,0.0
380,41,2.0,2,,2,2,8,0.032021,0.077337,0.168369
380,42,1.0,1,,2,2,7,0.0,0.0,0.0
380,42,2.0,2,,2,2,8,0.005209,0.012582,0.027367
380,49,1.0,1,,2,2,7,0.0,0.0,0.0
380,49,2.0,2,,2,2,8,0.003773,0.009113,0.018929
380,50,1.0,1,,2,2,6,0.017452,0.0952,0.109518
380,50,2.0,2,,2,2,6,0.0,0.0,0.0
380,61,1.0,1,,2,2,7,0.031979,0.09972,0.175147
380,61,2.0,2,,2,2,8,0.275813,1.458912,3.33265
380,62,1.0,1,,2,2,7,0.00361,0.011256,0.019007
380,62,2.0,2,,2,2,7,0.031132,0.164675,0.32494
380,63,1.0,1,,2,2,7,0.006215,0.019381,0.035104
380,63,2.0,2,,2,2,8,0.053606,0.283548,0.71822
380,64,1.0,1,,2,2,7,0.030239,0.094252,0.169154
380,64,2.0,2,,2,2,8,0.259532,1.372794,2.822305
380,65,1.0,1,,2,2,7,0.001062,0.003311,0.006129
380,65,2.0,2,,2,2,8,0.009158,0.04844,0.10321
380,69,1.0,1,,2,2,7,0.004306,0.013426,0.02366
380,69,2.0,2,,2,2,7,0.037134,0.196422,0.390872
380,81,1.0,1,,2,2,5,0.326556,0.832677,0.714063
380,81,2.0,2,,2,2,6,4.7687,14.457474,15.356713
380,89,1.0,1,,2,2,5,0.115025,0.293299,0.280821
380,89,2.0,2,,2,2,6,1.679709,5.092446,6.140522
380,91,1.0,1,,2,2,7,0.0,0.0,0.0
380,92,1.0,1,,2,2,7,0.0,0.0,0.0
380,99,1.0,1,,2,2,7,0.0,0.0,0.0
380,101,1.0,1,,2,2,7,0.0,0.0,0.0
380,101,2.0,2,,2,2,7,0.11004,0.259045,0.432527
380,109,1.0,1,,2,2,7,0.0,0.0,0.0
380,109,2.0,2,,2,2,7,0.015061,0.035456,0.061183
380,121,1.0,1,,2,2,7,0.010885,0.021215,0.039755
380,121,2.0,2,,2,2,7,0.374427,1.815079,3.475011
380,122,1.0,1,,2,2,8,0.045499,0.088677,0.191271
380,122,2.0,2,,2,2,8,1.565117,7.587094,17.021056
380,123,1.0,1,,2,2,7,0.021453,0.041811,0.081721
380,123,2.0,2,,2,2,8,0.73795,3.577301,7.226735
380,124,1.0,1,,2,2,7,0.021391,0.041691,0.081948
380,124,2.0,2,,2,2,8,0.73583,3.567027,7.441407
380,129,1.0,1,,2,2,7,0.028182,0.054927,0.103189
380,129,2.0,2,,2,2,7,0.969443,4.699494,9.220024
380,131,1.0,1,,2,2,7,0.0,0.0,0.0
380,131,2.0,2,,2,2,7,0.0,0.0,0.0
380,132,1.0,1,,2,2,7,0.0,0.0,0.0
380,132,2.0,2,,2,2,7,0.0,0.0,0.0
380,139,1.0,1,,2,2,7,0.0,0.0,0.0
380,139,2.0,2,,2,2,7,0.0,0.0,0.0
380,160,1.0,1,,2,2,6,0.066154,0.066046,0.067598
380,160,2.0,2,,2,2,6,0.0,0.0,0.0
380,171,1.0,1,,2,2,5,0.514615,1.771457,1.429777
380,171,2.0,2,,2,2,5,17.050566,82.045502,67.755
380,172,1.0,1,,2,2,5,0.017761,0.061139,0.060498
380,172,2.0,2,,2,2,5,0.588477,2.83169,2.780048
380,179,1.0,1,,2,2,5,0.102692,0.353497,0.325627
380,179,2.0,2,,2,2,5,3.402471,16.372334,14.881589
380,181,1.0,1,,2,2,5,0.099178,0.370083,0.334703
380,181,2.0,2,,2,2,5,0.493382,2.042216,1.791214
380,182,1.0,1,,2,2,6,0.42157,1.573091,1.655371
380,182,2.0,2,,2,2,6,2.097187,8.680723,9.242263
380,183,1.0,1,,2,2,6,0.094937,0.35426,0.358174
380,183,2.0,2,,2,2,5,0.472286,1.954897,1.927331
380,189,1.0,1,,2,2,6,0.36434,1.359538,1.423772
380,189,2.0,2,,2,2,6,1.812486,7.502281,7.841063
380,190,1.0,1,,2,2,4,6.38541,27.725712,17.060722
380,190,2.0,2,,2,2,4,93.262184,428.979126,294.284822
380,201,1.0,1,,2,2,5,0.077219,0.18719,0.143033
380,201,2.0,2,,2,2,5,0.818656,4.132187,3.643113
380,202,1.0,1,,2,2,5,0.038547,0.093442,0.078234
380,202,2.0,2,,2,2,6,0.408662,2.06273,2.241159
380,209,1.0,1,,2,2,5,0.048631,0.117887,0.094061
380,209,2.0,2,,2,2,6,0.515569,2.602347,2.749556
380,211,1.0,1,,2,2,6,0.016558,0.049584,0.057518
380,211,2.0,2,,2,2,6,0.763515,4.353325,5.137061
380,212,1.0,1,,2,2,6,0.05569,0.166767,0.196997
380,212,2.0,2,,2,2,6,2.567947,14.641635,17.825945
380,219,1.0,1,,2,2,6,0.071186,0.213173,0.263029
380,219,2.0,2,,2,2,6,3.28252,18.715902,23.385663
380,221,1.0,1,,2,2,7,0.00232,0.008212,0.012808
380,221,2.0,2,,2,2,7,0.14389,1.092138,1.861393
380,222,1.0,1,,2,2,7,0.000527,0.001867,0.002838
380,222,2.0,2,,2,2,7,0.032707,0.248246,0.454189
380,223,1.0,1,,2,2,7,0.003479,0.012315,0.020035
380,223,2.0,2,,2,2,7,0.215775,1.63775,2.854376
380,229,1.0,1,,2,2,6,0.003737,0.013226,0.018744
380,229,2.0,2,,2,2,7,0.231744,1.758957,2.8971
380,230,1.0,1,,2,2,7,0.0,0.0,0.0
380,230,2.0,2,,2,2,8,0.0,0.0,0.0
380,241,1.0,1,,2,2,7,0.007866,0.023409,0.04073
380,242,1.0,1,,2,2,7,0.00569,0.016934,0.029372
380,249,1.0,1,,2,2,7,0.001229,0.003656,0.006441
380,251,1.0,1,,2,2,7,0.002148,0.006082,0.011174
380,251,2.0,2,,2,2,7,0.679367,1.797267,3.320112
380,259,1.0,1,,2,2,7,0.0,0.0,0.0
380,259,2.0,2,,2,2,7,0.04677,0.123729,0.212989
380,261,1.0,1,,2,2,6,0.049544,0.143115,0.155038
380,261,2.0,2,,2,2,6,0.0,0.0,0.0
380,262,1.0,1,,2,2,6,0.012342,0.035651,0.036606
380,262,2.0,2,,2,2,6,0.0,0.0,0.0
380,269,1.0,1,,2,2,5,0.019575,0.056546,0.051702
380,269,2.0,2,,2,2,6,0.0,0.0,0.0
380,271,1.0,1,,2,2,3,32.08205,159.86586,62.430663
380,271,2.0,2,,2,2,3,113.003487,522.509094,210.337427
380,279,1.0,1,,2,2,3,8.286893,41.293846,13.816704
380,279,2.0,2,,2,2,3,29.18915,134.965714,46.793615
380,280,1.0,1,,2,2,7,0.0,0.0,0.0
380,280,2.0,2,,2,2,7,0.0,0.0,0.0
380,291,1.0,1,,2,2,5,0.15161,0.505467,0.383787
380,291,2.0,2,,2,2,5,9.994284,37.046619,32.57535
380,292,1.0,1,,2,2,5,0.30004,1.000332,0.971183
380,292,2.0,2,,2,2,6,19.778946,73.316238,74.103194
380,299,1.0,1,,2,2,5,0.154868,0.51633,0.464819
380,299,2.0,2,,2,2,6,10.209069,37.842796,38.327266
380,300,1.0,1,,2,2,4,0.039334,0.106309,0.063884
380,300,2.0,2,,2,2,4,0.0,0.0,0.0
380,311,1.0,1,,2,2,4,3.691424,18.851503,10.804315
380,311,2.0,2,,2,2,4,11.12541,52.755325,33.950857
380,319,1.0,1,,2,2,4,3.039507,15.522267,9.373239
380,319,2.0,2,,2,2,5,9.160626,43.438568,33.287382
380,321,1.0,1,,2,2,7,0.00588,0.018477,0.028366
380,329,1.0,1,,2,2,7,0.002098,0.006593,0.009971
380,331,1.0,1,,2,2,7,0.0,0.0,0.0
380,339,1.0,1,,2,2,7,0.0,0.0,0.0
380,341,1.0,1,,2,2,7,0.015835,0.026551,0.044678
380,342,1.0,1,,2,2,7,0.002654,0.004449,0.007993
380,350,2.0,2,,2,2,7,0.013614,0.0875,0.142267
380,361,1.0,1,,2,2,7,0.006282,0.026436,0.044181
380,361,2.0,2,,2,2,7,0.740088,3.154894,5.211802
380,362,1.0,1,,2,2,6,0.006618,0.02785,0.03677
380,362,2.0,2,,2,2,6,0.779677,3.323657,4.534947
380,363,1.0,1,,2,2,7,0.129395,0.544493,0.948946
380,363,2.0,2,,2,2,7,15.243504,64.980988,113.924437
380,364,1.0,1,,2,2,6,0.006468,0.027218,0.038416
380,364,2.0,2,,2,2,6,0.76199,3.248259,4.670072
380,369,1.0,1,,2,2,6,0.010095,0.042481,0.063315
380,369,2.0,2,,2,2,7,1.189293,5.069792,7.91403
380,371,1.0,1,,2,2,7,0.022495,0.068046,0.11171
380,371,2.0,2,,2,2,7,3.577958,14.694766,25.143704
380,372,1.0,1,,2,2,7,0.012152,0.036758,0.060757
380,372,2.0,2,,2,2,7,1.932781,7.937981,13.858839
380,373,1.0,1,,2,2,7,0.019421,0.058747,0.102045
380,373,2.0,2,,2,2,7,3.089041,12.686769,23.155874
380,379,1.0,1,,2,2,7,0.018661,0.056449,0.096828
380,379,2.0,2,,2,2,7,2.968166,12.190335,21.811401
380,380,1.0,1,,2,2,2,61.807838,269.846558,55.957699
380,380,2.0,2,,2,2,2,24.873259,89.965019,20.609204
380,391,1.0,1,,2,2,6,0.101205,0.343817,0.397844
380,391,2.0,2,,2,2,6,0.842197,4.390975,5.093224
380,392,1.0,1,,2,2,6,0.174071,0.591362,0.729634
380,392,2.0,2,,2,2,6,1.448571,7.552436,8.910727
380,393,1.0,1,,2,2,6,0.120954,0.410911,0.508947
380,393,2.0,2,,2,2,6,1.006547,5.247848,6.153492
380,394,1.0,1,,2,2,6,0.046031,0.156377,0.178683
380,394,2.0,2,,2,2,6,0.383054,1.997133,2.269137
380,399,1.0,1,,2,2,6,0.099325,0.337431,0.404157
380,399,2.0,2,,2,2,6,0.826553,4.309411,4.960998
380,401,1.0,1,,2,2,5,0.133455,0.342744,0.338542
380,401,2.0,2,,2,2,6,0.025399,0.237397,0.291928
380,402,1.0,1,,2,2,6,0.122624,0.314928,0.315296
380,402,2.0,2,,2,2,6,0.023338,0.21813,0.252987
380,409,1.0,1,,2,2,6,0.072844,0.187081,0.189927
380,409,2.0,2,,2,2,6,0.013864,0.129579,0.162446
380,411,1.0,1,,2,2,6,0.029575,0.067727,0.0973
380,411,2.0,2,,2,2,6,0.057398,0.21051,0.307829
380,419,1.0,1,,2,2,6,0.009451,0.021643,0.030813
380,419,2.0,2,,2,2,6,0.018342,0.067272,0.100142
380,421,1.0,1,,2,2,7,0.181649,0.57956,1.002666
380,421,2.0,2,,2,2,7,5.63504,24.673115,40.695334
380,422,1.0,1,,2,2,6,0.088307,0.281747,0.409207
380,422,2.0,2,,2,2,6,2.739417,11.994583,15.691942
380,423,1.0,1,,2,2,7,0.026208,0.083619,0.136693
380,423,2.0,2,,2,2,7,0.813022,3.559829,6.023605
380,429,1.0,1,,2,2,7,0.114868,0.366493,0.555903
380,429,2.0,2,,2,2,6,3.563397,15.602391,23.402477
380,441,1.0,1,,2,2,8,0.0,0.0,0.0
380,451,1.0,1,,2,2,7,0.007299,0.003286,0.005753
380,451,2.0,2,,2,2,7,2.169439,7.618974,14.283768
380,452,1.0,1,,2,2,7,0.013111,0.005902,0.009418
380,452,2.0,2,,2,2,7,3.896958,13.685942,23.436898
380,459,1.0,1,,2,2,7,0.019352,0.008712,0.014892
380,459,2.0,2,,2,2,7,5.75193,20.200518,36.673881
380,460,1.0,1,,2,2,3,4.266225,25.289404,9.403395
380,471,1.0,1,,2,2,6,0.001108,0.004266,0.005337
380,471,2.0,2,,2,2,6,0.757824,3.112027,3.936585
380,472,1.0,1,,2,2,6,0.002179,0.008388,0.010985
380,472,2.0,2,,2,2,6,1.489905,6.118343,7.905299
380,473,1.0,1,,2,2,6,0.000854,0.003287,0.004659
380,473,2.0,2,,2,2,6,0.583837,2.397545,3.49928
380,479,1.0,1,,2,2,6,0.001479,0.005696,0.007569
380,479,2.0,2,,2,2,6,1.011686,4.15452,5.651403
380,481,1.0,1,,2,2,6,0.013716,0.024162,0.03302
380,481,2.0,2,,2,2,7,0.858044,3.274083,5.331514
380,482,1.0,1,,2,2,6,0.001897,0.003341,0.004908
380,482,2.0,2,,2,2,7,0.118649,0.452734,0.794555
380,483,1.0,1,,2,2,7,0.002151,0.00379,0.006051
380,483,2.0,2,,2,2,7,0.134578,0.513517,0.968918
380,484,1.0,1,,2,2,6,0.052162,0.091887,0.109014
380,484,2.0,2,,2,2,6,3.263101,12.451181,17.949211
380,485,1.0,1,,2,2,7,0.002237,0.003941,0.006082
380,485,2.0,2,,2,2,7,0.139955,0.534035,0.966646
380,486,1.0,1,,2,2,6,0.046627,0.082136,0.116261
380,486,2.0,2,,2,2,7,2.916837,11.129923,19.066149
380,487,1.0,1,,2,2,7,0.000673,0.001185,0.001892
380,487,2.0,2,,2,2,7,0.042094,0.16062,0.289554
380,488,1.0,1,,2,2,6,0.011376,0.02004,0.029101
380,488,2.0,2,,2,2,7,0.711648,2.715473,4.732223
380,489,1.0,1,,2,2,6,0.022021,0.038791,0.050317
380,489,2.0,2,,2,2,7,1.377549,5.256383,8.448837
380,491,1.0,1,,2,2,6,0.046068,0.270691,0.296176
380,491,2.0,2,,2,2,6,0.0,0.0,0.0
380,499,1.0,1,,2,2,6,0.005303,0.031162,0.037568
380,499,2.0,2,,2,2,7,0.0,0.0,0.0
380,500,1.0,1,,2,2,7,0.021002,0.051557,0.082651
380,511,1.0,1,,2,2,7,0.02573,0.11441,0.195793
380,511,2.0,2,,2,2,7,1.216907,5.035749,8.673992
380,512,1.0,1,,2,2,7,0.02467,0.109696,0.194022
380,512,2.0,2,,2,2,7,1.166769,4.82827,8.773004
380,513,1.0,1,,2,2,7,0.08291,0.368658,0.631558
380,513,2.0,2,,2,2,7,3.921199,16.226528,27.013948
380,519,1.0,1,,2,2,7,0.03033,0.134863,0.217814
380,519,2.0,2,,2,2,7,1.434456,5.936001,9.729281
380,531,1.0,1,,2,2,6,0.048885,0.046543,0.063341
380,531,2.0,2,,2,2,6,0.993586,4.519203,6.339485
380,532,1.0,1,,2,2,6,0.003115,0.002966,0.004146
380,532,2.0,2,,2,2,6,0.063317,0.28799,0.408774
380,539,1.0,1,,2,2,6,0.009873,0.0094,0.011578
380,539,2.0,2,,2,2,6,0.200671,0.912727,1.112513
380,540,1.0,1,,2,2,7,0.0,0.0,0.0
380,551,1.0,1,,2,2,4,1.48462,5.106769,3.617603
380,551,2.0,2,,2,2,4,48.424255,246.599167,176.457818
380,559,1.0,1,,2,2,4,2.19396,7.546742,4.369407
380,559,2.0,2,,2,2,4,71.560974,364.422272,214.08013
380,560,1.0,1,,2,2,4,0.021,0.050001,0.035245
399,311,3.0,2,,2,2,4,6.95338,38.764721,29.063145
399,319,3.0,2,,2,2,5,5.725391,31.918739,29.002909
399,341,3.0,3,,2,2,5,1.597847,11.30551,9.374431
399,342,3.0,3,,2,2,6,0.267753,1.894478,1.936378
399,391,3.0,3,,2,2,7,9.796141,64.675247,116.095426
399,392,3.0,2,,2,2,2,16.84927,111.240799,14.880867
399,393,3.0,2,,2,2,2,11.7078,77.296242,12.628253
399,394,3.0,5,,2,2,2,4.455547,29.416037,4.180777
399,399,3.0,1,,2,2,2,7.21063,48.044353,6.769597
399,399,3.0,3,,2,2,4,2.403543,15.868469,9.708579
471,190,4.0,4,,2,2,4,0.0,0.0,0.0
471,271,4.0,4,,2,2,4,0.0,0.0,0.0
471,279,4.0,4,,2,2,5,0.0,0.0,0.0
471,451,4.0,4,,2,2,4,0.0,0.0,0.0
471,452,4.0,4,,2,2,3,0.0,0.0,0.0
471,459,4.0,4,,2,2,4,0.0,0.0,0.0
486,484,3.0,1,,2,2,3,0.0,0.0,0.0
486,486,3.0,2,,2,2,1,0.0,0.0,0.0
486,486,3.0,3,,2,2,1,0.0,0.0,0.0
486,488,3.0,1,,2,2,2,0.0,0.0,0.0
486,489,3.0,1,,2,2,3,0.0,0.0,0.0
500,61,1.0,1,,2,2,8,0.00142,0.009428,0.028712
500,62,1.0,1,,2,2,8,0.00016,0.001064,0.003192
500,63,1.0,1,,2,2,8,0.000276,0.001832,0.005847
500,64,1.0,1,,2,2,8,0.001336,0.008872,0.027766
500,65,1.0,1,,2,2,8,0.0,0.0,0.0
500,69,1.0,1,,2,2,8,0.000191,0.001269,0.003937
500,91,1.0,1,,2,2,3,0.017173,0.065854,0.017599
500,91,2.0,2,,2,2,3,0.544252,3.830513,1.061311
500,92,1.0,1,,2,2,3,0.029411,0.112785,0.033424
500,92,2.0,2,,2,2,3,0.932116,6.560339,2.077598
500,99,1.0,1,,2,2,3,0.003499,0.013419,0.004009
500,99,2.0,2,,2,2,3,0.110906,0.780568,0.223147
500,101,1.0,1,,2,2,4,0.028558,0.15353,0.07741
500,109,1.0,1,,2,2,4,0.003909,0.021014,0.011834
500,171,1.0,1,,2,2,5,0.0,0.0,0.0
500,172,1.0,1,,2,2,6,0.0,0.0,0.0
500,179,1.0,1,,2,2,6,0.0,0.0,0.0
500,190,1.0,1,,2,2,6,0.155201,1.004741,1.28631
500,211,2.0,2,,2,2,5,0.0,0.0,0.0
500,212,2.0,2,,2,2,6,0.0,0.0,0.0
500,219,2.0,2,,2,2,6,0.0,0.0,0.0
500,230,1.0,1,,2,2,3,1.01795,5.463023,1.522094
500,230,2.0,2,,2,2,3,0.988,5.78847,2.204214
500,241,1.0,1,,2,2,4,0.032773,0.195344,0.108765
500,242,1.0,1,,2,2,4,0.023708,0.14131,0.084893
500,249,1.0,1,,2,2,4,0.005119,0.030511,0.017814
500,251,1.0,1,,2,2,3,0.932897,4.371117,1.10294
500,259,1.0,1,,2,2,3,0.064223,0.30092,0.075515
500,261,1.0,1,,2,2,4,0.0,0.0,0.0
500,262,1.0,1,,2,2,5,0.0,0.0,0.0
500,269,1.0,1,,2,2,5,0.0,0.0,0.0
500,271,1.0,1,,2,2,6,0.0,0.0,0.0
500,279,1.0,1,,2,2,6,0.0,0.0,0.0
500,300,1.0,1,,2,2,8,0.012662,0.049284,0.111442
500,311,1.0,1,,2,2,6,0.045331,0.296267,0.42694
500,319,1.0,1,,2,2,7,0.037326,0.243945,0.388085
500,331,1.0,1,,2,2,2,0.06033,0.249528,0.048016
500,339,1.0,1,,2,2,2,0.013216,0.054637,0.008373
500,341,1.0,1,,2,2,3,0.0,0.0,0.0
500,342,1.0,1,,2,2,3,0.0,0.0,0.0
500,361,1.0,1,,2,2,2,0.009232,0.037581,0.006722
500,361,2.0,2,,2,2,3,0.0,0.0,0.0
500,362,1.0,1,,2,2,3,0.009726,0.039591,0.016807
500,362,2.0,2,,2,2,4,0.0,0.0,0.0
500,363,1.0,1,,2,2,3,0.190145,0.774053,0.2653
500,363,2.0,2,,2,2,3,0.0,0.0,0.0
500,364,1.0,1,,2,2,3,0.009505,0.038693,0.013345
500,364,2.0,2,,2,2,4,0.0,0.0,0.0
500,369,1.0,1,,2,2,3,0.014835,0.060391,0.015956
500,369,2.0,2,,2,2,3,0.0,0.0,0.0
500,411,2.0,2,,2,2,8,0.074404,0.293742,0.944225
500,419,2.0,2,,2,2,8,0.023777,0.09387,0.298471
500,421,1.0,1,,2,2,3,0.603672,3.983505,1.752599
500,421,2.0,2,,2,2,4,0.0,0.0,0.0
500,422,1.0,1,,2,2,4,0.293469,1.93654,1.222927
500,422,2.0,2,,2,2,5,0.0,0.0,0.0
500,423,1.0,1,,2,2,3,0.087098,0.574739,0.230385
500,423,2.0,2,,2,2,4,0.0,0.0,0.0
500,429,1.0,1,,2,2,3,0.38174,2.519026,1.217339
500,429,2.0,2,,2,2,4,0.0,0.0,0.0
500,441,1.0,1,,2,2,3,0.0,0.0,0.0
500,481,1.0,1,,2,2,8,0.0,0.0,0.0
500,484,1.0,1,,2,2,7,0.0,0.0,0.0
500,486,1.0,1,,2,2,7,0.0,0.0,0.0
500,488,1.0,1,,2,2,8,0.0,0.0,0.0
500,489,1.0,1,,2,2,8,0.0,0.0,0.0
500,500,1.0,1,,2,2,1,25.944572,157.031967,12.219398
500,500,2.0,2,,2,2,1,2.404626,10.370008,0.997573
500,511,1.0,1,,2,2,4,0.011069,0.065966,0.0479
500,512,1.0,1,,2,2,5,0.010613,0.063248,0.048874
500,513,1.0,1,,2,2,4,0.035666,0.21256,0.133583
500,519,1.0,1,,2,2,5,0.013047,0.077759,0.059009
500,531,1.0,1,,2,2,8,0.0,0.0,0.0
500,531,2.0,2,,2,2,8,0.0,0.0,0.0
500,532,1.0,1,,2,2,8,0.0,0.0,0.0
500,532,2.0,2,,2,2,8,0.0,0.0,0.0
500,539,1.0,1,,2,2,8,0.0,0.0,0.0
500,539,2.0,2,,2,2,8,0.0,0.0,0.0
500,551,1.0,1,,2,2,6,0.0,0.0,0.0
500,559,1.0,1,,2,2,6,0.0,0.0,0.0
531,81,5.0,5,,2,2,7,0.004029,0.000292,0.000455
531,89,5.0,5,,2,2,7,0.001419,0.000103,0.000165
539,19,1.0,1,,2,2,8,0.0,0.0,0.0
539,20,2.0,2,,2,2,8,0.0,0.0,0.0
539,41,1.0,1,,2,2,6,0.0,0.0,0.0
539,41,2.0,2,,2,2,7,0.009397,0.076717,0.138522
539,42,1.0,1,,2,2,7,0.0,0.0,0.0
539,42,2.0,2,,2,2,7,0.001512,0.012344,0.022875
539,49,1.0,1,,2,2,6,0.0,0.0,0.0
539,49,2.0,2,,2,2,7,0.001095,0.00894,0.015526
539,61,1.0,1,,2,2,6,0.148852,0.3109,0.403129
539,61,2.0,2,,2,2,6,1.11661,8.322524,11.652147
539,61,5.0,5,,2,2,7,0.061157,0.064014,0.098141
539,62,1.0,1,,2,2,5,0.016802,0.035093,0.029869
539,62,2.0,2,,2,2,5,0.126037,0.939405,0.880761
539,62,5.0,5,,2,2,5,0.006903,0.007226,0.007131
539,63,1.0,1,,2,2,6,0.02893,0.060425,0.083458
539,63,2.0,2,,2,2,7,0.21702,1.617532,2.51628
539,63,5.0,5,,2,2,7,0.011886,0.012441,0.020394
539,64,1.0,1,,2,2,5,0.140065,0.292548,0.268309
539,64,2.0,2,,2,2,6,1.050699,7.831259,8.055448
539,64,5.0,5,,2,2,6,0.057547,0.060235,0.067381
539,65,1.0,1,,2,2,6,0.004942,0.010323,0.010468
539,65,2.0,2,,2,2,6,0.037075,0.276332,0.302659
539,65,5.0,5,,2,2,6,0.002031,0.002125,0.002364
539,69,1.0,1,,2,2,5,0.020041,0.041858,0.036331
539,69,2.0,2,,2,2,5,0.150336,1.120509,1.070416
539,69,5.0,5,,2,2,6,0.008234,0.008619,0.009016
539,81,1.0,1,,2,2,6,0.0,0.0,0.0
539,81,2.0,2,,2,2,6,0.194697,0.861274,1.203721
539,89,1.0,1,,2,2,6,0.0,0.0,0.0
539,89,2.0,2,,2,2,6,0.068579,0.303372,0.438201
539,151,1.0,5,,2,2,8,0.0,0.0,0.0
539,159,1.0,5,,2,2,8,0.0,0.0,0.0
539,160,1.0,1,,2,2,3,0.013532,0.0628,0.027416
539,160,2.0,2,,2,2,4,0.0,0.0,0.0
539,171,1.0,1,,2,2,7,0.0,0.0,0.0
539,171,2.0,2,,2,2,8,0.0,0.0,0.0
539,172,2.0,2,,2,2,8,0.0,0.0,0.0
539,179,2.0,2,,2,2,8,0.0,0.0,0.0
539,190,1.0,1,,2,2,7,0.0,0.0,0.0
539,190,2.0,2,,2,2,7,0.051416,0.179897,0.321654
539,241,1.0,1,,2,2,8,0.0,0.0,0.0
539,242,1.0,1,,2,2,8,0.0,0.0,0.0
539,249,1.0,1,,2,2,8,0.0,0.0,0.0
539,261,5.0,5,,2,2,8,0.0,0.0,0.0
539,262,5.0,5,,2,2,8,0.0,0.0,0.0
539,269,5.0,5,,2,2,8,0.0,0.0,0.0
539,271,1.0,1,,2,2,6,0.0,0.0,0.0
539,271,2.0,2,,2,2,7,0.042877,0.19601,0.294115
539,279,1.0,1,,2,2,7,0.0,0.0,0.0
539,279,2.0,2,,2,2,6,0.011075,0.05063,0.072712
539,291,1.0,1,,2,2,7,0.0,0.0,0.0
539,291,5.0,5,,2,2,7,0.0,0.0,0.0
539,292,1.0,1,,2,2,8,0.0,0.0,0.0
539,292,5.0,5,,2,2,8,0.0,0.0,0.0
539,299,1.0,1,,2,2,7,0.0,0.0,0.0
539,299,5.0,5,,2,2,8,0.0,0.0,0.0
539,300,1.0,1,,2,2,4,0.0,0.0,0.0
539,321,1.0,1,,2,2,6,0.0,0.0,0.0
539,321,5.0,5,,2,2,6,0.0,0.0,0.0
539,329,1.0,1,,2,2,5,0.0,0.0,0.0
539,329,5.0,5,,2,2,6,0.0,0.0,0.0
539,341,1.0,1,,2,2,8,0.0,0.0,0.0
539,341,5.0,5,,2,2,8,0.023583,0.016736,0.048994
539,342,1.0,1,,2,2,8,0.0,0.0,0.0
539,342,5.0,5,,2,2,8,0.003952,0.002804,0.008327
539,350,1.0,1,,2,2,6,0.024693,0.097213,0.145287
539,350,2.0,2,,2,2,7,0.449635,1.740878,3.368391
539,361,5.0,5,,2,2,8,0.0,0.0,0.0
539,362,5.0,5,,2,2,8,0.0,0.0,0.0
539,363,5.0,5,,2,2,8,0.0,0.0,0.0
539,364,5.0,5,,2,2,8,0.0,0.0,0.0
539,369,5.0,5,,2,2,8,0.0,0.0,0.0
539,371,5.0,5,,2,2,8,0.00268,0.000595,0.001705
539,373,5.0,5,,2,2,8,0.001502,0.000334,0.000997
539,379,5.0,5,,2,2,8,0.001443,0.000321,0.000979
539,380,5.0,5,,2,2,6,0.0154,0.0121,0.014622
539,401,2.0,2,,2,2,8,0.0,0.0,0.0
539,402,2.0,2,,2,2,8,0.0,0.0,0.0
539,409,2.0,2,,2,2,8,0.0,0.0,0.0
539,411,1.0,1,,2,2,3,0.811767,2.544013,0.905739
539,411,2.0,2,,2,2,3,8.621946,41.444035,16.507135
539,411,5.0,5,,2,2,3,0.025176,0.025784,0.010524
539,419,1.0,1,,2,2,3,0.259412,0.812976,0.325254
539,419,2.0,2,,2,2,3,2.755269,13.244045,6.07
539,419,5.0,5,,2,2,3,0.008045,0.00824,0.003791
539,421,5.0,5,,2,2,8,0.0,0.0,0.0
539,422,5.0,5,,2,2,8,0.0,0.0,0.0
539,429,5.0,5,,2,2,8,0.0,0.0,0.0
539,481,2.0,2,,2,2,8,0.002134,0.017212,0.04171
539,482,2.0,2,,2,2,8,0.000295,0.00238,0.00598
539,483,2.0,2,,2,2,8,0.000335,0.0027,0.007147
539,484,2.0,2,,2,2,8,0.008117,0.065458,0.146498
539,485,2.0,2,,2,2,8,0.000348,0.002808,0.005962
539,486,2.0,2,,2,2,8,0.007255,0.058512,0.144763
539,487,2.0,2,,2,2,8,0.0,0.0,0.0
539,488,2.0,2,,2,2,8,0.00177,0.014276,0.035818
539,489,2.0,2,,2,2,8,0.003427,0.027634,0.060966
539,491,1.0,1,,2,2,5,0.0,0.0,0.0
539,499,1.0,1,,2,2,6,0.0,0.0,0.0
539,500,2.0,2,,2,2,8,0.038019,0.09875,0.287186
539,531,1.0,1,,2,2,2,1.009843,2.76292,0.685096
539,531,2.0,2,,2,2,3,0.167568,1.040765,0.319682
539,531,5.0,5,,2,2,3,0.11757,0.093916,0.027024
539,532,1.0,1,,2,2,3,0.064353,0.176069,0.055007
539,532,2.0,2,,2,2,3,0.010678,0.066324,0.023977
539,532,5.0,5,,2,2,3,0.007492,0.005985,0.002247
539,539,1.0,1,,2,2,2,0.203954,0.558017,0.116574
539,539,2.0,2,,2,2,2,0.033843,0.210199,0.043452
539,539,5.0,5,,2,2,2,0.023745,0.018968,0.004482
539,551,2.0,2,,2,2,7,0.077337,0.205679,0.375394
539,559,2.0,2,,2,2,7,0.114287,0.303951,0.515064
559,551,3.0,3,,2,2,3,0.0,0.0,0.0
559,559,3.0,1,,2,2,2,0.0,0.0,0.0
42,41,1.0,1,,2,2,2,1.208927,5.395244,0.749341
42,41,2.0,2,,2,2,2,0.0,0.0,0.0
42,42,1.0,1,,2,2,1,0.196677,0.877739,0.037824
42,42,2.0,2,,2,2,1,0.0,0.0,0.0
42,49,1.0,1,,2,2,3,0.142448,0.635722,0.159958
42,49,2.0,2,,2,2,3,0.0,0.0,0.0
42,61,1.0,1,,2,2,4,0.057167,0.347181,0.176915
42,61,2.0,2,,2,2,4,0.069063,0.200339,0.106951
42,62,1.0,1,,2,2,5,0.006453,0.039188,0.036702
42,62,2.0,2,,2,2,5,0.007795,0.022613,0.021963
42,63,1.0,1,,2,2,3,0.011111,0.067477,0.030277
42,63,2.0,2,,2,2,4,0.013423,0.038937,0.02368
42,64,1.0,1,,2,2,5,0.053793,0.326687,0.292823
42,64,2.0,2,,2,2,5,0.064986,0.188514,0.179686
42,65,1.0,1,,2,2,5,0.001898,0.011527,0.008717
42,65,2.0,2,,2,2,5,0.002293,0.006652,0.005188
42,69,1.0,1,,2,2,5,0.007697,0.046743,0.040025
42,69,2.0,2,,2,2,5,0.009298,0.026973,0.022623
42,81,1.0,1,,2,2,5,0.466407,0.788111,0.729755
42,89,1.0,1,,2,2,5,0.164285,0.277601,0.2242
42,171,2.0,2,,2,2,7,0.0,0.0,0.0
42,172,2.0,2,,2,2,7,0.0,0.0,0.0
42,179,2.0,2,,2,2,7,0.0,0.0,0.0
42,271,2.0,2,,2,2,7,0.0,0.0,0.0
42,279,2.0,2,,2,2,7,0.0,0.0,0.0
42,321,1.0,1,,2,2,4,0.0,0.0,0.0
42,329,1.0,1,,2,2,5,0.0,0.0,0.0
42,361,2.0,2,,2,2,8,0.004055,0.011764,0.030111
42,362,2.0,2,,2,2,8,0.004272,0.012393,0.02816
42,363,2.0,2,,2,2,8,0.083527,0.242297,0.64448
42,364,2.0,2,,2,2,8,0.004175,0.012112,0.028401
42,369,2.0,2,,2,2,8,0.006517,0.018904,0.046657
42,411,1.0,1,,2,2,6,0.0,0.0,0.0
42,411,2.0,2,,2,2,7,0.0,0.0,0.0
42,419,1.0,1,,2,2,6,0.0,0.0,0.0
42,419,2.0,2,,2,2,7,0.0,0.0,0.0
42,421,2.0,2,,2,2,8,0.0,0.0,0.0
42,422,2.0,2,,2,2,8,0.0,0.0,0.0
42,423,2.0,2,,2,2,8,0.0,0.0,0.0
42,429,2.0,2,,2,2,8,0.0,0.0,0.0
42,481,2.0,2,,2,2,6,0.0,0.0,0.0
42,482,2.0,2,,2,2,6,0.0,0.0,0.0
42,483,2.0,2,,2,2,6,0.0,0.0,0.0
42,484,2.0,2,,2,2,6,0.0,0.0,0.0
42,485,2.0,2,,2,2,3,0.0,0.0,0.0
42,486,2.0,2,,2,2,6,0.0,0.0,0.0
42,487,2.0,2,,2,2,6,0.0,0.0,0.0
42,488,2.0,2,,2,2,5,0.0,0.0,0.0
42,489,2.0,2,,2,2,5,0.0,0.0,0.0
42,491,1.0,1,,2,2,5,0.0,0.0,0.0
42,499,1.0,1,,2,2,4,0.0,0.0,0.0
61,190,4.0,4,,2,2,6,0.0,0.0,0.0
61,350,5.0,5,,2,2,5,0.0,0.0,0.0
63,61,1.0,1,,2,2,2,0.304798,0.589657,0.063923
63,62,1.0,1,,2,2,4,0.034404,0.066558,0.035518
63,63,1.0,1,,2,2,1,0.059239,0.114603,0.000825
63,64,1.0,1,,2,2,3,0.286806,0.55485,0.275461
63,65,1.0,1,,2,2,3,0.01012,0.019578,0.006899
63,69,1.0,1,,2,2,3,0.041037,0.079389,0.038335
63,291,2.0,2,,2,2,7,0.664751,2.576318,4.804599
63,292,2.0,2,,2,2,8,1.315559,5.098601,10.71637
63,299,2.0,2,,2,2,7,0.679037,2.631686,5.179852
63,411,1.0,1,,2,2,6,0.0,0.0,0.0
63,419,1.0,1,,2,2,6,0.0,0.0,0.0
69,41,2.0,2,,2,2,5,0.0,0.0,0.0
69,42,2.0,2,,2,2,5,0.0,0.0,0.0
69,49,2.0,2,,2,2,5,0.0,0.0,0.0
69,61,1.0,1,,2,2,2,0.0,0.0,0.0
69,61,2.0,2,,2,2,3,0.0,0.0,0.0
69,62,1.0,1,,2,2,3,0.0,0.0,0.0
69,62,2.0,2,,2,2,2,0.0,0.0,0.0
69,63,1.0,1,,2,2,3,0.0,0.0,0.0
69,63,2.0,2,,2,2,3,0.0,0.0,0.0
69,64,1.0,1,,2,2,2,0.0,0.0,0.0
69,64,2.0,2,,2,2,2,0.0,0.0,0.0
69,65,2.0,2,,2,2,3,0.0,0.0,0.0
69,69,1.0,1,,2,2,3,0.0,0.0,0.0
69,69,2.0,2,,2,2,3,0.0,0.0,0.0
69,291,2.0,2,,2,2,7,0.0,0.0,0.0
69,292,2.0,2,,2,2,8,0.0,0.0,0.0
69,299,2.0,2,,2,2,8,0.0,0.0,0.0
69,321,1.0,1,,2,2,3,0.0,0.0,0.0
69,329,1.0,1,,2,2,3,0.0,0.0,0.0
69,411,2.0,2,,2,2,4,0.0,0.0,0.0
69,419,2.0,2,,2,2,4,0.0,0.0,0.0
69,484,5.0,5,,2,2,7,0.0,0.0,0.0
69,486,5.0,5,,2,2,8,0.0,0.0,0.0
69,489,5.0,5,,2,2,7,0.0,0.0,0.0
122,121,3.0,1,,2,2,3,0.001999,0.002896,0.000962
122,121,3.0,5,,2,2,3,0.001999,0.002896,0.00105
122,122,3.0,1,,2,2,1,0.011142,0.045867,0.002263
122,122,3.0,2,,2,2,1,0.0,0.0,0.0
122,122,3.0,3,,2,2,1,0.005571,0.00807,0.000465
122,123,3.0,1,,2,2,2,0.00788,0.011415,0.002726
122,124,3.0,1,,2,2,3,0.007857,0.011382,0.002925
122,129,3.0,1,,2,2,3,0.009556,0.013842,0.004423
122,129,3.0,5,,2,2,3,0.000796,0.001153,0.0005
122,190,4.0,4,,2,2,6,0.0,0.0,0.0
122,261,3.0,1,,2,2,6,0.113651,0.009628,0.01313
122,261,3.0,5,,2,2,7,0.075767,0.002942,0.004422
122,262,3.0,1,,2,2,6,0.031457,0.002665,0.003913
122,262,3.0,2,,2,2,7,0.007864,0.001524,0.002439
122,262,3.0,5,,2,2,7,0.007864,0.000305,0.000491
122,269,3.0,1,,2,2,7,0.024947,0.002113,0.003231
122,269,3.0,2,,2,2,7,0.024947,0.004833,0.007999
122,269,3.0,5,,2,2,7,0.024947,0.000969,0.001638
122,271,4.0,4,,2,2,6,0.0,0.0,0.0
122,279,4.0,4,,2,2,7,0.0,0.0,0.0
129,271,3.0,2,,2,2,7,0.0,0.0,0.0
171,171,4.0,1,,2,2,1,0.009474,0.003764,0.000136
171,179,4.0,1,,2,2,2,0.00189,0.000751,0.000166
171,182,4.0,1,,2,2,2,0.002137,0.000832,0.000184
171,189,4.0,1,,2,2,2,0.002263,0.000636,0.000147
171,190,4.0,1,,2,2,3,0.010257,0.004142,0.0015
171,261,4.0,1,,2,2,3,0.003231,0.000282,8.4e-05
171,269,4.0,1,,2,2,3,0.001516,0.000204,6.4e-05
171,271,4.0,4,,2,2,3,0.0,0.0,0.0
171,279,4.0,4,,2,2,3,0.0,0.0,0.0
182,271,4.0,4,,2,2,4,0.0,0.0,0.0
182,279,4.0,4,,2,2,4,0.0,0.0,0.0
190,160,4.0,4,,2,2,6,0.0,0.0,0.0
190,182,4.0,1,,2,2,4,0.002097,0.001037,0.000523
190,189,4.0,1,,2,2,4,0.001881,0.000931,0.000471
190,190,4.0,1,,2,2,2,0.0,0.0,0.0
190,190,4.0,4,,2,2,2,0.00237,0.001117,0.000127
190,311,4.0,1,,2,2,2,0.0,0.0,0.0
190,319,4.0,1,,2,2,3,0.0,0.0,0.0
190,331,4.0,4,,2,2,6,0.0,0.0,0.0
212,61,4.0,4,,2,2,7,0.0,0.0,0.0
212,64,4.0,4,,2,2,7,0.0,0.0,0.0
212,171,4.0,4,,2,2,3,0.0,0.0,0.0
212,172,4.0,1,,2,2,3,0.0,0.0,0.0
212,179,4.0,1,,2,2,3,0.0,0.0,0.0
212,182,4.0,1,,2,2,2,0.001012,0.000477,6e-05
212,189,4.0,1,,2,2,2,0.0,0.0,0.0
212,190,4.0,4,,2,2,3,0.0,0.0,0.0
212,241,4.0,1,,2,2,4,0.004057,0.001719,0.001056
212,242,4.0,1,,2,2,4,0.003173,0.001356,0.000811
212,291,4.0,4,,2,2,3,0.078598,0.031566,0.014823
212,292,4.0,1,,2,2,3,0.154045,0.061762,0.018859
212,292,4.0,4,,2,2,3,0.0,0.0,0.0
212,299,4.0,1,,2,2,3,0.080028,0.032092,0.014264
212,299,4.0,4,,2,2,3,0.0,0.0,0.0
212,551,4.0,4,,2,2,3,0.0,0.0,0.0
212,559,4.0,4,,2,2,3,0.0,0.0,0.0
280,280,4.0,1,,2,2,2,0.00339,0.001617,0.000307
341,171,3.0,1,,2,2,5,0.0,0.0,0.0
341,171,3.0,2,,2,2,5,0.0,0.0,0.0
341,171,3.0,5,,2,2,5,0.0,0.0,0.0
341,179,3.0,1,,2,2,5,0.0,0.0,0.0
341,179,3.0,2,,2,2,6,0.0,0.0,0.0
341,179,3.0,5,,2,2,6,0.0,0.0,0.0
341,341,3.0,1,,2,2,1,0.013806,0.020941,0.000691
341,342,3.0,1,,2,2,1,0.002314,0.003509,0.000332
341,363,3.0,1,,2,2,1,0.0,0.0,0.0
341,481,3.0,5,,2,2,8,0.0,0.0,0.0
341,484,3.0,1,,2,2,7,0.0,0.0,0.0
341,486,3.0,2,,2,2,7,0.0,0.0,0.0
341,488,3.0,5,,2,2,8,0.0,0.0,0.0
341,489,3.0,1,,2,2,7,0.0,0.0,0.0
350,61,1.0,1,,2,2,5,0.348189,0.82269,0.643308
350,62,1.0,1,,2,2,6,0.039302,0.092861,0.103547
350,63,1.0,1,,2,2,5,0.067673,0.159895,0.131945
350,64,1.0,1,,2,2,6,0.327636,0.774128,0.83608
350,65,1.0,1,,2,2,5,0.011561,0.027316,0.025235
350,69,1.0,1,,2,2,6,0.046879,0.110764,0.115764
350,190,1.0,1,,2,2,6,0.047409,0.126972,0.136364
350,291,1.0,1,,2,2,5,0.0,0.0,0.0
350,292,1.0,1,,2,2,6,0.0,0.0,0.0
350,299,1.0,1,,2,2,6,0.0,0.0,0.0
350,350,1.0,1,,2,2,2,1.595555,4.418534,0.726659
350,361,1.0,1,,2,2,8,0.001499,0.003836,0.008411
350,362,1.0,1,,2,2,7,0.001579,0.004041,0.007229
350,363,1.0,1,,2,2,8,0.03088,0.079012,0.163685
350,364,1.0,1,,2,2,7,0.001544,0.00395,0.007375
350,369,1.0,1,,2,2,8,0.002409,0.006164,0.012372
350,481,1.0,1,,2,2,5,0.731816,2.015513,1.57193
350,482,1.0,1,,2,2,5,0.101194,0.278701,0.267605
350,483,1.0,1,,2,2,5,0.11478,0.316119,0.29413
350,484,1.0,1,,2,2,4,2.783061,7.664901,5.004905
350,485,1.0,1,,2,2,3,0.119366,0.32875,0.089244
350,486,1.0,1,,2,2,5,2.487737,6.85154,6.160759
350,487,1.0,1,,2,2,5,0.035901,0.098877,0.086692
350,488,1.0,1,,2,2,5,0.606957,1.671635,1.308391
350,489,1.0,1,,2,2,4,1.174896,3.23581,1.926513
392,190,4.0,4,,2,2,4,0.0,0.0,0.0
421,421,3.0,1,,2,2,1,0.0,0.0,0.0
421,421,3.0,2,,2,2,1,0.0,0.0,0.0
421,421,3.0,3,,2,2,1,0.0,0.0,0.0
421,422,3.0,1,,2,2,3,0.0,0.0,0.0
421,423,3.0,1,,2,2,1,0.0,0.0,0.0
421,429,3.0,1,,2,2,2,0.0,0.0,0.0
471,61,4.0,4,,2,2,7,0.0,0.0,0.0
471,81,4.0,1,,2,2,6,0.006623,0.002056,0.002303
471,81,4.0,4,,2,2,5,0.0,0.0,0.0
471,89,4.0,1,,2,2,6,0.002244,0.000695,0.000794
471,89,4.0,4,,2,2,5,0.0,0.0,0.0
471,131,4.0,4,,2,2,3,0.0,0.0,0.0
471,139,4.0,4,,2,2,3,0.0,0.0,0.0
471,171,4.0,1,,2,2,4,0.008115,0.002476,0.001387
471,171,4.0,4,,2,2,3,0.0,0.0,0.0
471,172,4.0,1,,2,2,3,0.0,0.0,0.0
471,179,4.0,4,,2,2,3,0.001565,0.000478,0.000167
471,181,4.0,1,,2,2,4,0.002527,0.000814,0.000446
471,181,4.0,4,,2,2,3,0.0,0.0,0.0
471,182,4.0,1,,2,2,3,0.008492,0.002601,0.001242
471,182,4.0,4,,2,2,3,0.0,0.0,0.0
471,183,4.0,1,,2,2,4,0.001912,0.000586,0.000354
471,183,4.0,4,,2,2,3,0.0,0.0,0.0
471,189,4.0,1,,2,2,3,0.007339,0.002248,0.001039
471,189,4.0,4,,2,2,3,0.0,0.0,0.0
471,190,4.0,1,,2,2,4,0.052664,0.017588,0.01165
471,190,4.0,4,,2,2,4,0.0,0.0,0.0
471,201,4.0,1,,2,2,4,0.002305,0.00072,0.000381
471,201,4.0,4,,2,2,3,0.0,0.0,0.0
471,202,4.0,1,,2,2,4,0.001151,0.00036,0.000204
471,202,4.0,4,,2,2,3,0.0,0.0,0.0
471,209,4.0,1,,2,2,4,0.001993,0.00066,0.000453
471,209,4.0,4,,2,2,4,0.0,0.0,0.0
471,261,4.0,4,,2,2,4,0.0,0.0,0.0
471,269,4.0,4,,2,2,4,0.0,0.0,0.0
471,271,4.0,4,,2,2,4,0.014197,0.004486,0.003192
471,279,4.0,4,,2,2,5,0.003505,0.001113,0.000895
471,280,4.0,1,,2,2,2,0.0,0.0,0.0
471,291,4.0,4,,2,2,3,0.0,0.0,0.0
471,292,4.0,1,,2,2,3,0.001048,0.0004,0.000121
471,299,4.0,1,,2,2,3,0.0,0.0,0.0
471,311,4.0,1,,2,2,4,0.003422,0.001052,0.000747
471,311,4.0,4,,2,2,4,0.0,0.0,0.0
471,319,4.0,1,,2,2,5,0.002817,0.000867,0.000725
471,319,4.0,4,,2,2,4,0.0,0.0,0.0
471,411,4.0,4,,2,2,7,0.0,0.0,0.0
471,419,4.0,4,,2,2,7,0.0,0.0,0.0
471,421,4.0,4,,2,2,5,0.003112,0.000952,0.00082
471,422,4.0,4,,2,2,4,0.001498,0.000459,0.000303
471,429,4.0,4,,2,2,5,0.001949,0.000597,0.000458
471,460,4.0,1,,2,2,6,0.005876,0.001843,0.001871
471,460,4.0,4,,2,2,5,0.0,0.0,0.0
471,471,4.0,1,,2,2,1,0.0,0.0,0.0
471,472,4.0,1,,2,2,2,0.0,0.0,0.0
471,473,4.0,4,,2,2,3,0.0,0.0,0.0
471,479,4.0,1,,2,2,2,0.0,0.0,0.0
471,484,4.0,1,,2,2,3,0.002393,0.000671,0.000322
471,486,4.0,1,,2,2,4,0.002661,0.000746,0.000456
471,489,4.0,1,,2,2,4,0.00101,0.000283,0.000187
471,551,4.0,1,,2,2,4,0.003332,0.001052,0.000691
471,551,4.0,4,,2,2,4,0.0,0.0,0.0
471,559,4.0,1,,2,2,5,0.004925,0.001555,0.001212
471,559,4.0,4,,2,2,4,0.0,0.0,0.0
485,61,1.0,1,,2,2,5,0.005486,0.009017,0.007129
485,63,1.0,1,,2,2,4,0.001534,0.002268,0.001668
485,64,1.0,1,,2,2,6,0.006547,0.01011,0.011918
485,69,1.0,1,,2,2,6,0.001344,0.002217,0.002529
485,121,1.0,1,,2,2,7,0.0,0.0,0.0
485,122,1.0,1,,2,2,7,0.0,0.0,0.0
485,123,1.0,1,,2,2,7,0.0,0.0,0.0
485,124,1.0,1,,2,2,7,0.0,0.0,0.0
485,129,1.0,1,,2,2,7,0.0,0.0,0.0
485,271,1.0,1,,2,2,6,0.0,0.0,0.0
485,279,1.0,1,,2,2,6,0.0,0.0,0.0
485,481,1.0,1,,2,2,4,0.0,0.0,0.0
485,481,2.0,2,,2,2,4,0.01204,0.039204,0.026902
485,482,1.0,1,,2,2,5,0.0,0.0,0.0
485,482,2.0,2,,2,2,5,0.001665,0.005421,0.004873
485,483,1.0,1,,2,2,4,0.0,0.0,0.0
485,483,2.0,2,,2,2,5,0.001888,0.006149,0.00465
485,484,1.0,1,,2,2,4,0.0,0.0,0.0
485,484,2.0,2,,2,2,4,0.045786,0.149092,0.09759
485,485,1.0,1,,2,2,1,0.0,0.0,0.0
485,485,2.0,2,,2,2,1,0.001964,0.006395,0.000105
485,486,1.0,1,,2,2,4,0.0,0.0,0.0
485,486,2.0,2,,2,2,5,0.040928,0.133271,0.109713
485,487,1.0,1,,2,2,4,0.0,0.0,0.0
485,487,2.0,2,,2,2,4,0.000591,0.001923,0.001394
485,488,1.0,1,,2,2,4,0.0,0.0,0.0
485,488,2.0,2,,2,2,4,0.009986,0.032515,0.019861
485,489,1.0,1,,2,2,4,0.0,0.0,0.0
485,489,2.0,2,,2,2,4,0.019329,0.062941,0.037139
485,551,2.0,2,,2,2,7,0.0,0.0,0.0
485,559,2.0,2,,2,2,7,0.0,0.0,0.0
486,122,5.0,5,,2,2,6,0.0,0.0,0.0
486,129,5.0,5,,2,2,5,0.0,0.0,0.0
486,190,5.0,5,,2,2,6,0.0,0.0,0.0
486,481,5.0,5,,2,2,2,0.04902,0.052111,0.009838
486,482,5.0,5,,2,2,2,0.006338,0.007172,0.000735
486,483,5.0,5,,2,2,3,0.007189,0.008134,0.002069
486,484,5.0,5,,2,2,3,0.187832,0.19824,0.062402
486,485,5.0,5,,2,2,5,0.007476,0.008459,0.006881
486,486,5.0,5,,2,2,1,0.166626,0.177145,0.009344
486,487,5.0,5,,2,2,3,0.002248,0.002544,0.000931
486,488,5.0,5,,2,2,2,0.040979,0.043253,0.010018
486,489,5.0,5,,2,2,3,0.080113,0.083742,0.031786
487,61,1.0,1,,2,2,6,0.099168,0.24114,0.3348
487,62,1.0,1,,2,2,7,0.011194,0.027219,0.049373
487,63,1.0,1,,2,2,6,0.019274,0.046867,0.062748
487,64,1.0,1,,2,2,7,0.093314,0.226906,0.400084
487,65,1.0,1,,2,2,7,0.003293,0.008007,0.013032
487,69,1.0,1,,2,2,7,0.013352,0.032466,0.056125
487,81,1.0,1,,2,2,6,0.0,0.0,0.0
487,89,1.0,1,,2,2,6,0.0,0.0,0.0
487,122,1.0,1,,2,2,6,0.0,0.0,0.0
487,123,1.0,1,,2,2,6,0.0,0.0,0.0
487,124,1.0,1,,2,2,6,0.0,0.0,0.0
487,129,1.0,1,,2,2,6,0.0,0.0,0.0
487,171,1.0,1,,2,2,6,0.0,0.0,0.0
487,172,1.0,1,,2,2,6,0.0,0.0,0.0
487,179,1.0,1,,2,2,6,0.0,0.0,0.0
487,190,1.0,1,,2,2,6,0.0,0.0,0.0
487,211,1.0,1,,2,2,6,0.0,0.0,0.0
487,212,1.0,1,,2,2,6,0.0,0.0,0.0
487,219,1.0,1,,2,2,6,0.0,0.0,0.0
487,221,2.0,2,,2,2,4,0.0,0.0,0.0
487,222,2.0,2,,2,2,4,0.0,0.0,0.0
487,223,2.0,2,,2,2,4,0.0,0.0,0.0
487,229,2.0,2,,2,2,4,0.0,0.0,0.0
487,230,1.0,1,,2,2,8,0.0,0.0,0.0
487,251,1.0,1,,2,2,8,0.0,0.0,0.0
487,259,1.0,1,,2,2,8,0.0,0.0,0.0
487,261,1.0,1,,2,2,7,0.0,0.0,0.0
487,262,1.0,1,,2,2,7,0.0,0.0,0.0
487,269,1.0,1,,2,2,7,0.0,0.0,0.0
487,271,1.0,1,,2,2,6,0.377961,0.032018,0.045441
487,279,1.0,1,,2,2,6,0.097629,0.00827,0.0122
487,291,1.0,1,,2,2,5,0.014083,0.005239,0.005222
487,292,1.0,1,,2,2,6,0.027871,0.010367,0.011708
487,299,1.0,1,,2,2,6,0.014386,0.005351,0.005457
487,331,1.0,1,,2,2,8,0.0,0.0,0.0
487,339,1.0,1,,2,2,8,0.0,0.0,0.0
487,361,1.0,1,,2,2,8,0.0,0.0,0.0
487,362,1.0,1,,2,2,7,0.0,0.0,0.0
487,363,1.0,1,,2,2,8,0.0,0.0,0.0
487,364,1.0,1,,2,2,7,0.0,0.0,0.0
487,369,1.0,1,,2,2,8,0.0,0.0,0.0
487,371,1.0,1,,2,2,6,0.0,0.0,0.0
487,372,1.0,1,,2,2,6,0.0,0.0,0.0
487,373,1.0,1,,2,2,7,0.0,0.0,0.0
487,379,1.0,1,,2,2,6,0.0,0.0,0.0
487,481,1.0,1,,2,2,2,0.171161,0.179488,0.0441
487,482,1.0,1,,2,2,3,0.023668,0.024819,0.010604
487,483,1.0,1,,2,2,2,0.026845,0.028151,0.004102
487,484,1.0,1,,2,2,3,0.650917,0.682584,0.314209
487,485,1.0,1,,2,2,4,0.027918,0.029276,0.018101
487,486,1.0,1,,2,2,3,0.581845,0.610151,0.202846
487,487,1.0,1,,2,2,1,0.008397,0.008805,0.000177
487,488,1.0,1,,2,2,2,0.141958,0.148864,0.026205
487,489,1.0,1,,2,2,3,0.274791,0.288159,0.111458
489,41,1.0,1,,2,2,6,0.005396,0.017571,0.017989
489,42,1.0,1,,2,2,5,0.001008,0.003237,0.003162
489,49,1.0,1,,2,2,6,0.000636,0.00207,0.002158
489,61,1.0,1,,2,2,6,0.003932,0.0114,0.01565
489,62,1.0,1,,2,2,7,0.000444,0.001287,0.002264
489,63,1.0,1,,2,2,6,0.000764,0.002216,0.002997
489,64,1.0,1,,2,2,7,0.0037,0.010727,0.018404
489,65,1.0,1,,2,2,7,0.0,0.0,0.0
489,69,1.0,1,,2,2,7,0.000529,0.001535,0.002576
489,81,1.0,1,,2,2,5,0.0,0.0,0.0
489,89,1.0,1,,2,2,5,0.0,0.0,0.0
489,131,1.0,1,,2,2,6,0.0,0.0,0.0
489,171,1.0,1,,2,2,6,0.0,0.0,0.0
489,172,1.0,1,,2,2,6,0.0,0.0,0.0
489,179,1.0,1,,2,2,6,0.0,0.0,0.0
489,190,1.0,1,,2,2,6,0.057574,0.007759,0.00891
489,190,5.0,5,,2,2,6,0.0,0.0,0.0
489,230,1.0,1,,2,2,8,0.0,0.0,0.0
489,350,1.0,1,,2,2,4,0.025118,0.063567,0.044421
489,371,1.0,1,,2,2,6,0.0,0.0,0.0
489,372,1.0,1,,2,2,6,0.0,0.0,0.0
489,373,1.0,1,,2,2,6,0.0,0.0,0.0
489,379,1.0,1,,2,2,6,0.0,0.0,0.0
489,481,1.0,1,,2,2,3,0.057481,0.108847,0.036941
489,482,1.0,1,,2,2,3,0.007948,0.015051,0.007123
489,483,1.0,1,,2,2,2,0.009016,0.017072,0.004112
489,484,1.0,1,,2,2,3,0.218599,0.41394,0.201003
489,485,1.0,1,,2,2,4,0.009376,0.017754,0.011757
489,486,1.0,1,,2,2,3,0.195403,0.370015,0.14585
489,487,1.0,1,,2,2,3,0.00282,0.00534,0.001348
489,488,1.0,1,,2,2,3,0.047674,0.090276,0.026917
489,489,1.0,1,,2,2,3,0.092284,0.174749,0.073334
12,19,3.0,1,,2,2,2,0.0,0.0,0.0
12,50,3.0,2,,2,2,4,0.0,0.0,0.0
12,61,3.0,1,,2,2,8,0.011407,0.013106,0.026258
12,61,3.0,2,,2,2,8,0.0,0.0,0.0
12,62,3.0,2,,2,2,8,0.001431,0.001694,0.004347
12,63,3.0,2,,2,2,8,0.002224,0.002558,0.005982
12,64,3.0,1,,2,2,8,0.0,0.0,0.0
12,64,3.0,2,,2,2,8,0.011129,0.012793,0.032604
12,65,3.0,2,,2,2,8,0.0,0.0,0.0
12,69,3.0,2,,2,2,8,0.001563,0.001776,0.004378
12,81,3.0,2,,2,2,7,0.0,0.0,0.0
12,89,3.0,2,,2,2,7,0.0,0.0,0.0
12,484,3.0,2,,2,2,4,0.0,0.0,0.0
12,486,3.0,1,,2,2,4,0.0,0.0,0.0
12,489,3.0,1,,2,2,4,0.0,0.0,0.0
41,41,4.0,1,,2,2,1,0.0117,0.000991,1.2e-05
41,42,4.0,1,,2,2,2,0.001762,0.000149,2.2e-05
41,49,4.0,1,,2,2,2,0.002553,0.000216,3.9e-05
61,41,3.0,1,,2,2,3,0.010348,0.004473,0.001749
61,42,3.0,1,,2,2,4,0.001683,0.000728,0.000384
61,49,3.0,1,,2,2,3,0.001219,0.000527,0.000222
61,61,3.0,1,,2,2,1,3.566112,2.640795,0.129111
61,61,4.0,1,,2,2,1,0.014311,0.001212,5.9e-05
61,61,3.0,2,,2,2,1,0.148588,0.070985,0.00539
61,61,3.0,3,,2,2,1,0.148588,0.070985,0.003878
61,61,3.0,5,,2,2,1,0.297176,0.141971,0.011118
61,62,3.0,1,,2,2,3,0.469612,0.224349,0.095247
61,62,4.0,1,,2,2,3,0.002091,0.000177,7.5e-05
61,62,4.0,4,,2,2,3,0.0,0.0,0.0
61,63,3.0,1,,2,2,2,0.808611,0.3863,0.050128
61,63,4.0,1,,2,2,2,0.002782,0.000236,3.1e-05
61,63,3.0,5,,2,2,2,0.0,0.0,0.0
61,64,3.0,1,,2,2,3,2.609919,1.246844,0.482709
61,64,4.0,1,,2,2,3,0.013467,0.001141,0.000442
61,64,3.0,3,,2,2,3,1.30496,0.623422,0.293167
61,64,4.0,4,,2,2,3,0.0,0.0,0.0
61,64,3.0,5,,2,2,3,0.0,0.0,0.0
61,65,3.0,1,,2,2,2,0.092093,0.043996,0.010636
61,65,4.0,1,,2,2,2,0.0,0.0,0.0
61,65,3.0,5,,2,2,3,0.046046,0.021998,0.006598
61,69,3.0,1,,2,2,3,0.560147,0.267601,0.103226
61,69,4.0,1,,2,2,3,0.001927,0.000163,6.3e-05
61,69,3.0,2,,2,2,3,0.0,0.0,0.0
61,81,3.0,5,,2,2,6,0.0,0.0,0.0
61,89,3.0,1,,2,2,5,0.0,0.0,0.0
61,89,3.0,2,,2,2,6,0.0,0.0,0.0
61,101,3.0,2,,2,2,8,0.0,0.0,0.0
61,109,3.0,2,,2,2,8,0.0,0.0,0.0
61,111,3.0,2,,2,2,8,0.0,0.0,0.0
61,121,3.0,2,,2,2,8,0.007941,0.003662,0.00963
61,121,3.0,5,,2,2,8,0.0,0.0,0.0
61,122,3.0,2,,2,2,8,0.0,0.0,0.0
61,122,3.0,5,,2,2,8,0.033193,0.015306,0.043099
61,123,3.0,5,,2,2,8,0.015651,0.007217,0.019388
61,124,3.0,5,,2,2,8,0.015606,0.007196,0.017923
61,129,3.0,5,,2,2,8,0.02056,0.00948,0.024112
61,131,3.0,1,,2,2,8,0.0,0.0,0.0
61,131,3.0,5,,2,2,8,0.0,0.0,0.0
61,132,3.0,2,,2,2,8,0.0,0.0,0.0
61,139,3.0,1,,2,2,8,0.0,0.0,0.0
61,160,4.0,4,,2,2,4,0.0,0.0,0.0
61,171,3.0,2,,2,2,8,0.123615,0.068681,0.150151
61,172,3.0,1,,2,2,7,0.004266,0.00237,0.004506
61,172,3.0,5,,2,2,8,0.0,0.0,0.0
61,179,3.0,1,,2,2,7,0.018747,0.010416,0.020428
61,179,3.0,2,,2,2,8,0.00296,0.001645,0.003521
61,179,3.0,5,,2,2,8,0.00296,0.001645,0.003536
61,241,3.0,2,,2,2,8,0.0,0.0,0.0
61,242,3.0,2,,2,2,8,0.0,0.0,0.0
61,249,3.0,2,,2,2,8,0.0,0.0,0.0
61,271,3.0,1,,2,2,7,0.013065,0.014655,0.028281
61,271,3.0,2,,2,2,8,0.001742,0.001954,0.004305
61,271,3.0,5,,2,2,8,0.003484,0.003908,0.008696
61,279,3.0,1,,2,2,7,0.0021,0.002355,0.004487
61,279,3.0,2,,2,2,8,0.001575,0.001767,0.004049
61,279,3.0,5,,2,2,8,0.00105,0.001178,0.002751
61,291,3.0,1,,2,2,7,0.003959,0.001833,0.003046
61,291,3.0,5,,2,2,7,0.00144,0.000667,0.001207
61,292,3.0,1,,2,2,7,0.008548,0.003958,0.007317
61,292,3.0,2,,2,2,8,0.001069,0.000495,0.00101
61,292,3.0,5,,2,2,8,0.001069,0.000495,0.001011
61,299,3.0,1,,2,2,7,0.005515,0.002553,0.004471
61,321,3.0,1,,2,2,3,0.071858,0.025591,0.0075
61,329,3.0,1,,2,2,4,0.025642,0.009132,0.004925
61,341,3.0,5,,2,2,8,0.054986,0.018948,0.077325
61,342,3.0,5,,2,2,8,0.009214,0.003175,0.013259
61,361,3.0,2,,2,2,8,0.017319,0.007397,0.022408
61,362,3.0,5,,2,2,8,0.018245,0.007792,0.021386
61,363,3.0,2,,2,2,8,0.0,0.0,0.0
61,363,3.0,5,,2,2,8,0.356716,0.152346,0.64707
61,364,3.0,5,,2,2,8,0.017835,0.007616,0.021466
61,369,3.0,5,,2,2,8,0.027831,0.011886,0.036001
61,380,3.0,2,,2,2,8,2.897708,1.358147,2.839583
61,411,3.0,1,,2,2,5,0.183543,0.084187,0.080285
61,419,3.0,1,,2,2,5,0.058654,0.026903,0.02435
61,481,3.0,1,,2,2,6,0.0,0.0,0.0
61,481,3.0,5,,2,2,7,0.0,0.0,0.0
61,484,3.0,1,,2,2,6,0.0,0.0,0.0
61,484,3.0,2,,2,2,6,0.0,0.0,0.0
61,484,3.0,5,,2,2,7,0.0,0.0,0.0
61,485,3.0,1,,2,2,5,0.0,0.0,0.0
61,486,3.0,1,,2,2,7,0.0,0.0,0.0
61,486,3.0,2,,2,2,7,0.0,0.0,0.0
61,486,3.0,5,,2,2,7,0.0,0.0,0.0
61,488,3.0,1,,2,2,6,0.0,0.0,0.0
61,488,3.0,5,,2,2,6,0.0,0.0,0.0
61,489,3.0,1,,2,2,6,0.0,0.0,0.0
61,489,3.0,5,,2,2,6,0.0,0.0,0.0
61,491,3.0,1,,2,2,4,0.050707,0.020261,0.013928
61,499,3.0,1,,2,2,4,0.005837,0.002332,0.00138
61,531,3.0,1,,2,2,6,0.0,0.0,0.0
61,531,3.0,5,,2,2,6,0.0,0.0,0.0
61,532,3.0,1,,2,2,6,0.0,0.0,0.0
61,539,3.0,1,,2,2,6,0.0,0.0,0.0
63,61,3.0,1,,2,2,2,0.0,0.0,0.0
63,62,3.0,1,,2,2,4,0.0,0.0,0.0
63,63,3.0,1,,2,2,1,0.0,0.0,0.0
63,64,3.0,1,,2,2,3,0.0,0.0,0.0
63,65,3.0,1,,2,2,3,0.0,0.0,0.0
63,69,3.0,1,,2,2,3,0.0,0.0,0.0
63,241,3.0,2,,2,2,8,0.0,0.0,0.0
64,50,3.0,2,,2,2,8,0.0,0.0,0.0
64,61,3.0,1,,2,2,3,7.716452,8.378136,3.331601
64,61,4.0,4,,2,2,3,0.0,0.0,0.0
64,61,3.0,5,,2,2,3,2.572151,2.792712,1.354879
64,62,3.0,1,,2,2,2,1.161326,1.26091,0.150074
64,62,4.0,1,,2,2,2,0.0,0.0,0.0
64,63,3.0,1,,2,2,3,1.999651,2.17112,1.048914
64,63,4.0,4,,2,2,3,0.0,0.0,0.0
64,64,3.0,1,,2,2,1,9.681284,10.511452,0.501627
64,64,4.0,1,,2,2,1,0.0,0.0,0.0
64,65,3.0,1,,2,2,2,0.256209,0.278178,0.046115
64,65,3.0,2,,2,2,2,0.085403,0.092726,0.017313
64,69,3.0,1,,2,2,2,1.385214,1.503996,0.325734
64,69,4.0,1,,2,2,2,0.0,0.0,0.0
64,69,3.0,2,,2,2,2,0.0,0.0,0.0
64,81,3.0,1,,2,2,6,0.023558,0.011073,0.014058
64,81,3.0,2,,2,2,6,0.00589,0.002768,0.00386
64,81,3.0,5,,2,2,6,0.00589,0.002768,0.003884
64,89,3.0,1,,2,2,6,0.008298,0.0039,0.004752
64,89,3.0,2,,2,2,6,0.004149,0.00195,0.002737
64,101,3.0,2,,2,2,8,0.0,0.0,0.0
64,109,3.0,2,,2,2,8,0.0,0.0,0.0
64,121,3.0,2,,2,2,8,0.011954,0.012821,0.038919
64,122,3.0,2,,2,2,8,0.049968,0.053591,0.179522
64,123,3.0,5,,2,2,8,0.02356,0.025268,0.105604
64,124,3.0,2,,2,2,8,0.023492,0.025195,0.080402
64,129,3.0,2,,2,2,8,0.030951,0.033194,0.099392
64,131,3.0,5,,2,2,8,0.0,0.0,0.0
64,132,3.0,2,,2,2,8,0.0,0.0,0.0
64,139,3.0,2,,2,2,8,0.0,0.0,0.0
64,151,3.0,3,,2,2,8,0.0,0.0,0.0
64,159,3.0,3,,2,2,8,0.0,0.0,0.0
64,171,3.0,1,,2,2,8,0.18219,0.225702,0.477774
64,172,3.0,2,,2,2,8,0.006288,0.00779,0.017566
64,179,3.0,1,,2,2,8,0.036356,0.045039,0.094671
64,181,3.0,2,,2,2,8,0.004655,0.00225,0.005208
64,182,3.0,5,,2,2,8,0.019787,0.009564,0.023501
64,183,3.0,5,,2,2,8,0.004456,0.002154,0.005232
64,189,3.0,2,,2,2,8,0.017101,0.008266,0.020028
64,251,3.0,2,,2,2,8,0.0,0.0,0.0
64,259,3.0,2,,2,2,8,0.0,0.0,0.0
64,271,3.0,1,,2,2,8,0.0,0.0,0.0
64,279,3.0,1,,2,2,7,0.0,0.0,0.0
64,280,3.0,2,,2,2,8,0.0,0.0,0.0
64,291,3.0,2,,2,2,7,0.0,0.0,0.0
64,292,3.0,2,,2,2,8,0.0,0.0,0.0
64,299,3.0,2,,2,2,8,0.0,0.0,0.0
64,321,3.0,1,,2,2,4,0.054815,0.029279,0.015987
64,329,3.0,1,,2,2,3,0.01956,0.010448,0.003009
64,341,3.0,5,,2,2,8,0.477958,0.230878,1.247243
64,342,3.0,2,,2,2,8,0.080092,0.038689,0.12178
64,361,3.0,2,,2,2,8,0.0,0.0,0.0
64,362,3.0,2,,2,2,8,0.0,0.0,0.0
64,363,3.0,2,,2,2,8,0.0,0.0,0.0
64,363,3.0,5,,2,2,8,0.0,0.0,0.0
64,364,3.0,2,,2,2,8,0.0,0.0,0.0
64,369,3.0,2,,2,2,8,0.0,0.0,0.0
64,380,3.0,5,,2,2,8,10.230493,4.360476,9.17275
64,391,3.0,2,,2,2,8,0.0,0.0,0.0
64,392,3.0,2,,2,2,8,0.0,0.0,0.0
64,393,3.0,2,,2,2,8,0.0,0.0,0.0
64,394,3.0,2,,2,2,8,0.0,0.0,0.0
64,399,3.0,2,,2,2,8,0.0,0.0,0.0
64,411,3.0,3,,2,2,5,0.0,0.0,0.0
64,419,3.0,1,,2,2,4,0.0,0.0,0.0
64,471,3.0,2,,2,2,8,0.007749,0.004382,0.01056
64,472,3.0,2,,2,2,8,0.015235,0.008615,0.022303
64,473,3.0,2,,2,2,8,0.00597,0.003376,0.009347
64,479,3.0,2,,2,2,8,0.010345,0.00585,0.015323
64,481,3.0,5,,2,2,7,0.0,0.0,0.0
64,484,3.0,5,,2,2,7,0.0,0.0,0.0
64,486,3.0,1,,2,2,7,0.0,0.0,0.0
64,488,3.0,5,,2,2,7,0.0,0.0,0.0
64,489,3.0,1,,2,2,7,0.0,0.0,0.0
64,511,3.0,2,,2,2,8,0.007989,0.003494,0.011049
64,512,3.0,2,,2,2,8,0.00766,0.00335,0.010904
64,513,3.0,2,,2,2,8,0.025743,0.011259,0.03496
64,519,3.0,2,,2,2,8,0.009417,0.004119,0.012642
81,81,4.0,1,,2,2,1,0.003831,0.000325,1e-05
81,89,4.0,1,,2,2,2,0.001185,0.0001,1.9e-05
81,484,4.0,1,,2,2,5,0.002995,0.000254,0.000214
81,486,4.0,1,,2,2,6,0.00379,0.000321,0.00035
81,489,4.0,1,,2,2,5,0.001938,0.000164,0.000129
101,41,3.0,2,,2,2,8,0.0,0.0,0.0
101,42,3.0,2,,2,2,8,0.0,0.0,0.0
101,49,3.0,2,,2,2,8,0.0,0.0,0.0
101,61,3.0,2,,2,2,8,1.36246,0.68599,2.071623
101,62,3.0,2,,2,2,8,0.153788,0.077431,0.230529
101,63,3.0,2,,2,2,8,0.264802,0.133326,0.411017
101,64,3.0,2,,2,2,8,1.282036,0.645498,1.997414
101,65,3.0,5,,2,2,8,0.045238,0.022777,0.071101
101,69,3.0,2,,2,2,8,0.183436,0.092359,0.285552
101,101,3.0,1,,2,2,1,17.833305,37.423676,1.047662
101,109,3.0,2,,2,2,1,2.441529,5.123239,0.471338
101,121,3.0,2,,2,2,5,0.028229,0.087751,0.077809
101,122,3.0,1,,2,2,6,0.116962,0.364263,0.410121
101,123,3.0,2,,2,2,5,0.05498,0.171638,0.170389
101,124,3.0,2,,2,2,6,0.054898,0.171195,0.181243
101,129,3.0,1,,2,2,6,0.072228,0.22548,0.227948
101,131,3.0,5,,2,2,5,0.001433,0.000959,0.000753
101,171,3.0,2,,2,2,5,0.008049,0.006508,0.005659
101,172,3.0,2,,2,2,6,0.0,0.0,0.0
101,179,3.0,2,,2,2,5,0.001536,0.001149,0.001119
101,241,3.0,2,,2,2,1,0.000892,0.00135,0.0001
101,242,3.0,1,,2,2,2,0.0,0.0,0.0
101,249,3.0,1,,2,2,2,0.0,0.0,0.0
101,251,3.0,3,,2,2,3,0.0,0.0,0.0
101,271,3.0,2,,2,2,6,0.011939,0.016633,0.021566
101,279,3.0,2,,2,2,6,0.002993,0.004103,0.005782
101,341,3.0,2,,2,2,2,0.086622,0.07088,0.008996
101,342,3.0,1,,2,2,1,0.014501,0.011854,0.000531
101,361,3.0,2,,2,2,3,0.013399,0.01408,0.004307
101,362,3.0,2,,2,2,3,0.014116,0.014833,0.007019
101,363,3.0,2,,2,2,2,0.275985,0.289998,0.057967
101,364,3.0,2,,2,2,3,0.013796,0.014496,0.00678
101,369,3.0,1,,2,2,3,0.021532,0.022626,0.006911
101,371,3.0,1,,2,2,4,0.001306,0.002768,0.001427
101,372,3.0,2,,2,2,3,0.0,0.0,0.0
101,373,3.0,1,,2,2,3,0.001393,0.002589,0.000992
101,379,3.0,1,,2,2,3,0.000681,0.001359,0.00061
101,379,3.0,5,,2,2,4,0.000542,0.001148,0.000581
101,421,3.0,1,,2,2,1,0.0,0.0,0.0
101,422,3.0,2,,2,2,3,0.0,0.0,0.0
101,423,3.0,1,,2,2,2,0.0,0.0,0.0
101,429,3.0,1,,2,2,2,0.0,0.0,0.0
101,481,3.0,5,,2,2,8,0.006771,0.013547,0.03205
101,482,3.0,2,,2,2,7,0.000936,0.001873,0.002883
101,483,3.0,2,,2,2,7,0.001062,0.002125,0.003927
101,484,3.0,5,,2,2,8,0.025751,0.05152,0.120256
101,485,3.0,5,,2,2,8,0.001104,0.00221,0.006605
101,486,3.0,2,,2,2,7,0.023018,0.046053,0.075279
101,488,3.0,5,,2,2,8,0.005616,0.011236,0.027044
101,489,3.0,2,,2,2,7,0.010871,0.02175,0.037972
101,511,3.0,1,,2,2,2,0.001542,0.000533,0.000125
101,512,3.0,2,,2,2,3,0.001352,0.000312,0.000101
101,513,3.0,2,,2,2,2,0.004543,0.001048,0.000159
101,519,3.0,1,,2,2,3,0.001694,0.000433,0.000131
101,531,3.0,2,,2,2,8,0.0,0.0,0.0
101,532,3.0,2,,2,2,8,0.0,0.0,0.0
101,539,3.0,2,,2,2,8,0.0,0.0,0.0
111,131,4.0,4,,2,2,4,0.0,0.0,0.0
111,139,4.0,4,,2,2,4,0.0,0.0,0.0
111,241,4.0,1,,2,2,1,0.0,0.0,0.0
111,242,4.0,1,,2,2,1,0.0,0.0,0.0
111,363,4.0,1,,2,2,3,0.0,0.0,0.0
111,511,4.0,1,,2,2,2,0.0,0.0,0.0
111,512,4.0,1,,2,2,2,0.0,0.0,0.0
111,513,3.0,1,,2,2,1,0.003043,0.00039,1.5e-05
111,513,4.0,1,,2,2,1,0.0,0.0,0.0
111,519,3.0,1,,2,2,2,0.003342,0.000426,8.4e-05
111,519,4.0,1,,2,2,2,0.0,0.0,0.0
121,50,3.0,2,,2,2,5,0.0,0.0,0.0
121,61,3.0,5,,2,2,8,0.0,0.0,0.0
121,62,3.0,5,,2,2,8,0.0,0.0,0.0
121,63,3.0,2,,2,2,8,0.0,0.0,0.0
121,64,3.0,5,,2,2,8,0.0,0.0,0.0
121,65,3.0,2,,2,2,8,0.0,0.0,0.0
121,69,3.0,5,,2,2,8,0.0,0.0,0.0
121,121,3.0,1,,2,2,1,0.0,0.0,0.0
121,122,3.0,1,,2,2,3,0.0,0.0,0.0
121,122,3.0,2,,2,2,3,0.0,0.0,0.0
121,122,3.0,5,,2,2,3,0.0,0.0,0.0
121,123,3.0,1,,2,2,2,0.0,0.0,0.0
121,124,3.0,1,,2,2,2,0.0,0.0,0.0
121,129,3.0,1,,2,2,2,0.0,0.0,0.0
121,129,3.0,5,,2,2,3,0.0,0.0,0.0
121,341,3.0,2,,2,2,6,0.0,0.0,0.0
121,342,3.0,2,,2,2,5,0.0,0.0,0.0
121,361,3.0,2,,2,2,6,0.0,0.0,0.0
121,362,3.0,2,,2,2,6,0.0,0.0,0.0
121,363,3.0,1,,2,2,6,0.0,0.0,0.0
121,364,3.0,2,,2,2,6,0.0,0.0,0.0
121,369,3.0,1,,2,2,6,0.0,0.0,0.0
121,481,3.0,1,,2,2,6,0.0,0.0,0.0
121,482,3.0,2,,2,2,5,0.0,0.0,0.0
121,483,3.0,2,,2,2,6,0.0,0.0,0.0
121,484,3.0,1,,2,2,6,0.0,0.0,0.0
121,484,3.0,5,,2,2,7,0.0,0.0,0.0
121,485,3.0,1,,2,2,7,0.0,0.0,0.0
121,486,3.0,1,,2,2,5,0.0,0.0,0.0
121,486,3.0,2,,2,2,6,0.0,0.0,0.0
121,487,3.0,5,,2,2,7,0.0,0.0,0.0
121,488,3.0,1,,2,2,6,0.0,0.0,0.0
121,488,3.0,5,,2,2,7,0.0,0.0,0.0
121,489,3.0,2,,2,2,6,0.0,0.0,0.0
122,50,3.0,1,,2,2,6,0.060227,0.050546,0.060489
122,50,3.0,5,,2,2,6,0.017445,0.014488,0.021701
122,61,4.0,1,,2,2,8,0.004296,0.000364,0.001003
122,61,3.0,5,,2,2,8,0.001761,0.000345,0.001243
122,62,3.0,5,,2,2,8,0.0,0.0,0.0
122,63,3.0,5,,2,2,8,0.0,0.0,0.0
122,64,4.0,1,,2,2,8,0.004043,0.000342,0.001072
122,64,3.0,5,,2,2,8,0.001657,0.000324,0.001774
122,65,3.0,5,,2,2,8,0.0,0.0,0.0
122,69,3.0,2,,2,2,8,0.0,0.0,0.0
122,81,3.0,1,,2,2,8,0.014422,0.002346,0.005116
122,89,3.0,1,,2,2,8,0.00508,0.000827,0.001756
122,91,3.0,2,,2,2,7,0.0,0.0,0.0
122,92,3.0,2,,2,2,7,0.0,0.0,0.0
122,99,3.0,2,,2,2,7,0.0,0.0,0.0
122,101,3.0,2,,2,2,6,0.0,0.0,0.0
122,109,3.0,2,,2,2,6,0.0,0.0,0.0
122,111,3.0,2,,2,2,6,0.0,0.0,0.0
122,121,3.0,1,,2,2,3,1.207758,0.624,0.207273
122,121,4.0,1,,2,2,3,0.0,0.0,0.0
122,121,3.0,2,,2,2,3,0.152673,0.142183,0.049272
122,121,3.0,5,,2,2,3,0.229009,0.213274,0.07733
122,122,3.0,1,,2,2,1,5.474289,9.854572,0.486103
122,122,4.0,1,,2,2,1,0.0,0.0,0.0
122,122,3.0,2,,2,2,1,0.0,0.0,0.0
122,122,3.0,3,,2,2,1,1.170215,1.089612,0.062831
122,123,3.0,1,,2,2,2,3.132594,1.93039,0.460935
122,123,4.0,1,,2,2,2,0.0,0.0,0.0
122,123,3.0,2,,2,2,3,0.0,0.0,0.0
122,124,3.0,1,,2,2,3,2.950728,1.763117,0.453157
122,124,4.0,1,,2,2,3,0.0,0.0,0.0
122,124,3.0,5,,2,2,3,0.173787,0.161773,0.044452
122,129,3.0,1,,2,2,3,3.959991,2.391327,0.764156
122,129,4.0,1,,2,2,3,0.0,0.0,0.0
122,129,3.0,5,,2,2,3,0.155293,0.144623,0.062674
122,131,3.0,1,,2,2,4,0.165975,0.032628,0.021886
122,131,3.0,5,,2,2,5,0.021685,0.004624,0.003473
122,132,3.0,1,,2,2,3,0.010211,0.00201,0.00094
122,139,3.0,1,,2,2,4,0.033368,0.006313,0.00345
122,139,3.0,2,,2,2,4,0.006807,0.001451,0.000887
122,139,3.0,5,,2,2,4,0.006807,0.001451,0.000921
122,160,3.0,1,,2,2,8,0.002161,0.000355,0.001001
122,160,4.0,4,,2,2,8,0.005449,0.000778,0.001775
122,160,3.0,5,,2,2,8,0.056008,0.062574,0.20367
122,171,3.0,1,,2,2,6,1.129291,0.394026,0.562373
122,171,4.0,4,,2,2,6,0.0,0.0,0.0
122,171,3.0,5,,2,2,6,0.123133,0.051425,0.076742
122,172,3.0,1,,2,2,6,0.043223,0.015374,0.018847
122,172,4.0,4,,2,2,6,0.0,0.0,0.0
122,179,3.0,1,,2,2,6,0.24991,0.08889,0.112122
122,179,4.0,4,,2,2,6,0.0,0.0,0.0
122,181,3.0,1,,2,2,6,0.815742,0.200144,0.274397
122,181,4.0,4,,2,2,6,0.0,0.0,0.0
122,182,3.0,1,,2,2,6,3.45009,0.844204,1.029321
122,182,4.0,4,,2,2,5,0.0,0.0,0.0
122,182,3.0,5,,2,2,6,0.017333,0.006536,0.008645
122,183,3.0,1,,2,2,6,0.774723,0.189044,0.246242
122,183,4.0,4,,2,2,6,0.0,0.0,0.0
122,183,3.0,5,,2,2,6,0.007239,0.002596,0.003579
122,189,3.0,1,,2,2,6,2.981727,0.7296,0.877695
122,189,3.0,2,,2,2,6,0.00749,0.002824,0.003645
122,189,4.0,4,,2,2,5,0.0,0.0,0.0
122,189,3.0,5,,2,2,6,0.00749,0.002824,0.003677
122,190,3.0,1,,2,2,7,6.238125,1.391511,2.263526
122,190,4.0,4,,2,2,6,0.0,0.0,0.0
122,190,3.0,5,,2,2,7,0.375059,0.112874,0.20741
122,211,3.0,1,,2,2,6,0.058399,0.072631,0.080532
122,212,3.0,1,,2,2,6,0.196415,0.24428,0.266036
122,219,3.0,1,,2,2,6,0.251071,0.312255,0.31678
122,241,3.0,2,,2,2,6,0.0,0.0,0.0
122,242,3.0,2,,2,2,6,0.0,0.0,0.0
122,251,3.0,1,,2,2,7,0.228485,0.100541,0.16182
122,251,4.0,4,,2,2,6,0.0,0.0,0.0
122,259,3.0,1,,2,2,7,0.01573,0.006921,0.011026
122,259,4.0,4,,2,2,6,0.0,0.0,0.0
122,261,3.0,1,,2,2,6,1.365977,0.455142,0.620683
122,261,4.0,4,,2,2,6,0.0,0.0,0.0
122,261,3.0,5,,2,2,7,0.910618,0.303427,0.45611
122,262,3.0,1,,2,2,6,0.378065,0.125975,0.184948
122,262,3.0,2,,2,2,7,0.094516,0.031494,0.050402
122,262,4.0,4,,2,2,6,0.0,0.0,0.0
122,262,3.0,5,,2,2,7,0.094516,0.031494,0.050691
122,269,3.0,1,,2,2,7,0.299825,0.099905,0.152745
122,269,3.0,2,,2,2,7,0.299866,0.099907,0.165364
122,269,4.0,4,,2,2,6,0.0,0.0,0.0
122,269,3.0,5,,2,2,7,0.299825,0.099905,0.168866
122,271,3.0,1,,2,2,7,3.136745,1.041028,1.933367
122,271,4.0,4,,2,2,6,0.0,0.0,0.0
122,279,3.0,1,,2,2,7,0.733484,0.237476,0.459734
122,279,3.0,2,,2,2,8,0.077359,0.031455,0.063751
122,279,4.0,4,,2,2,7,0.0,0.0,0.0
122,291,3.0,1,,2,2,6,2.320267,0.704634,1.051206
122,291,4.0,4,,2,2,6,0.0,0.0,0.0
122,292,3.0,1,,2,2,6,4.591949,1.39454,1.741813
122,292,4.0,4,,2,2,6,0.0,0.0,0.0
122,299,3.0,1,,2,2,6,1.69684,0.515237,0.679237
122,299,4.0,4,,2,2,6,0.0,0.0,0.0
122,299,3.0,5,,2,2,7,0.673634,0.204607,0.326287
122,311,3.0,2,,2,2,7,0.0,0.0,0.0
122,319,3.0,2,,2,2,7,0.0,0.0,0.0
122,341,3.0,1,,2,2,6,0.135052,0.151242,0.199098
122,342,3.0,1,,2,2,6,0.022631,0.025344,0.030245
122,361,3.0,1,,2,2,6,0.009366,0.003398,0.005071
122,362,3.0,1,,2,2,6,0.009867,0.00358,0.004996
122,363,3.0,1,,2,2,6,0.192903,0.069986,0.095897
122,363,4.0,4,,2,2,6,0.0,0.0,0.0
122,364,3.0,1,,2,2,6,0.009643,0.003498,0.004947
122,369,3.0,1,,2,2,6,0.015084,0.005462,0.007834
122,371,3.0,2,,2,2,5,0.0,0.0,0.0
122,372,3.0,2,,2,2,5,0.0,0.0,0.0
122,373,3.0,2,,2,2,5,0.0,0.0,0.0
122,379,3.0,2,,2,2,5,0.0,0.0,0.0
122,380,3.0,1,,2,2,8,0.224637,0.198312,0.443278
122,391,3.0,1,,2,2,6,0.037641,0.016055,0.018249
122,392,3.0,1,,2,2,6,0.064642,0.027596,0.0339
122,393,3.0,1,,2,2,6,0.044917,0.019175,0.022221
122,394,3.0,1,,2,2,6,0.017094,0.007297,0.008641
122,399,3.0,1,,2,2,6,0.029508,0.012597,0.015004
122,399,3.0,5,,2,2,6,0.007377,0.003149,0.004342
122,421,3.0,1,,2,2,6,0.0,0.0,0.0
122,422,3.0,1,,2,2,6,0.0,0.0,0.0
122,423,3.0,1,,2,2,6,0.0,0.0,0.0
122,429,3.0,1,,2,2,6,0.0,0.0,0.0
122,441,3.0,1,,2,2,7,0.12789,0.05766,0.092693
122,451,4.0,4,,2,2,3,0.0,0.0,0.0
122,452,4.0,4,,2,2,4,0.0,0.0,0.0
122,459,4.0,4,,2,2,4,0.0,0.0,0.0
122,471,3.0,1,,2,2,6,0.004478,0.004176,0.00443
122,471,3.0,2,,2,2,6,0.004478,0.004176,0.004935
122,471,3.0,5,,2,2,6,0.004478,0.004176,0.004952
122,472,3.0,1,,2,2,5,0.026414,0.024631,0.022492
122,473,3.0,1,,2,2,5,0.010351,0.009652,0.008326
122,479,3.0,1,,2,2,5,0.014946,0.013938,0.012641
122,479,3.0,2,,2,2,6,0.002989,0.002788,0.002818
122,481,3.0,1,,2,2,6,0.027599,0.019318,0.026196
122,481,4.0,4,,2,2,6,0.0,0.0,0.0
122,482,3.0,3,,2,2,6,0.003755,0.002544,0.002853
122,482,4.0,4,,2,2,5,0.0,0.0,0.0
122,483,4.0,4,,2,2,6,0.0,0.0,0.0
122,483,3.0,5,,2,2,6,0.004034,0.002842,0.003628
122,484,3.0,1,,2,2,6,0.090827,0.063254,0.085111
122,484,4.0,4,,2,2,6,0.0,0.0,0.0
122,484,3.0,5,,2,2,6,0.013973,0.009844,0.014637
122,485,3.0,1,,2,2,7,0.004195,0.002955,0.00571
122,485,4.0,4,,2,2,7,0.0,0.0,0.0
122,486,3.0,1,,2,2,6,0.005613,0.003579,0.004324
122,486,4.0,4,,2,2,5,0.0,0.0,0.0
122,486,3.0,5,,2,2,6,0.087432,0.061594,0.074994
122,487,3.0,5,,2,2,7,0.001262,0.000889,0.001377
122,488,3.0,1,,2,2,6,0.02297,0.016073,0.022586
122,488,4.0,4,,2,2,6,0.0,0.0,0.0
122,489,3.0,1,,2,2,6,0.043977,0.030781,0.044407
122,489,4.0,4,,2,2,6,0.0,0.0,0.0
122,511,3.0,1,,2,2,5,0.004428,0.008973,0.008394
122,511,3.0,5,,2,2,6,0.002214,0.004486,0.004523
122,512,3.0,1,,2,2,5,0.006368,0.012905,0.012281
122,513,3.0,5,,2,2,6,0.021402,0.043369,0.049369
122,519,3.0,1,,2,2,5,0.007829,0.015865,0.014769
122,531,3.0,2,,2,2,8,0.0,0.0,0.0
122,532,3.0,2,,2,2,8,0.0,0.0,0.0
122,539,3.0,2,,2,2,8,0.0,0.0,0.0
122,551,3.0,1,,2,2,7,0.038531,0.007071,0.010779
122,551,4.0,4,,2,2,6,0.0,0.0,0.0
122,559,3.0,1,,2,2,7,0.007596,0.002499,0.004174
122,559,4.0,4,,2,2,6,0.049345,0.00795,0.010913
123,121,3.0,2,,2,2,2,0.010129,0.024485,0.003015
123,122,4.0,1,,2,2,2,0.0,0.0,0.0
123,122,3.0,2,,2,2,2,0.042339,0.102347,0.022855
123,123,3.0,1,,2,2,1,0.005704,0.013788,0.000633
123,123,3.0,5,,2,2,1,0.014259,0.034469,0.001845
123,124,3.0,2,,2,2,2,0.019905,0.048118,0.006461
123,129,4.0,1,,2,2,2,0.0,0.0,0.0
123,129,3.0,2,,2,2,2,0.026225,0.063394,0.015498
123,171,4.0,4,,2,2,5,0.0,0.0,0.0
123,172,4.0,4,,2,2,5,0.0,0.0,0.0
123,179,4.0,4,,2,2,5,0.0,0.0,0.0
124,61,3.0,2,,2,2,8,0.034586,0.01591,0.04423
124,62,3.0,2,,2,2,8,0.003904,0.001796,0.005767
124,63,3.0,2,,2,2,8,0.006722,0.003092,0.009519
124,64,3.0,2,,2,2,8,0.032544,0.014971,0.047893
124,65,3.0,5,,2,2,8,0.001148,0.000528,0.001433
124,69,3.0,2,,2,2,8,0.004656,0.002142,0.006675
124,121,3.0,2,,2,2,2,0.004071,0.002025,0.000457
124,122,3.0,1,,2,2,2,0.017016,0.008463,0.001919
124,123,3.0,2,,2,2,2,0.008023,0.00399,0.000487
124,124,3.0,1,,2,2,1,0.0048,0.002387,5.5e-05
124,124,3.0,2,,2,2,1,0.0032,0.001592,4.9e-05
124,129,3.0,1,,2,2,2,0.01054,0.005242,0.001028
124,441,3.0,2,,2,2,7,0.04035,0.01922,0.02963
131,61,4.0,1,,2,2,8,0.029772,0.002522,0.005531
131,61,4.0,4,,2,2,7,0.0,0.0,0.0
131,62,4.0,1,,2,2,8,0.00384,0.000325,0.000816
131,62,4.0,4,,2,2,8,0.0,0.0,0.0
131,63,4.0,1,,2,2,8,0.006907,0.000585,0.001269
131,63,4.0,4,,2,2,7,0.0,0.0,0.0
131,64,4.0,1,,2,2,8,0.02812,0.002382,0.005968
131,64,4.0,4,,2,2,8,0.0,0.0,0.0
131,65,4.0,4,,2,2,8,0.0,0.0,0.0
131,69,4.0,1,,2,2,8,0.004591,0.000389,0.000947
131,69,4.0,4,,2,2,8,0.0,0.0,0.0
131,131,4.0,1,,2,2,1,0.0,0.0,0.0
131,132,4.0,1,,2,2,2,0.0,0.0,0.0
131,139,4.0,1,,2,2,2,0.0,0.0,0.0
131,171,4.0,4,,2,2,4,0.0,0.0,0.0
131,179,4.0,4,,2,2,3,0.0,0.0,0.0
131,261,4.0,4,,2,2,4,0.0,0.0,0.0
131,269,4.0,4,,2,2,4,0.0,0.0,0.0
131,271,4.0,4,,2,2,5,0.0,0.0,0.0
131,371,4.0,1,,2,2,3,0.0,0.0,0.0
131,372,4.0,4,,2,2,3,0.0,0.0,0.0
131,373,4.0,4,,2,2,3,0.0,0.0,0.0
131,379,4.0,1,,2,2,3,0.0,0.0,0.0
131,391,4.0,1,,2,2,3,0.033243,0.002816,0.001356
131,391,4.0,4,,2,2,3,0.0,0.0,0.0
131,392,4.0,1,,2,2,4,0.054846,0.004646,0.003267
131,392,4.0,4,,2,2,4,0.0,0.0,0.0
131,393,4.0,1,,2,2,4,0.037949,0.003215,0.001864
131,393,4.0,4,,2,2,3,0.0,0.0,0.0
131,394,4.0,1,,2,2,4,0.015419,0.001306,0.000704
131,394,4.0,4,,2,2,3,0.0,0.0,0.0
131,399,4.0,1,,2,2,4,0.031718,0.002687,0.001647
131,399,4.0,4,,2,2,3,0.0,0.0,0.0
131,471,4.0,4,,2,2,3,0.0,0.0,0.0
131,472,4.0,1,,2,2,3,0.001685,0.000143,3.7e-05
131,473,4.0,1,,2,2,2,0.0,0.0,0.0
131,479,4.0,1,,2,2,3,0.00171,0.000145,4e-05
131,511,4.0,4,,2,2,3,0.0,0.0,0.0
131,512,4.0,4,,2,2,3,0.0,0.0,0.0
131,513,4.0,4,,2,2,4,0.0,0.0,0.0
131,519,4.0,4,,2,2,3,0.0,0.0,0.0
132,41,3.0,5,,2,2,8,0.00397,0.001463,0.004176
132,50,3.0,1,,2,2,5,0.0,0.0,0.0
132,50,3.0,2,,2,2,5,0.0,0.0,0.0
132,61,3.0,5,,2,2,8,0.03906,0.018381,0.086201
132,62,3.0,2,,2,2,8,0.004566,0.002102,0.006346
132,63,3.0,2,,2,2,8,0.007592,0.003573,0.010163
132,64,3.0,2,,2,2,8,0.037009,0.017351,0.053905
132,65,3.0,5,,2,2,8,0.001347,0.000629,0.002194
132,69,3.0,2,,2,2,8,0.005259,0.002475,0.007378
132,91,3.0,2,,2,2,6,0.0,0.0,0.0
132,92,3.0,2,,2,2,6,0.0,0.0,0.0
132,99,3.0,2,,2,2,6,0.0,0.0,0.0
132,101,3.0,2,,2,2,5,0.0,0.0,0.0
132,121,3.0,1,,2,2,2,0.002181,0.000517,8.1e-05
132,122,3.0,1,,2,2,3,0.009117,0.002163,0.000956
132,123,3.0,1,,2,2,3,0.003271,0.00077,0.000203
132,123,3.0,5,,2,2,3,0.00129,0.000306,8.7e-05
132,124,3.0,1,,2,2,3,0.004286,0.001017,0.000342
132,129,3.0,1,,2,2,3,0.005884,0.001457,0.000485
132,131,3.0,1,,2,2,3,3.125264,2.512778,0.645588
132,131,3.0,2,,2,2,3,0.695705,0.558413,0.168837
132,131,3.0,5,,2,2,3,0.3472,0.279144,0.084844
132,132,3.0,1,,2,2,1,0.219154,0.176196,0.005938
132,132,3.0,2,,2,2,1,0.0,0.0,0.0
132,139,3.0,1,,2,2,2,0.941933,0.757274,0.141074
132,139,3.0,2,,2,2,2,0.085626,0.068842,0.014463
132,139,3.0,5,,2,2,2,0.0,0.0,0.0
132,171,3.0,1,,2,2,5,0.0,0.0,0.0
132,171,3.0,2,,2,2,6,0.004612,0.000894,0.00094
132,172,3.0,2,,2,2,5,0.0,0.0,0.0
132,179,3.0,2,,2,2,5,0.0,0.0,0.0
132,181,3.0,2,,2,2,6,0.0,0.0,0.0
132,182,3.0,2,,2,2,5,0.0,0.0,0.0
132,183,3.0,2,,2,2,5,0.0,0.0,0.0
132,189,3.0,2,,2,2,5,0.0,0.0,0.0
132,221,3.0,2,,2,2,5,0.0,0.0,0.0
132,222,3.0,2,,2,2,5,0.0,0.0,0.0
132,223,3.0,2,,2,2,5,0.0,0.0,0.0
132,229,3.0,2,,2,2,5,0.0,0.0,0.0
132,241,3.0,2,,2,2,4,0.0,0.0,0.0
132,242,3.0,2,,2,2,4,0.0,0.0,0.0
132,249,3.0,2,,2,2,5,0.0,0.0,0.0
132,271,3.0,2,,2,2,6,0.0,0.0,0.0
132,279,3.0,2,,2,2,7,0.0,0.0,0.0
132,280,3.0,2,,2,2,4,0.0,0.0,0.0
132,291,3.0,2,,2,2,6,0.0,0.0,0.0
132,292,3.0,2,,2,2,5,0.0,0.0,0.0
132,299,3.0,1,,2,2,5,0.0,0.0,0.0
132,341,3.0,1,,2,2,5,0.0,0.0,0.0
132,341,3.0,2,,2,2,5,0.014036,0.009121,0.007657
132,342,3.0,2,,2,2,5,0.002352,0.001528,0.001199
132,361,3.0,2,,2,2,6,0.0,0.0,0.0
132,362,3.0,2,,2,2,6,0.0,0.0,0.0
132,363,3.0,1,,2,2,5,0.0,0.0,0.0
132,363,3.0,2,,2,2,5,0.010081,0.001953,0.001782
132,364,3.0,2,,2,2,6,0.0,0.0,0.0
132,369,3.0,1,,2,2,5,0.0,0.0,0.0
132,371,3.0,1,,2,2,3,0.0,0.0,0.0
132,372,3.0,1,,2,2,3,0.0,0.0,0.0
132,372,3.0,5,,2,2,3,0.0,0.0,0.0
132,373,3.0,1,,2,2,3,0.0,0.0,0.0
132,379,3.0,1,,2,2,3,0.0,0.0,0.0
132,379,3.0,5,,2,2,3,0.0,0.0,0.0
132,391,3.0,2,,2,2,5,0.001316,0.000255,0.000199
132,392,3.0,2,,2,2,5,0.002127,0.000412,0.000392
132,393,3.0,1,,2,2,4,0.001467,0.000156,0.000111
132,399,3.0,1,,2,2,4,0.001205,0.000128,9.5e-05
132,421,3.0,2,,2,2,5,0.0,0.0,0.0
132,422,3.0,2,,2,2,5,0.0,0.0,0.0
132,423,3.0,2,,2,2,5,0.0,0.0,0.0
132,429,3.0,2,,2,2,5,0.0,0.0,0.0
132,451,3.0,1,,2,2,2,0.0,0.0,0.0
132,452,3.0,1,,2,2,2,0.0,0.0,0.0
132,459,3.0,1,,2,2,2,0.0,0.0,0.0
132,459,3.0,5,,2,2,2,0.0,0.0,0.0
132,471,3.0,1,,2,2,4,0.004535,0.000412,0.000263
132,472,3.0,1,,2,2,4,0.009404,0.000853,0.000436
132,472,3.0,5,,2,2,4,0.0,0.0,0.0
132,473,3.0,1,,2,2,3,0.003493,0.000317,0.000133
132,479,3.0,1,,2,2,3,0.003496,0.000779,0.000389
132,479,3.0,2,,2,2,4,0.001009,0.000195,0.000112
132,479,3.0,5,,2,2,4,0.002482,0.000225,0.000135
132,481,3.0,5,,2,2,7,0.026907,0.064139,0.115672
132,482,3.0,2,,2,2,6,0.003721,0.008869,0.00915
132,483,3.0,2,,2,2,6,0.004268,0.010078,0.013508
132,484,3.0,2,,2,2,6,0.051163,0.121958,0.146429
132,484,3.0,5,,2,2,6,0.052641,0.122288,0.182185
132,485,3.0,5,,2,2,8,0.004389,0.010462,0.025384
132,486,3.0,2,,2,2,6,0.060979,0.145355,0.16489
132,486,3.0,5,,2,2,7,0.030489,0.072678,0.117916
132,487,3.0,5,,2,2,7,0.00132,0.003147,0.006227
132,488,3.0,5,,2,2,7,0.022962,0.053433,0.098556
132,489,3.0,2,,2,2,6,0.043467,0.103498,0.139867
132,513,3.0,2,,2,2,4,0.001818,0.001682,0.001045
132,531,3.0,2,,2,2,8,0.0,0.0,0.0
139,131,3.0,1,,2,2,3,0.0,0.0,0.0
139,139,3.0,1,,2,2,2,0.0,0.0,0.0
151,151,3.0,1,,2,2,1,0.009156,0.016299,7.7e-05
151,151,3.0,3,,2,2,1,0.001526,0.001189,2.3e-05
151,159,3.0,3,,2,2,2,0.016731,0.013038,0.002377
151,159,3.0,5,,2,2,2,0.016731,0.013038,0.002483
171,61,3.0,1,,2,2,8,0.0,0.0,0.0
171,61,3.0,2,,2,2,8,0.022515,0.009531,0.020864
171,62,3.0,2,,2,2,8,0.002541,0.001076,0.002304
171,63,3.0,1,,2,2,8,0.004376,0.001852,0.003921
171,63,3.0,2,,2,2,8,0.0,0.0,0.0
171,64,3.0,1,,2,2,8,0.0,0.0,0.0
171,64,3.0,2,,2,2,8,0.021186,0.008968,0.020256
171,65,3.0,5,,2,2,8,0.0,0.0,0.0
171,69,3.0,2,,2,2,8,0.003505,0.001498,0.003391
171,91,3.0,2,,2,2,5,0.495923,0.226921,0.220743
171,92,3.0,2,,2,2,6,0.849344,0.388636,0.397796
171,99,3.0,2,,2,2,6,0.101057,0.046241,0.046319
171,121,3.0,2,,2,2,6,0.003581,0.00181,0.002012
171,122,3.0,3,,2,2,8,0.014967,0.007565,0.015689
171,123,3.0,2,,2,2,6,0.007057,0.003567,0.004342
171,124,3.0,2,,2,2,6,0.007037,0.003557,0.004565
171,129,3.0,2,,2,2,6,0.009271,0.004686,0.005421
171,171,3.0,1,,2,2,1,2.704701,18.291817,0.661446
171,171,4.0,1,,2,2,1,0.0,0.0,0.0
171,171,3.0,3,,2,2,1,2.695886,1.18235,0.035952
171,172,3.0,1,,2,2,3,0.18609,0.081614,0.023637
171,172,3.0,5,,2,2,3,0.0,0.0,0.0
171,179,3.0,1,,2,2,2,1.077638,0.47206,0.104311
171,179,4.0,1,,2,2,2,0.0,0.0,0.0
171,179,3.0,5,,2,2,2,0.0,0.0,0.0
171,181,3.0,1,,2,2,1,0.0,0.0,0.0
171,181,4.0,1,,2,2,1,0.0,0.0,0.0
171,182,3.0,1,,2,2,2,0.0,0.0,0.0
171,182,4.0,1,,2,2,2,0.0,0.0,0.0
171,183,3.0,1,,2,2,2,0.0,0.0,0.0
171,183,4.0,1,,2,2,2,0.0,0.0,0.0
171,183,3.0,5,,2,2,2,0.0,0.0,0.0
171,189,3.0,1,,2,2,2,0.0,0.0,0.0
171,189,4.0,1,,2,2,2,0.0,0.0,0.0
171,189,3.0,5,,2,2,2,0.0,0.0,0.0
171,190,3.0,1,,2,2,3,0.365405,0.04708,0.017046
171,190,4.0,1,,2,2,3,0.0,0.0,0.0
171,190,3.0,5,,2,2,3,0.019253,0.007088,0.002548
171,261,4.0,1,,2,2,3,0.019128,0.00162,0.000481
171,261,4.0,4,,2,2,2,0.0,0.0,0.0
171,262,4.0,1,,2,2,2,0.004765,0.000404,8.5e-05
171,269,4.0,1,,2,2,3,0.007557,0.00064,0.0002
171,271,3.0,1,,2,2,3,0.0,0.0,0.0
171,271,3.0,5,,2,2,3,0.0,0.0,0.0
171,279,3.0,5,,2,2,4,0.0,0.0,0.0
171,291,3.0,2,,2,2,3,0.0,0.0,0.0
171,291,4.0,4,,2,2,3,0.0,0.0,0.0
171,292,4.0,1,,2,2,3,0.0,0.0,0.0
171,292,3.0,2,,2,2,3,0.0,0.0,0.0
171,299,3.0,2,,2,2,3,0.0,0.0,0.0
171,299,4.0,4,,2,2,3,0.0,0.0,0.0
171,341,3.0,3,,2,2,7,0.0,0.0,0.0
171,342,3.0,3,,2,2,7,0.0,0.0,0.0
171,361,3.0,2,,2,2,5,0.0,0.0,0.0
171,362,3.0,2,,2,2,4,0.0,0.0,0.0
171,363,3.0,3,,2,2,7,0.0,0.0,0.0
171,363,3.0,5,,2,2,5,0.0,0.0,0.0
171,364,3.0,5,,2,2,4,0.0,0.0,0.0
171,369,3.0,5,,2,2,5,0.0,0.0,0.0
171,380,3.0,5,,2,2,5,0.047926,0.022594,0.019545
171,481,3.0,5,,2,2,6,0.009648,0.004385,0.005084
171,482,3.0,3,,2,2,6,0.001334,0.000606,0.000899
171,483,3.0,3,,2,2,7,0.001513,0.000688,0.00121
171,484,3.0,5,,2,2,5,0.03669,0.016675,0.01622
171,485,3.0,5,,2,2,6,0.001574,0.000715,0.001017
171,486,3.0,3,,2,2,7,0.032797,0.014905,0.023959
171,488,3.0,5,,2,2,6,0.008002,0.003637,0.004542
171,489,3.0,3,,2,2,7,0.015489,0.007039,0.012323
182,181,4.0,1,,2,2,2,0.0,0.0,0.0
182,182,4.0,1,,2,2,1,0.0,0.0,0.0
182,183,4.0,1,,2,2,2,0.0,0.0,0.0
182,189,4.0,1,,2,2,2,0.0,0.0,0.0
190,190,4.0,1,,2,2,2,0.0,0.0,0.0
223,41,3.0,2,,2,2,7,0.0,0.0,0.0
223,42,3.0,2,,2,2,7,0.0,0.0,0.0
223,49,3.0,2,,2,2,7,0.0,0.0,0.0
223,50,3.0,1,,2,2,3,0.02717,0.036676,0.017824
223,50,3.0,2,,2,2,4,0.007732,0.009701,0.005
223,50,3.0,5,,2,2,4,0.013488,0.01825,0.010435
223,61,3.0,2,,2,2,7,0.0,0.0,0.0
223,62,3.0,2,,2,2,8,0.0,0.0,0.0
223,63,3.0,2,,2,2,8,0.0,0.0,0.0
223,64,3.0,2,,2,2,8,0.0,0.0,0.0
223,65,3.0,2,,2,2,8,0.0,0.0,0.0
223,69,3.0,2,,2,2,8,0.0,0.0,0.0
223,111,3.0,2,,2,2,6,0.0,0.0,0.0
223,121,3.0,2,,2,2,4,0.0,0.0,0.0
223,122,3.0,2,,2,2,5,0.0,0.0,0.0
223,123,3.0,2,,2,2,4,0.0,0.0,0.0
223,124,3.0,2,,2,2,5,0.0,0.0,0.0
223,129,3.0,2,,2,2,4,0.0,0.0,0.0
223,171,3.0,5,,2,2,6,0.0,0.0,0.0
223,172,3.0,2,,2,2,5,0.0,0.0,0.0
223,179,3.0,2,,2,2,5,0.0,0.0,0.0
223,181,3.0,2,,2,2,5,0.0,0.0,0.0
223,182,3.0,2,,2,2,5,0.0,0.0,0.0
223,183,3.0,2,,2,2,6,0.0,0.0,0.0
223,189,3.0,2,,2,2,5,0.0,0.0,0.0
223,190,3.0,2,,2,2,6,0.0,0.0,0.0
223,211,3.0,2,,2,2,5,0.0,0.0,0.0
223,212,3.0,2,,2,2,5,0.0,0.0,0.0
223,219,3.0,2,,2,2,5,0.0,0.0,0.0
223,221,3.0,3,,2,2,2,0.0,0.0,0.0
223,222,3.0,1,,2,2,2,0.0,0.0,0.0
223,223,3.0,1,,2,2,1,0.0,0.0,0.0
223,223,3.0,2,,2,2,1,0.0,0.0,0.0
223,223,3.0,3,,2,2,1,0.0,0.0,0.0
223,229,3.0,1,,2,2,2,0.0,0.0,0.0
223,229,3.0,3,,2,2,3,0.0,0.0,0.0
223,271,3.0,2,,2,2,6,0.0,0.0,0.0
223,279,3.0,2,,2,2,6,0.0,0.0,0.0
223,291,3.0,2,,2,2,5,0.0,0.0,0.0
223,292,3.0,2,,2,2,5,0.0,0.0,0.0
223,299,3.0,2,,2,2,5,0.0,0.0,0.0
223,341,3.0,2,,2,2,6,0.0,0.0,0.0
223,342,3.0,2,,2,2,6,0.0,0.0,0.0
223,361,3.0,2,,2,2,7,0.0,0.0,0.0
223,362,3.0,2,,2,2,6,0.0,0.0,0.0
223,363,3.0,2,,2,2,6,0.0,0.0,0.0
223,364,3.0,2,,2,2,6,0.0,0.0,0.0
223,369,3.0,2,,2,2,7,0.0,0.0,0.0
223,380,3.0,1,,2,2,7,0.0035,0.005647,0.009492
223,380,3.0,2,,2,2,7,0.0035,0.005647,0.010019
223,380,3.0,5,,2,2,7,0.00781,0.012026,0.021448
223,391,3.0,2,,2,2,5,0.0,0.0,0.0
223,392,3.0,2,,2,2,6,0.0,0.0,0.0
223,393,3.0,2,,2,2,6,0.0,0.0,0.0
223,394,3.0,2,,2,2,5,0.0,0.0,0.0
223,399,3.0,2,,2,2,6,0.0,0.0,0.0
223,411,3.0,2,,2,2,8,0.0,0.0,0.0
223,419,3.0,2,,2,2,8,0.0,0.0,0.0
223,451,3.0,2,,2,2,5,0.0,0.0,0.0
223,452,3.0,2,,2,2,4,0.0,0.0,0.0
223,459,3.0,2,,2,2,5,0.0,0.0,0.0
223,460,3.0,2,,2,2,7,0.0,0.0,0.0
223,471,3.0,2,,2,2,3,0.0,0.0,0.0
223,472,3.0,2,,2,2,4,0.0,0.0,0.0
223,473,3.0,2,,2,2,4,0.0,0.0,0.0
223,479,3.0,2,,2,2,4,0.0,0.0,0.0
223,481,3.0,5,,2,2,4,0.007148,0.004163,0.002229
223,482,3.0,2,,2,2,3,0.0,0.0,0.0
223,483,3.0,3,,2,2,4,0.001502,0.000997,0.000649
223,484,3.0,5,,2,2,4,0.027687,0.016285,0.008566
223,485,3.0,5,,2,2,6,0.001166,0.000679,0.000788
223,486,3.0,3,,2,2,3,0.0243,0.014151,0.006023
223,488,3.0,5,,2,2,4,0.006279,0.003657,0.002119
223,489,3.0,1,,2,2,4,0.011858,0.007029,0.00436
223,511,3.0,2,,2,2,6,0.0,0.0,0.0
223,512,3.0,2,,2,2,6,0.0,0.0,0.0
223,513,3.0,2,,2,2,6,0.0,0.0,0.0
223,519,3.0,2,,2,2,6,0.0,0.0,0.0
223,531,3.0,2,,2,2,8,0.0,0.0,0.0
223,532,3.0,2,,2,2,8,0.0,0.0,0.0
223,539,3.0,2,,2,2,8,0.0,0.0,0.0
241,61,3.0,2,,2,2,8,0.070332,0.028337,0.084434
241,62,3.0,2,,2,2,8,0.007939,0.003199,0.009363
241,63,3.0,2,,2,2,8,0.01367,0.005508,0.016771
241,64,3.0,2,,2,2,8,0.066181,0.026665,0.081166
241,65,3.0,5,,2,2,8,0.002335,0.000941,0.002898
241,69,3.0,2,,2,2,8,0.009649,0.003875,0.0118
241,91,3.0,2,,2,2,3,0.056277,0.02278,0.010664
241,92,3.0,1,,2,2,3,0.096384,0.039014,0.010991
241,99,3.0,1,,2,2,3,0.011468,0.004642,0.00162
241,101,3.0,1,,2,2,1,0.0,0.0,0.0
241,109,3.0,1,,2,2,1,0.0,0.0,0.0
241,111,3.0,2,,2,2,1,0.0,0.0,0.0
241,121,3.0,2,,2,2,5,0.003542,0.001846,0.0015
241,122,3.0,2,,2,2,6,0.014804,0.007715,0.008798
241,123,3.0,2,,2,2,5,0.00698,0.003638,0.003341
241,124,3.0,2,,2,2,5,0.00696,0.003627,0.00357
241,129,3.0,2,,2,2,5,0.00917,0.004779,0.004647
241,131,3.0,2,,2,2,4,0.0,0.0,0.0
241,132,3.0,2,,2,2,4,0.0,0.0,0.0
241,139,3.0,2,,2,2,5,0.0,0.0,0.0
241,171,3.0,1,,2,2,5,0.017319,0.004936,0.00397
241,171,3.0,2,,2,2,5,0.017319,0.004936,0.00411
241,172,3.0,2,,2,2,5,0.001195,0.000341,0.000337
241,179,3.0,1,,2,2,5,0.006912,0.00197,0.001606
241,181,3.0,2,,2,2,5,0.0,0.0,0.0
241,182,3.0,2,,2,2,5,0.0,0.0,0.0
241,183,3.0,2,,2,2,4,0.0,0.0,0.0
241,189,3.0,2,,2,2,5,0.0,0.0,0.0
241,221,3.0,2,,2,2,6,0.006771,0.015248,0.019401
241,222,3.0,2,,2,2,6,0.001539,0.003466,0.004827
241,223,3.0,2,,2,2,6,0.010154,0.022866,0.027652
241,229,3.0,2,,2,2,6,0.010906,0.024558,0.031768
241,241,3.0,1,,2,2,1,1.710607,5.532195,0.140365
241,241,3.0,2,,2,2,1,0.0,0.0,0.0
241,242,3.0,1,,2,2,1,1.237434,4.00193,0.190038
241,249,3.0,1,,2,2,1,0.267761,0.864286,0.082549
241,271,3.0,1,,2,2,6,0.0,0.0,0.0
241,279,3.0,1,,2,2,6,0.0,0.0,0.0
241,341,3.0,1,,2,2,2,0.017981,0.037869,0.007439
241,342,3.0,2,,2,2,2,0.003013,0.006346,0.000939
241,361,3.0,2,,2,2,3,0.0,0.0,0.0
241,362,3.0,2,,2,2,4,0.0,0.0,0.0
241,363,3.0,2,,2,2,3,0.0,0.0,0.0
241,364,3.0,2,,2,2,4,0.0,0.0,0.0
241,369,3.0,1,,2,2,3,0.0,0.0,0.0
241,371,3.0,5,,2,2,3,0.213453,0.822697,0.349319
241,372,3.0,5,,2,2,3,0.115305,0.444414,0.15667
241,373,3.0,1,,2,2,3,0.184285,0.710278,0.219085
241,379,3.0,1,,2,2,3,0.177074,0.682485,0.26076
241,380,3.0,2,,2,2,7,0.0,0.0,0.0
241,421,3.0,1,,2,2,2,4.437514,15.784134,1.811731
241,421,3.0,2,,2,2,2,0.739993,2.630824,0.351198
241,422,3.0,1,,2,2,3,2.156962,7.6732,1.945729
241,422,3.0,2,,2,2,3,0.359494,1.278867,0.434094
241,423,3.0,1,,2,2,2,0.74685,2.656852,0.491217
241,429,3.0,1,,2,2,2,3.273371,11.644727,2.209077
241,429,3.0,2,,2,2,3,0.0,0.0,0.0
241,481,3.0,5,,2,2,8,0.003663,0.001218,0.002839
241,484,3.0,5,,2,2,8,0.01393,0.004631,0.010118
241,486,3.0,2,,2,2,7,0.012452,0.004139,0.006474
241,488,3.0,5,,2,2,8,0.003038,0.00101,0.002395
241,489,3.0,2,,2,2,7,0.005881,0.001955,0.003264
241,511,3.0,2,,2,2,2,0.006536,0.00243,0.000422
241,512,3.0,1,,2,2,2,0.006266,0.00233,0.000486
241,513,3.0,1,,2,2,1,0.02106,0.00783,0.000605
241,519,3.0,1,,2,2,2,0.007704,0.002864,0.000662
241,551,3.0,2,,2,2,5,0.0,0.0,0.0
241,559,3.0,2,,2,2,6,0.0,0.0,0.0
251,251,3.0,1,,2,2,1,0.002241,0.003787,0.000161
251,251,4.0,1,,2,2,1,0.0,0.0,0.0
251,259,4.0,1,,2,2,2,0.0,0.0,0.0
251,441,3.0,1,,2,2,1,0.283868,0.1348,0.00876
261,261,3.0,1,,2,2,1,0.0,0.0,0.0
261,261,3.0,5,,2,2,1,0.0,0.0,0.0
261,262,3.0,1,,2,2,2,0.0,0.0,0.0
261,269,3.0,1,,2,2,2,0.0,0.0,0.0
261,269,3.0,2,,2,2,2,0.0,0.0,0.0
280,122,3.0,2,,2,2,6,0.0,0.0,0.0
280,123,3.0,2,,2,2,5,0.0,0.0,0.0
280,124,3.0,2,,2,2,5,0.0,0.0,0.0
280,129,3.0,2,,2,2,4,0.0,0.0,0.0
280,223,3.0,1,,2,2,2,0.0,0.0,0.0
280,229,3.0,1,,2,2,2,0.0,0.0,0.0
280,363,3.0,2,,2,2,6,0.0,0.0,0.0
341,61,3.0,5,,2,2,8,0.123872,0.066964,0.347425
341,62,3.0,2,,2,2,8,0.013982,0.007559,0.023058
341,63,3.0,2,,2,2,8,0.024075,0.013015,0.041116
341,63,3.0,5,,2,2,8,0.0,0.0,0.0
341,64,3.0,5,,2,2,8,0.11656,0.063011,0.373159
341,65,3.0,5,,2,2,8,0.004113,0.002223,0.007633
341,69,3.0,5,,2,2,8,0.016678,0.009016,0.034364
341,81,3.0,1,,2,2,7,0.0,0.0,0.0
341,89,3.0,1,,2,2,7,0.0,0.0,0.0
341,91,3.0,1,,2,2,2,0.093666,0.040095,0.006211
341,92,3.0,1,,2,2,2,0.160417,0.068668,0.007124
341,92,3.0,2,,2,2,2,0.0,0.0,0.0
341,92,3.0,5,,2,2,2,0.0,0.0,0.0
341,99,3.0,1,,2,2,2,0.012725,0.005447,0.000986
341,99,3.0,2,,2,2,3,0.007081,0.003062,0.000896
341,99,3.0,5,,2,2,2,0.0,0.0,0.0
341,101,3.0,1,,2,2,2,0.0,0.0,0.0
341,109,3.0,1,,2,2,2,0.0,0.0,0.0
341,111,3.0,1,,2,2,2,0.0,0.0,0.0
341,121,3.0,1,,2,2,6,0.002905,0.001902,0.001912
341,122,3.0,3,,2,2,6,0.012142,0.007952,0.008893
341,123,3.0,1,,2,2,6,0.0,0.0,0.0
341,123,3.0,5,,2,2,6,0.005725,0.003749,0.004137
341,124,3.0,1,,2,2,6,0.005708,0.003738,0.004409
341,129,3.0,1,,2,2,6,0.007521,0.004925,0.005703
341,151,3.0,5,,2,2,8,0.0,0.0,0.0
341,159,3.0,5,,2,2,8,0.0,0.0,0.0
341,160,3.0,5,,2,2,8,0.084625,0.044423,0.117068
341,171,3.0,1,,2,2,5,0.082167,0.045108,0.039486
341,171,3.0,2,,2,2,5,0.082167,0.045108,0.042591
341,171,3.0,5,,2,2,5,0.164335,0.090217,0.085457
341,172,3.0,1,,2,2,5,0.0,0.0,0.0
341,172,3.0,2,,2,2,6,0.005672,0.003114,0.003382
341,172,3.0,5,,2,2,6,0.005672,0.003114,0.003411
341,179,3.0,1,,2,2,5,0.0,0.0,0.0
341,179,3.0,2,,2,2,6,0.065587,0.036006,0.037669
341,179,3.0,5,,2,2,6,0.0,0.0,0.0
341,211,3.0,2,,2,2,5,0.0,0.0,0.0
341,212,3.0,2,,2,2,5,0.0,0.0,0.0
341,219,3.0,2,,2,2,5,0.0,0.0,0.0
341,241,3.0,1,,2,2,2,0.0,0.0,0.0
341,241,3.0,5,,2,2,2,0.0,0.0,0.0
341,242,3.0,1,,2,2,2,0.0,0.0,0.0
341,249,3.0,1,,2,2,2,0.0,0.0,0.0
341,251,3.0,1,,2,2,3,0.059106,0.021366,0.005391
341,251,3.0,5,,2,2,3,0.0,0.0,0.0
341,259,3.0,1,,2,2,2,0.004005,0.001441,0.00036
341,271,3.0,1,,2,2,6,0.0,0.0,0.0
341,271,3.0,2,,2,2,6,0.0,0.0,0.0
341,271,3.0,5,,2,2,6,0.0,0.0,0.0
341,279,3.0,1,,2,2,6,0.0,0.0,0.0
341,291,3.0,1,,2,2,6,0.007499,0.003023,0.003706
341,291,3.0,5,,2,2,6,0.007499,0.003023,0.00408
341,292,3.0,1,,2,2,6,0.029682,0.011964,0.012112
341,299,3.0,1,,2,2,6,0.00766,0.003088,0.003528
341,299,3.0,2,,2,2,6,0.00766,0.003088,0.003889
341,321,3.0,2,,2,2,8,0.0,0.0,0.0
341,329,3.0,2,,2,2,8,0.0,0.0,0.0
341,341,3.0,1,,2,2,1,5.073416,4.296631,0.141793
341,341,3.0,2,,2,2,1,0.506626,1.355545,0.05231
341,341,3.0,3,,2,2,1,0.168875,0.143143,0.012447
341,341,3.0,5,,2,2,1,0.0,0.0,0.0
341,342,3.0,1,,2,2,1,0.722814,0.612052,0.057908
341,342,3.0,5,,2,2,2,0.240539,0.203886,0.02241
341,361,3.0,1,,2,2,2,0.184049,0.1027,0.019191
341,361,3.0,5,,2,2,2,0.0,0.0,0.0
341,362,3.0,1,,2,2,3,0.193894,0.108194,0.040269
341,362,3.0,5,,2,2,3,0.0,0.0,0.0
341,363,3.0,1,,2,2,1,3.790831,2.115302,0.108181
341,363,3.0,2,,2,2,1,0.0,0.0,0.0
341,364,3.0,1,,2,2,3,0.189709,0.10584,0.033416
341,364,3.0,5,,2,2,3,0.0,0.0,0.0
341,369,3.0,1,,2,2,3,0.221819,0.123776,0.031209
341,369,3.0,5,,2,2,3,0.07394,0.041259,0.013403
341,380,3.0,1,,2,2,7,2.600585,1.137219,2.070929
341,380,3.0,5,,2,2,7,0.0,0.0,0.0
341,411,3.0,2,,2,2,8,0.0,0.0,0.0
341,411,3.0,5,,2,2,8,0.0,0.0,0.0
341,419,3.0,2,,2,2,8,0.0,0.0,0.0
341,421,3.0,1,,2,2,1,0.001479,0.000697,5.8e-05
341,421,3.0,5,,2,2,1,0.0,0.0,0.0
341,422,3.0,1,,2,2,3,0.0,0.0,0.0
341,422,3.0,2,,2,2,3,0.0,0.0,0.0
341,422,3.0,5,,2,2,3,0.0,0.0,0.0
341,423,3.0,1,,2,2,1,0.0,0.0,0.0
341,429,3.0,1,,2,2,2,0.0,0.0,0.0
341,429,3.0,2,,2,2,3,0.0,0.0,0.0
341,429,3.0,5,,2,2,3,0.0,0.0,0.0
341,441,3.0,1,,2,2,2,0.0959,0.03844,0.008236
341,460,3.0,1,,2,2,7,0.026863,0.009427,0.014903
341,481,3.0,5,,2,2,8,0.0,0.0,0.0
341,483,3.0,2,,2,2,7,0.0,0.0,0.0
341,484,3.0,1,,2,2,7,0.0,0.0,0.0
341,485,3.0,5,,2,2,8,0.0,0.0,0.0
341,486,3.0,2,,2,2,7,0.0,0.0,0.0
341,488,3.0,5,,2,2,8,0.0,0.0,0.0
341,489,3.0,1,,2,2,7,0.0,0.0,0.0
341,511,3.0,1,,2,2,3,0.0,0.0,0.0
341,511,3.0,5,,2,2,3,0.0,0.0,0.0
341,512,3.0,1,,2,2,3,0.0,0.0,0.0
341,513,3.0,2,,2,2,3,0.0,0.0,0.0
341,519,3.0,1,,2,2,3,0.0,0.0,0.0
341,531,3.0,5,,2,2,8,0.0,0.0,0.0
341,532,3.0,2,,2,2,8,0.0,0.0,0.0
341,539,3.0,5,,2,2,8,0.0,0.0,0.0
363,61,3.0,2,,2,2,8,0.12622,0.054062,0.167791
363,62,3.0,2,,2,2,8,0.014247,0.006102,0.018678
363,63,3.0,5,,2,2,8,0.024532,0.010507,0.060676
363,64,3.0,5,,2,2,8,0.11877,0.050871,0.3189
363,65,3.0,5,,2,2,8,0.004191,0.001795,0.00601
363,69,3.0,2,,2,2,8,0.016994,0.007279,0.023114
363,81,3.0,2,,2,2,7,0.0,0.0,0.0
363,89,3.0,2,,2,2,8,0.0,0.0,0.0
363,91,3.0,1,,2,2,2,0.003695,0.001732,0.000215
363,92,3.0,1,,2,2,1,0.006328,0.002966,0.000213
363,92,3.0,2,,2,2,1,0.0,0.0,0.0
363,99,3.0,1,,2,2,2,0.0,0.0,0.0
363,121,3.0,2,,2,2,6,0.001787,0.000899,0.00091
363,122,3.0,3,,2,2,6,0.00747,0.003757,0.004198
363,122,4.0,4,,2,2,6,0.0,0.0,0.0
363,123,3.0,2,,2,2,6,0.003522,0.001771,0.00198
363,123,4.0,4,,2,2,5,0.0,0.0,0.0
363,124,3.0,2,,2,2,6,0.003512,0.001766,0.002091
363,124,4.0,4,,2,2,5,0.0,0.0,0.0
363,129,3.0,2,,2,2,6,0.004627,0.002327,0.002727
363,129,4.0,4,,2,2,5,0.0,0.0,0.0
363,160,3.0,5,,2,2,8,0.037649,0.022352,0.059106
363,171,3.0,2,,2,2,5,0.0,0.0,0.0
363,172,3.0,2,,2,2,6,0.0,0.0,0.0
363,179,3.0,2,,2,2,6,0.0,0.0,0.0
363,181,3.0,2,,2,2,5,0.0,0.0,0.0
363,182,3.0,2,,2,2,5,0.0,0.0,0.0
363,183,3.0,2,,2,2,5,0.0,0.0,0.0
363,189,3.0,2,,2,2,5,0.0,0.0,0.0
363,241,3.0,1,,2,2,2,0.002937,0.001766,0.000381
363,242,3.0,2,,2,2,3,0.002124,0.001277,0.000325
363,249,3.0,1,,2,2,3,0.0,0.0,0.0
363,251,3.0,1,,2,2,2,0.0,0.0,0.0
363,251,3.0,5,,2,2,3,0.0,0.0,0.0
363,259,3.0,1,,2,2,2,0.0,0.0,0.0
363,321,3.0,2,,2,2,8,0.0,0.0,0.0
363,329,3.0,2,,2,2,8,0.0,0.0,0.0
363,341,3.0,1,,2,2,1,2.923437,1.644479,0.060817
363,342,3.0,1,,2,2,2,0.445234,0.250462,0.027972
363,342,3.0,5,,2,2,2,0.044523,0.025046,0.00303
363,361,3.0,1,,2,2,2,0.086822,0.073877,0.013401
363,361,4.0,1,,2,2,2,0.0,0.0,0.0
363,362,3.0,1,,2,2,3,0.091466,0.077829,0.029869
363,362,4.0,4,,2,2,3,0.0,0.0,0.0
363,363,3.0,1,,2,2,1,1.788263,1.521643,0.039016
363,363,4.0,1,,2,2,1,0.0,0.0,0.0
363,363,3.0,5,,2,2,1,0.0,0.0,0.0
363,364,3.0,1,,2,2,3,0.089391,0.076064,0.024534
363,364,4.0,1,,2,2,3,0.0,0.0,0.0
363,369,3.0,1,,2,2,3,0.13952,0.118718,0.030203
363,369,4.0,1,,2,2,3,0.0,0.0,0.0
363,369,3.0,5,,2,2,3,0.0,0.0,0.0
363,380,3.0,1,,2,2,7,0.081463,0.045272,0.084271
363,411,3.0,5,,2,2,8,0.031176,0.009064,0.029
363,419,3.0,5,,2,2,8,0.009963,0.002896,0.010963
363,421,3.0,1,,2,2,2,0.036499,0.019194,0.002028
363,421,3.0,5,,2,2,2,0.0,0.0,0.0
363,422,3.0,1,,2,2,3,0.017744,0.009331,0.003517
363,423,3.0,1,,2,2,1,0.005266,0.002769,0.000269
363,429,3.0,1,,2,2,2,0.023081,0.012137,0.002896
363,441,3.0,1,,2,2,2,0.24588,0.115319,0.021078
363,511,3.0,2,,2,2,3,0.0,0.0,0.0
363,512,3.0,2,,2,2,3,0.0,0.0,0.0
363,513,3.0,1,,2,2,3,0.0,0.0,0.0
363,519,3.0,2,,2,2,3,0.0,0.0,0.0
363,531,3.0,2,,2,2,8,0.0,0.0,0.0
363,532,3.0,2,,2,2,8,0.0,0.0,0.0
363,539,3.0,2,,2,2,8,0.0,0.0,0.0
371,131,4.0,1,,2,2,3,0.0,0.0,0.0
371,139,4.0,1,,2,2,3,0.0,0.0,0.0
371,371,4.0,1,,2,2,1,0.005622,0.000476,1.3e-05
371,372,4.0,1,,2,2,1,0.00281,0.000238,2.2e-05
371,373,4.0,1,,2,2,2,0.004451,0.000377,5.9e-05
371,379,4.0,1,,2,2,2,0.004327,0.000367,6.8e-05
379,122,3.0,2,,2,2,5,0.0,0.0,0.0
379,129,3.0,2,,2,2,4,0.0,0.0,0.0
379,241,3.0,2,,2,2,4,0.0,0.0,0.0
379,242,3.0,2,,2,2,3,0.0,0.0,0.0
379,249,3.0,2,,2,2,4,0.0,0.0,0.0
379,371,3.0,1,,2,2,2,7.353913,60.2006,14.763964
379,372,3.0,1,,2,2,2,3.972518,32.519825,7.640219
379,373,3.0,1,,2,2,2,6.349023,51.974361,8.231429
379,379,3.0,1,,2,2,2,5.693879,46.611229,8.714106
379,379,3.0,5,,2,2,2,0.406706,3.329373,0.752792
392,391,3.0,2,,2,2,3,0.009112,0.002231,0.0006
392,392,3.0,1,,2,2,1,0.015673,0.003837,0.000188
392,393,3.0,1,,2,2,2,0.01089,0.002666,0.000381
392,394,3.0,1,,2,2,2,0.004144,0.001015,0.000202
392,399,3.0,1,,2,2,2,0.008943,0.002189,0.000316
392,411,3.0,2,,2,2,8,0.0,0.0,0.0
392,419,3.0,2,,2,2,8,0.0,0.0,0.0
402,50,4.0,1,,2,2,3,0.0,0.0,0.0
411,261,4.0,4,,2,2,7,0.0,0.0,0.0
411,262,4.0,4,,2,2,7,0.0,0.0,0.0
411,269,4.0,4,,2,2,7,0.0,0.0,0.0
411,411,3.0,1,,2,2,1,0.072228,0.490051,0.019046
411,411,3.0,2,,2,2,1,0.0,0.0,0.0
411,411,3.0,3,,2,2,1,0.072228,0.033606,0.001883
411,419,3.0,1,,2,2,2,0.046163,0.021479,0.004501
421,61,3.0,2,,2,2,8,0.0,0.0,0.0
421,62,3.0,2,,2,2,8,0.0,0.0,0.0
421,63,3.0,2,,2,2,8,0.0,0.0,0.0
421,64,3.0,5,,2,2,8,0.0,0.0,0.0
421,65,3.0,5,,2,2,8,0.0,0.0,0.0
421,69,3.0,2,,2,2,8,0.0,0.0,0.0
421,121,3.0,2,,2,2,5,0.0,0.0,0.0
421,122,3.0,3,,2,2,6,0.004051,0.003575,0.003838
421,123,3.0,2,,2,2,6,0.00191,0.001686,0.001723
421,124,3.0,2,,2,2,6,0.001905,0.001681,0.001829
421,129,3.0,2,,2,2,6,0.002509,0.002214,0.002382
421,160,3.0,1,,2,2,8,0.223892,0.089565,0.224157
421,171,3.0,2,,2,2,5,2.399366,0.977073,0.864252
421,172,3.0,3,,2,2,8,0.082811,0.033722,0.093104
421,179,3.0,1,,2,2,5,0.478798,0.194977,0.174268
421,181,3.0,2,,2,2,5,1.284795,0.308892,0.255881
421,182,3.0,1,,2,2,4,5.4612,1.31299,0.914717
421,183,3.0,5,,2,2,4,1.229861,0.295685,0.208836
421,189,3.0,3,,2,2,8,4.719821,1.248313,3.475722
421,190,3.0,1,,2,2,6,23.891787,6.435504,7.555714
421,241,3.0,1,,2,2,2,0.0,0.0,0.0
421,242,3.0,1,,2,2,2,0.0,0.0,0.0
421,249,3.0,1,,2,2,2,0.0,0.0,0.0
421,251,3.0,2,,2,2,3,0.0,0.0,0.0
421,259,3.0,1,,2,2,3,0.0,0.0,0.0
421,261,3.0,2,,2,2,4,0.0,0.0,0.0
421,262,3.0,2,,2,2,5,0.0,0.0,0.0
421,269,3.0,2,,2,2,5,0.0,0.0,0.0
421,271,3.0,1,,2,2,6,0.254466,0.182634,0.253884
421,279,3.0,5,,2,2,6,0.065729,0.047175,0.067091
421,291,3.0,2,,2,2,6,4.613915,1.678855,2.161461
421,292,3.0,3,,2,2,8,9.131056,3.322497,9.246041
421,299,3.0,3,,2,2,8,4.713072,1.714935,4.908892
421,311,3.0,2,,2,2,6,0.022096,0.02078,0.028189
421,319,3.0,2,,2,2,7,0.018194,0.01711,0.025914
421,341,3.0,1,,2,2,1,0.007445,0.004543,0.000386
421,342,3.0,1,,2,2,1,0.001248,0.000761,2.6e-05
421,421,3.0,1,,2,2,1,0.135978,0.295944,0.007269
421,421,3.0,2,,2,2,1,0.0,0.0,0.0
421,421,3.0,3,,2,2,1,0.040426,0.010692,0.000234
421,422,3.0,1,,2,2,3,0.085757,0.019443,0.006365
421,423,3.0,1,,2,2,1,0.025452,0.00577,0.00049
421,429,3.0,1,,2,2,2,0.111552,0.025291,0.004886
421,441,3.0,2,,2,2,3,0.906875,0.38439,0.172841
421,511,3.0,1,,2,2,3,0.0,0.0,0.0
421,512,3.0,1,,2,2,3,0.0,0.0,0.0
421,513,3.0,1,,2,2,2,0.0,0.0,0.0
421,519,3.0,1,,2,2,3,0.0,0.0,0.0
421,531,3.0,2,,2,2,8,0.0,0.0,0.0
421,532,3.0,2,,2,2,8,0.0,0.0,0.0
421,539,3.0,2,,2,2,8,0.0,0.0,0.0
451,50,3.0,1,,2,2,5,0.0,0.0,0.0
451,61,3.0,5,,2,2,8,0.027117,0.010989,0.051438
451,62,3.0,2,,2,2,8,0.003061,0.00124,0.003758
451,63,3.0,2,,2,2,8,0.00527,0.002136,0.006407
451,64,3.0,2,,2,2,8,0.025516,0.010341,0.032846
451,65,3.0,2,,2,2,8,0.0,0.0,0.0
451,69,3.0,2,,2,2,8,0.003676,0.001502,0.004612
451,81,3.0,5,,2,2,7,0.0,0.0,0.0
451,89,3.0,5,,2,2,8,0.0,0.0,0.0
451,91,3.0,2,,2,2,6,0.0,0.0,0.0
451,92,3.0,2,,2,2,6,0.0,0.0,0.0
451,99,3.0,2,,2,2,6,0.0,0.0,0.0
451,121,3.0,2,,2,2,3,0.001709,0.000544,0.000154
451,122,3.0,1,,2,2,4,0.007464,0.002381,0.001334
451,123,3.0,1,,2,2,3,0.003331,0.001057,0.000403
451,124,3.0,2,,2,2,3,0.003389,0.001101,0.000501
451,129,3.0,1,,2,2,3,0.002917,0.000926,0.000415
451,129,3.0,5,,2,2,4,0.001458,0.000463,0.000242
451,131,3.0,1,,2,2,3,0.239651,0.072284,0.023336
451,132,3.0,2,,2,2,2,0.012606,0.003802,0.0006
451,139,3.0,1,,2,2,3,0.059103,0.017827,0.004968
451,171,3.0,2,,2,2,6,0.003627,0.002066,0.002213
451,172,3.0,2,,2,2,6,0.0,0.0,0.0
451,179,3.0,2,,2,2,6,0.0,0.0,0.0
451,212,3.0,1,,2,2,4,0.0,0.0,0.0
451,219,3.0,2,,2,2,4,0.0,0.0,0.0
451,221,3.0,2,,2,2,5,0.0,0.0,0.0
451,222,3.0,2,,2,2,6,0.0,0.0,0.0
451,223,3.0,2,,2,2,5,0.0,0.0,0.0
451,229,3.0,2,,2,2,6,0.0,0.0,0.0
451,241,3.0,3,,2,2,4,0.0,0.0,0.0
451,242,3.0,2,,2,2,4,0.0,0.0,0.0
451,291,3.0,2,,2,2,6,0.099892,0.198466,0.264052
451,292,3.0,2,,2,2,6,0.198414,0.393183,0.411185
451,299,3.0,2,,2,2,6,0.102046,0.202737,0.234249
451,341,3.0,1,,2,2,5,0.0,0.0,0.0
451,341,3.0,2,,2,2,4,0.00187,0.00063,0.000465
451,342,3.0,2,,2,2,4,0.0,0.0,0.0
451,361,3.0,2,,2,2,5,0.001209,0.000485,0.000447
451,362,3.0,2,,2,2,6,0.001274,0.000511,0.000555
451,363,3.0,1,,2,2,5,0.0,0.0,0.0
451,363,3.0,2,,2,2,5,0.024904,0.009986,0.008086
451,364,3.0,1,,2,2,5,0.001245,0.000499,0.000448
451,369,3.0,1,,2,2,5,0.0,0.0,0.0
451,369,3.0,2,,2,2,6,0.001943,0.000779,0.000797
451,371,3.0,1,,2,2,2,0.017899,0.001516,0.000339
451,371,3.0,2,,2,2,3,0.002983,0.000578,0.000156
451,372,3.0,1,,2,2,3,0.01128,0.000956,0.000276
451,373,3.0,1,,2,2,3,0.016226,0.001375,0.000391
451,373,3.0,5,,2,2,3,0.001803,0.000147,4.3e-05
451,379,3.0,1,,2,2,3,0.017323,0.001467,0.000417
451,421,3.0,2,,2,2,4,0.0,0.0,0.0
451,422,3.0,2,,2,2,5,0.0,0.0,0.0
451,423,3.0,2,,2,2,5,0.0,0.0,0.0
451,429,3.0,2,,2,2,5,0.0,0.0,0.0
451,451,3.0,1,,2,2,1,0.712968,0.222339,0.003724
451,451,4.0,1,,2,2,1,0.0,0.0,0.0
451,451,3.0,2,,2,2,1,0.0,0.0,0.0
451,452,3.0,1,,2,2,2,1.120363,0.3493,0.072316
451,452,4.0,1,,2,2,2,0.0,0.0,0.0
451,452,3.0,2,,2,2,2,0.160052,0.0499,0.01233
451,459,3.0,1,,2,2,2,1.889899,0.58922,0.071352
451,459,4.0,1,,2,2,2,0.0,0.0,0.0
451,459,3.0,2,,2,2,2,0.0,0.0,0.0
451,459,3.0,5,,2,2,2,0.0,0.0,0.0
451,471,3.0,1,,2,2,4,0.00138,0.000362,0.000259
451,471,3.0,2,,2,2,5,0.00138,0.000362,0.000305
451,471,3.0,5,,2,2,5,0.00152,0.000482,0.000407
451,472,3.0,1,,2,2,4,0.008142,0.002135,0.001192
451,473,3.0,1,,2,2,3,0.00319,0.000837,0.00031
451,479,3.0,1,,2,2,4,0.004565,0.001377,0.000731
451,479,3.0,2,,2,2,4,0.001382,0.000362,0.000219
451,481,3.0,5,,2,2,7,0.013998,0.005299,0.009663
451,482,3.0,2,,2,2,6,0.001936,0.000733,0.000836
451,483,3.0,2,,2,2,6,0.002195,0.000831,0.001204
451,484,3.0,5,,2,2,7,0.053919,0.020411,0.037228
451,485,3.0,5,,2,2,8,0.002283,0.000864,0.002114
451,486,3.0,2,,2,2,6,0.047703,0.018058,0.022438
451,488,3.0,5,,2,2,7,0.012566,0.004813,0.008974
451,489,3.0,2,,2,2,6,0.022759,0.008622,0.012674
451,511,3.0,2,,2,2,3,0.005584,0.001082,0.000439
451,512,3.0,2,,2,2,3,0.005354,0.001037,0.000428
451,513,3.0,2,,2,2,4,0.017994,0.003486,0.001833
451,519,3.0,1,,2,2,3,0.006583,0.001154,0.000487
471,61,4.0,4,,2,2,7,0.0,0.0,0.0
471,62,4.0,4,,2,2,7,0.0,0.0,0.0
471,63,4.0,4,,2,2,7,0.0,0.0,0.0
471,64,4.0,4,,2,2,7,0.0,0.0,0.0
471,65,4.0,4,,2,2,7,0.0,0.0,0.0
471,69,4.0,4,,2,2,7,0.0,0.0,0.0
471,122,4.0,4,,2,2,5,0.0,0.0,0.0
471,123,4.0,4,,2,2,4,0.0,0.0,0.0
471,124,4.0,4,,2,2,4,0.0,0.0,0.0
471,129,4.0,4,,2,2,4,0.0,0.0,0.0
471,190,4.0,4,,2,2,4,0.0,0.0,0.0
471,291,4.0,4,,2,2,3,0.0,0.0,0.0
471,292,4.0,1,,2,2,3,0.0,0.0,0.0
471,299,4.0,1,,2,2,3,0.0,0.0,0.0
471,363,4.0,4,,2,2,5,0.0,0.0,0.0
471,369,4.0,4,,2,2,5,0.0,0.0,0.0
471,484,4.0,4,,2,2,3,0.0,0.0,0.0
471,486,4.0,4,,2,2,3,0.0,0.0,0.0
471,488,4.0,4,,2,2,4,0.0,0.0,0.0
471,489,4.0,4,,2,2,4,0.0,0.0,0.0
471,551,4.0,4,,2,2,4,0.0,0.0,0.0
471,559,4.0,4,,2,2,4,0.0,0.0,0.0
481,484,4.0,1,,2,2,2,0.0,0.0,0.0
481,486,4.0,1,,2,2,2,0.0,0.0,0.0
481,489,4.0,1,,2,2,3,0.0,0.0,0.0
484,121,4.0,4,,2,2,5,0.0,0.0,0.0
484,122,4.0,4,,2,2,6,0.0,0.0,0.0
484,123,4.0,4,,2,2,5,0.0,0.0,0.0
484,124,4.0,4,,2,2,5,0.0,0.0,0.0
484,129,4.0,4,,2,2,5,0.0,0.0,0.0
484,271,4.0,4,,2,2,5,0.0,0.0,0.0
484,279,4.0,4,,2,2,5,0.0,0.0,0.0
484,481,4.0,1,,2,2,2,0.0,0.0,0.0
484,484,4.0,1,,2,2,1,0.0,0.0,0.0
484,486,4.0,1,,2,2,3,0.0,0.0,0.0
484,488,4.0,1,,2,2,3,0.0,0.0,0.0
484,489,4.0,1,,2,2,3,0.0,0.0,0.0
486,50,3.0,1,,2,2,4,0.0,0.0,0.0
486,61,3.0,1,,2,2,7,0.053249,0.029449,0.045041
486,61,3.0,5,,2,2,7,0.01775,0.009816,0.016004
486,62,3.0,1,,2,2,7,0.008014,0.004432,0.008702
486,63,3.0,1,,2,2,6,0.013799,0.007632,0.011248
486,64,3.0,1,,2,2,7,0.066808,0.036948,0.071181
486,64,3.0,5,,2,2,8,0.0,0.0,0.0
486,65,3.0,1,,2,2,7,0.002357,0.001304,0.002322
486,69,3.0,1,,2,2,7,0.009559,0.005287,0.009907
486,81,3.0,5,,2,2,6,0.199365,0.08544,0.094782
486,89,3.0,1,,2,2,6,0.0,0.0,0.0
486,89,3.0,2,,2,2,6,0.070223,0.030095,0.03404
486,89,3.0,5,,2,2,6,0.0,0.0,0.0
486,121,3.0,2,,2,2,5,0.0,0.0,0.0
486,122,3.0,3,,2,2,6,0.0,0.0,0.0
486,123,3.0,2,,2,2,6,0.0,0.0,0.0
486,124,3.0,2,,2,2,6,0.0,0.0,0.0
486,129,3.0,5,,2,2,5,0.0,0.0,0.0
486,160,3.0,2,,2,2,8,0.0,0.0,0.0
486,171,3.0,1,,2,2,6,0.0,0.0,0.0
486,172,3.0,1,,2,2,5,0.0,0.0,0.0
486,179,3.0,1,,2,2,5,0.0,0.0,0.0
486,179,3.0,5,,2,2,6,0.0,0.0,0.0
486,190,3.0,2,,2,2,6,0.0,0.0,0.0
486,201,3.0,2,,2,2,5,0.0,0.0,0.0
486,202,3.0,2,,2,2,4,0.0,0.0,0.0
486,209,3.0,2,,2,2,5,0.0,0.0,0.0
486,241,3.0,2,,2,2,7,0.0,0.0,0.0
486,242,3.0,2,,2,2,7,0.0,0.0,0.0
486,249,3.0,2,,2,2,7,0.0,0.0,0.0
486,291,3.0,1,,2,2,5,0.005348,0.002843,0.002234
486,291,3.0,2,,2,2,5,0.005348,0.002843,0.002411
486,292,3.0,1,,2,2,5,0.021169,0.011253,0.009309
486,299,3.0,1,,2,2,5,0.010927,0.005809,0.004389
486,311,3.0,1,,2,2,5,0.0,0.0,0.0
486,319,3.0,1,,2,2,5,0.0,0.0,0.0
486,341,3.0,1,,2,2,7,0.0,0.0,0.0
486,342,3.0,1,,2,2,7,0.0,0.0,0.0
486,380,3.0,1,,2,2,6,0.10096,0.045246,0.064601
486,411,3.0,2,,2,2,8,0.0,0.0,0.0
486,419,3.0,2,,2,2,8,0.0,0.0,0.0
486,471,3.0,3,,2,2,5,0.002813,0.004512,0.003996
486,472,3.0,3,,2,2,6,0.00553,0.008871,0.011815
486,473,3.0,1,,2,2,5,0.002167,0.003476,0.003341
486,479,3.0,3,,2,2,6,0.003755,0.006024,0.006921
486,481,3.0,1,,2,2,2,0.851616,0.405219,0.067717
486,482,3.0,1,,2,2,2,0.067291,0.032019,0.003441
486,482,3.0,2,,2,2,2,0.016823,0.008005,0.00082
486,482,3.0,3,,2,2,2,0.016823,0.008005,0.001416
486,482,3.0,5,,2,2,2,0.016823,0.008005,0.00082
486,483,3.0,1,,2,2,2,0.089047,0.042371,0.009519
486,483,3.0,3,,2,2,3,0.044523,0.021185,0.006054
486,484,3.0,1,,2,2,3,2.775989,1.320881,0.363563
486,484,4.0,1,,2,2,3,0.0,0.0,0.0
486,484,3.0,2,,2,2,3,0.231332,0.110073,0.034216
486,484,3.0,5,,2,2,3,0.231332,0.110073,0.034649
486,485,3.0,1,,2,2,4,0.138907,0.066095,0.049191
486,486,3.0,1,,2,2,1,0.0,0.0,0.0
486,486,4.0,1,,2,2,1,0.0,0.0,0.0
486,486,3.0,2,,2,2,1,1.447492,9.165001,0.48343
486,486,3.0,3,,2,2,1,1.447492,0.688751,0.038874
486,487,3.0,1,,2,2,3,0.041779,0.019879,0.006546
486,488,3.0,1,,2,2,2,0.706317,0.336082,0.072145
486,488,3.0,5,,2,2,2,0.0,0.0,0.0
486,489,3.0,1,,2,2,3,1.125952,0.535755,0.17464
486,489,4.0,1,,2,2,3,0.0,0.0,0.0
486,489,3.0,2,,2,2,3,0.0,0.0,0.0
486,489,3.0,3,,2,2,3,0.0,0.0,0.0
486,489,3.0,5,,2,2,3,0.241276,0.114805,0.043577
486,491,3.0,2,,2,2,7,0.0,0.0,0.0
486,499,3.0,2,,2,2,7,0.0,0.0,0.0
486,531,3.0,2,,2,2,8,0.0,0.0,0.0
486,532,3.0,2,,2,2,8,0.0,0.0,0.0
486,539,3.0,2,,2,2,8,0.0,0.0,0.0
511,371,3.0,1,,2,2,3,0.001827,0.001177,0.000354
511,373,3.0,2,,2,2,3,0.001577,0.001016,0.000281
511,379,3.0,2,,2,2,3,0.002502,0.001612,0.000442
511,511,4.0,1,,2,2,1,0.0,0.0,0.0
511,511,3.0,2,,2,2,1,0.0,0.0,0.0
511,512,4.0,1,,2,2,1,0.0,0.0,0.0
511,512,3.0,2,,2,2,2,0.0,0.0,0.0
511,513,4.0,1,,2,2,1,0.002148,0.000182,1.8e-05
511,513,3.0,2,,2,2,2,0.0,0.0,0.0
511,519,4.0,1,,2,2,2,0.0,0.0,0.0
511,519,3.0,2,,2,2,2,0.0,0.0,0.0
512,50,3.0,3,,2,2,8,0.000481,0.001176,0.002807
512,61,3.0,5,,2,2,8,0.0,0.0,0.0
512,62,3.0,2,,2,2,8,0.0,0.0,0.0
512,63,3.0,5,,2,2,8,0.0,0.0,0.0
512,64,3.0,5,,2,2,8,0.0,0.0,0.0
512,65,3.0,5,,2,2,8,0.0,0.0,0.0
512,69,3.0,5,,2,2,8,0.0,0.0,0.0
512,121,3.0,2,,2,2,4,0.003123,0.000797,0.000545
512,122,3.0,3,,2,2,5,0.013053,0.003452,0.003023
512,123,3.0,1,,2,2,4,0.006154,0.00157,0.001167
512,124,3.0,2,,2,2,5,0.006137,0.001566,0.001341
512,129,3.0,2,,2,2,5,0.008085,0.002063,0.00174
512,131,3.0,1,,2,2,4,0.320296,0.10153,0.060026
512,132,3.0,2,,2,2,4,0.016842,0.005337,0.00297
512,139,3.0,1,,2,2,4,0.078966,0.025022,0.015185
512,171,3.0,1,,2,2,5,0.012405,0.002212,0.002017
512,171,3.0,5,,2,2,6,0.003101,0.000553,0.00057
512,172,3.0,2,,2,2,6,0.0,0.0,0.0
512,179,3.0,1,,2,2,5,0.003094,0.000552,0.000505
512,190,3.0,1,,2,2,6,0.002409,0.000637,0.00077
512,190,3.0,2,,2,2,6,0.001029,0.000198,0.00027
512,190,3.0,5,,2,2,6,0.001029,0.000198,0.000274
512,211,3.0,5,,2,2,4,0.023757,0.00558,0.004036
512,212,3.0,1,,2,2,4,0.059941,0.014085,0.009224
512,212,3.0,5,,2,2,5,0.019976,0.004692,0.003831
512,219,3.0,1,,2,2,4,0.102295,0.024098,0.015516
512,241,3.0,2,,2,2,3,0.0,0.0,0.0
512,242,3.0,2,,2,2,2,0.0,0.0,0.0
512,249,3.0,1,,2,2,2,0.0,0.0,0.0
512,280,3.0,2,,2,2,6,0.0,0.0,0.0
512,291,3.0,1,,2,2,6,0.38581,0.106278,0.126139
512,291,3.0,5,,2,2,6,0.154324,0.042511,0.06082
512,292,3.0,1,,2,2,5,0.712877,0.196399,0.190706
512,292,3.0,2,,2,2,6,0.0,0.0,0.0
512,292,3.0,5,,2,2,6,0.356314,0.098152,0.109186
512,299,3.0,1,,2,2,6,0.367828,0.101324,0.109475
512,299,3.0,2,,2,2,6,0.0,0.0,0.0
512,299,3.0,5,,2,2,6,0.183914,0.050662,0.065567
512,341,3.0,1,,2,2,3,0.018984,0.0203,0.008068
512,342,3.0,3,,2,2,3,0.003181,0.003402,0.000977
512,361,3.0,2,,2,2,4,0.001477,0.000593,0.000363
512,362,3.0,2,,2,2,5,0.001556,0.000625,0.000483
512,363,3.0,3,,2,2,3,0.03101,0.012383,0.004557
512,364,3.0,2,,2,2,5,0.001546,0.000617,0.000486
512,369,3.0,2,,2,2,4,0.002373,0.000954,0.000693
512,371,3.0,1,,2,2,3,0.150895,0.038095,0.012828
512,372,3.0,1,,2,2,3,0.054361,0.013724,0.003771
512,372,3.0,5,,2,2,3,0.027706,0.006955,0.002353
512,373,3.0,1,,2,2,2,0.130295,0.032894,0.006546
512,379,3.0,1,,2,2,2,0.093883,0.023702,0.005708
512,379,3.0,2,,2,2,3,0.0,0.0,0.0
512,379,3.0,5,,2,2,3,0.031294,0.007901,0.002467
512,411,3.0,2,,2,2,8,0.0,0.0,0.0
512,419,3.0,2,,2,2,8,0.0,0.0,0.0
512,421,3.0,3,,2,2,3,0.0,0.0,0.0
512,422,3.0,2,,2,2,4,0.0,0.0,0.0
512,423,3.0,2,,2,2,4,0.0,0.0,0.0
512,429,3.0,2,,2,2,4,0.0,0.0,0.0
512,451,3.0,2,,2,2,3,0.001421,0.000478,0.000194
512,452,3.0,5,,2,2,4,0.003127,0.001013,0.000511
512,459,3.0,2,,2,2,3,0.003769,0.001266,0.000521
512,471,3.0,3,,2,2,8,0.003102,0.000918,0.002199
512,472,3.0,3,,2,2,8,0.006628,0.001949,0.004842
512,473,3.0,1,,2,2,4,0.00239,0.000707,0.000368
512,479,3.0,1,,2,2,4,0.00138,0.000408,0.000277
512,479,3.0,2,,2,2,4,0.00138,0.000408,0.000304
512,479,3.0,5,,2,2,5,0.00138,0.000408,0.000338
512,481,3.0,5,,2,2,8,0.00366,0.000991,0.002165
512,484,3.0,5,,2,2,8,0.01392,0.003768,0.008221
512,486,3.0,3,,2,2,8,0.012622,0.003416,0.006846
512,488,3.0,5,,2,2,8,0.003036,0.000822,0.00183
512,489,3.0,1,,2,2,7,0.0,0.0,0.0
512,489,3.0,2,,2,2,7,0.005876,0.001591,0.002642
512,511,3.0,1,,2,2,1,0.552024,0.210205,0.019805
512,511,4.0,1,,2,2,1,0.0,0.0,0.0
512,511,3.0,2,,2,2,1,0.0,0.0,0.0
512,511,3.0,5,,2,2,2,0.078859,0.030028,0.003012
512,512,3.0,1,,2,2,1,0.604875,0.230325,0.006244
512,512,4.0,1,,2,2,1,0.0,0.0,0.0
512,512,3.0,2,,2,2,1,0.0,0.0,0.0
512,512,3.0,3,,2,2,1,0.0,0.0,0.0
512,513,3.0,1,,2,2,2,2.032825,0.774061,0.135822
512,513,4.0,1,,2,2,2,0.0,0.0,0.0
512,513,3.0,5,,2,2,2,0.0,0.0,0.0
512,519,3.0,1,,2,2,2,0.74365,0.283168,0.057523
512,519,4.0,1,,2,2,2,0.0,0.0,0.0
512,519,3.0,2,,2,2,3,0.0,0.0,0.0
512,519,3.0,5,,2,2,3,0.0,0.0,0.0
512,531,3.0,2,,2,2,8,0.0,0.0,0.0
512,539,3.0,2,,2,2,8,0.0,0.0,0.0
513,511,3.0,1,,2,2,2,0.0,0.0,0.0
513,512,3.0,1,,2,2,2,0.0,0.0,0.0
513,513,3.0,1,,2,2,1,0.0,0.0,0.0
513,519,3.0,1,,2,2,2,0.0,0.0,0.0
531,61,3.0,1,,2,2,6,0.014871,0.007285,0.008482
531,61,3.0,2,,2,2,6,0.029742,0.014569,0.018753
531,61,3.0,5,,2,2,6,0.029742,0.014569,0.020874
531,62,3.0,5,,2,2,5,0.008393,0.004111,0.003937
531,63,3.0,3,,2,2,7,0.014451,0.007079,0.010661
531,64,3.0,1,,2,2,5,0.034983,0.017136,0.013958
531,64,3.0,5,,2,2,6,0.034983,0.017136,0.018048
531,65,3.0,5,,2,2,6,0.002469,0.001209,0.00124
531,69,3.0,1,,2,2,5,0.010011,0.004904,0.003815
531,121,3.0,2,,2,2,8,0.0,0.0,0.0
531,122,3.0,2,,2,2,8,0.0,0.0,0.0
531,123,3.0,2,,2,2,8,0.0,0.0,0.0
531,124,3.0,2,,2,2,8,0.0,0.0,0.0
531,129,3.0,2,,2,2,8,0.0,0.0,0.0
531,411,3.0,1,,2,2,2,0.924277,0.459286,0.092747
531,411,4.0,1,,2,2,2,0.0,0.0,0.0
531,411,3.0,2,,2,2,2,0.0,0.0,0.0
531,411,3.0,5,,2,2,2,0.369711,0.183715,0.040546
531,419,3.0,1,,2,2,3,0.413513,0.20548,0.072264
531,419,4.0,1,,2,2,3,0.0,0.0,0.0
531,419,3.0,5,,2,2,3,0.0,0.0,0.0
531,531,3.0,1,,2,2,1,0.502516,1.294152,0.070208
531,531,3.0,2,,2,2,1,0.0,0.0,0.0
531,531,3.0,3,,2,2,1,0.167505,0.078836,0.003543
531,532,3.0,1,,2,2,2,0.042698,0.020096,0.003333
531,532,3.0,2,,2,2,2,0.0,0.0,0.0
531,532,3.0,5,,2,2,2,0.0,0.0,0.0
531,539,3.0,1,,2,2,2,0.067661,0.031845,0.006335
531,539,3.0,2,,2,2,2,0.067661,0.031845,0.00772
12,11,3.0,1,,2,2,3,0.0,0.0,0.0
12,12,3.0,1,,2,2,1,0.0,0.0,0.0
12,19,3.0,1,,2,2,2,0.0,0.0,0.0
41,41,4.0,1,,2,2,1,0.001793,0.000152,2e-06
41,61,4.0,4,,2,2,3,0.0,0.0,0.0
41,64,4.0,4,,2,2,4,0.0,0.0,0.0
61,41,3.0,1,,2,2,3,0.017993,0.010625,0.004155
61,41,3.0,2,,2,2,4,0.0,0.0,0.0
61,41,3.0,5,,2,2,4,0.002999,0.001771,0.000943
61,42,3.0,1,,2,2,4,0.003665,0.002335,0.001233
61,49,3.0,1,,2,2,3,0.002473,0.001461,0.000616
61,61,3.0,1,,2,2,1,0.568628,0.533377,0.026077
61,61,3.0,2,,2,2,1,0.035539,0.097231,0.007384
61,61,3.0,3,,2,2,1,0.011846,0.011112,0.000607
61,61,3.0,5,,2,2,1,0.047386,0.044448,0.003481
61,62,3.0,1,,2,2,3,0.074881,0.070239,0.02982
61,63,3.0,1,,2,2,2,0.119459,0.112202,0.01456
61,63,3.0,2,,2,2,2,0.009918,0.009303,0.001318
61,63,3.0,5,,2,2,2,0.0,0.0,0.0
61,64,3.0,1,,2,2,3,0.62424,0.585541,0.226689
61,64,3.0,3,,2,2,3,0.0,0.0,0.0
61,64,3.0,5,,2,2,3,0.0,0.0,0.0
61,65,3.0,1,,2,2,2,0.022027,0.020661,0.004995
61,65,3.0,5,,2,2,3,0.0,0.0,0.0
61,69,3.0,1,,2,2,3,0.089317,0.08378,0.032318
61,69,3.0,2,,2,2,3,0.0,0.0,0.0
61,81,3.0,5,,2,2,6,0.0,0.0,0.0
61,89,3.0,1,,2,2,5,0.0,0.0,0.0
61,89,3.0,2,,2,2,6,0.0,0.0,0.0
61,91,3.0,2,,2,2,8,0.0,0.0,0.0
61,92,3.0,2,,2,2,8,0.0,0.0,0.0
61,99,3.0,2,,2,2,8,0.0,0.0,0.0
61,121,3.0,2,,2,2,8,0.0,0.0,0.0
61,121,3.0,5,,2,2,8,0.0,0.0,0.0
61,122,3.0,2,,2,2,8,0.0,0.0,0.0
61,122,3.0,5,,2,2,8,0.0,0.0,0.0
61,123,3.0,5,,2,2,8,0.0,0.0,0.0
61,124,3.0,5,,2,2,8,0.0,0.0,0.0
61,129,3.0,5,,2,2,8,0.0,0.0,0.0
61,271,3.0,1,,2,2,7,0.0,0.0,0.0
61,271,3.0,5,,2,2,8,0.0,0.0,0.0
61,279,3.0,1,,2,2,7,0.0,0.0,0.0
61,279,3.0,5,,2,2,8,0.0,0.0,0.0
61,361,3.0,2,,2,2,8,0.004227,0.003916,0.011863
61,362,3.0,5,,2,2,8,0.004578,0.004285,0.011761
61,363,3.0,2,,2,2,8,0.087055,0.080659,0.252547
61,363,3.0,5,,2,2,8,0.0,0.0,0.0
61,364,3.0,5,,2,2,8,0.004352,0.004032,0.011364
61,369,3.0,5,,2,2,8,0.006792,0.006293,0.019061
61,371,3.0,2,,2,2,8,0.0,0.0,0.0
61,372,3.0,2,,2,2,8,0.0,0.0,0.0
61,373,3.0,2,,2,2,8,0.0,0.0,0.0
61,379,3.0,2,,2,2,8,0.0,0.0,0.0
61,471,3.0,1,,2,2,7,0.001458,0.001623,0.002968
61,471,3.0,5,,2,2,8,0.001944,0.002164,0.00441
61,472,3.0,1,,2,2,8,0.00669,0.007444,0.015115
61,473,3.0,1,,2,2,8,0.002621,0.002917,0.006426
61,479,3.0,2,,2,2,8,0.004542,0.005055,0.011414
61,481,3.0,1,,2,2,6,0.001355,0.001725,0.002426
61,481,3.0,5,,2,2,7,0.001488,0.001894,0.002875
61,482,3.0,2,,2,2,7,0.0,0.0,0.0
61,483,3.0,1,,2,2,7,0.0,0.0,0.0
61,484,3.0,1,,2,2,6,0.005153,0.00656,0.009442
61,484,3.0,2,,2,2,6,0.005153,0.00656,0.009833
61,484,3.0,5,,2,2,7,0.0,0.0,0.0
61,485,3.0,1,,2,2,5,0.0,0.0,0.0
61,486,3.0,1,,2,2,7,0.005118,0.006516,0.010121
61,486,3.0,2,,2,2,7,0.003071,0.003909,0.006465
61,486,3.0,5,,2,2,7,0.001449,0.001844,0.003054
61,487,3.0,5,,2,2,7,0.0,0.0,0.0
61,488,3.0,1,,2,2,6,0.002248,0.002861,0.003914
61,488,3.0,5,,2,2,6,0.0,0.0,0.0
61,489,3.0,1,,2,2,6,0.002175,0.002769,0.003628
61,489,3.0,2,,2,2,6,0.002175,0.002769,0.003828
61,489,3.0,5,,2,2,6,0.0,0.0,0.0
64,61,3.0,1,,2,2,3,0.976502,2.161608,0.859573
64,61,4.0,4,,2,2,3,0.0,0.0,0.0
64,61,3.0,5,,2,2,3,0.0,0.0,0.0
64,62,3.0,1,,2,2,2,0.110223,0.243991,0.02904
64,63,3.0,1,,2,2,3,0.189789,0.420121,0.202969
64,64,3.0,1,,2,2,1,0.918861,2.034012,0.097067
64,64,4.0,1,,2,2,1,0.0,0.0,0.0
64,65,3.0,1,,2,2,2,0.027019,0.05981,0.009915
64,65,3.0,2,,2,2,2,0.005404,0.011962,0.002233
64,69,3.0,1,,2,2,2,0.131472,0.29103,0.063031
64,69,3.0,2,,2,2,2,0.0,0.0,0.0
64,81,3.0,1,,2,2,6,0.0,0.0,0.0
64,81,3.0,2,,2,2,6,0.0,0.0,0.0
64,81,3.0,5,,2,2,6,0.0,0.0,0.0
64,89,3.0,1,,2,2,6,0.0,0.0,0.0
64,89,3.0,2,,2,2,6,0.0,0.0,0.0
64,121,3.0,2,,2,2,8,0.0,0.0,0.0
64,122,3.0,2,,2,2,8,0.0,0.0,0.0
64,123,3.0,5,,2,2,8,0.0,0.0,0.0
64,124,3.0,2,,2,2,8,0.0,0.0,0.0
64,129,3.0,2,,2,2,8,0.0,0.0,0.0
64,241,3.0,2,,2,2,8,0.013483,0.009678,0.029628
64,242,3.0,2,,2,2,8,0.009753,0.007001,0.021193
64,249,3.0,2,,2,2,8,0.002106,0.001512,0.004684
64,271,3.0,1,,2,2,8,0.0,0.0,0.0
64,279,3.0,1,,2,2,7,0.0,0.0,0.0
64,321,3.0,1,,2,2,4,0.0,0.0,0.0
64,329,3.0,1,,2,2,3,0.0,0.0,0.0
64,341,3.0,5,,2,2,8,0.004763,0.001467,0.007925
64,361,3.0,2,,2,2,8,0.0027,0.00267,0.008252
64,362,3.0,2,,2,2,8,0.002844,0.002813,0.007877
64,363,3.0,2,,2,2,8,0.0,0.0,0.0
64,363,3.0,5,,2,2,8,0.056411,0.05524,0.342822
64,364,3.0,2,,2,2,8,0.00278,0.002749,0.007907
64,369,3.0,2,,2,2,8,0.004339,0.004291,0.012889
64,371,3.0,2,,2,2,8,0.0,0.0,0.0
64,372,3.0,2,,2,2,8,0.0,0.0,0.0
64,373,3.0,2,,2,2,8,0.0,0.0,0.0
64,379,3.0,2,,2,2,8,0.0,0.0,0.0
64,411,3.0,3,,2,2,5,0.019618,0.018617,0.016627
64,419,3.0,1,,2,2,4,0.006269,0.005949,0.003454
81,50,4.0,4,,2,2,5,0.0,0.0,0.0
81,61,4.0,4,,2,2,5,0.0,0.0,0.0
81,64,4.0,4,,2,2,5,0.0,0.0,0.0
81,69,4.0,4,,2,2,5,0.0,0.0,0.0
81,81,4.0,1,,2,2,1,0.0,0.0,0.0
81,89,4.0,1,,2,2,2,0.0,0.0,0.0
81,122,4.0,4,,2,2,7,0.0,0.0,0.0
81,131,4.0,4,,2,2,6,0.0,0.0,0.0
81,139,4.0,4,,2,2,6,0.0,0.0,0.0
81,171,4.0,1,,2,2,6,0.002164,0.000183,0.000187
81,171,4.0,4,,2,2,5,0.0,0.0,0.0
81,179,4.0,4,,2,2,5,0.0,0.0,0.0
81,341,4.0,4,,2,2,7,0.0,0.0,0.0
81,361,4.0,4,,2,2,7,0.0,0.0,0.0
81,362,4.0,4,,2,2,6,0.0,0.0,0.0
81,363,4.0,4,,2,2,7,0.0,0.0,0.0
81,364,4.0,4,,2,2,6,0.0,0.0,0.0
81,369,4.0,4,,2,2,7,0.0,0.0,0.0
81,371,4.0,4,,2,2,6,0.0,0.0,0.0
81,372,4.0,4,,2,2,6,0.0,0.0,0.0
81,373,4.0,4,,2,2,6,0.0,0.0,0.0
81,379,4.0,4,,2,2,6,0.0,0.0,0.0
81,401,4.0,4,,2,2,4,0.0,0.0,0.0
81,402,4.0,4,,2,2,4,0.0,0.0,0.0
81,409,4.0,4,,2,2,4,0.0,0.0,0.0
81,471,4.0,4,,2,2,5,0.0,0.0,0.0
81,472,4.0,4,,2,2,6,0.0,0.0,0.0
81,473,4.0,4,,2,2,6,0.0,0.0,0.0
81,479,4.0,4,,2,2,6,0.0,0.0,0.0
81,491,4.0,4,,2,2,3,0.0,0.0,0.0
91,61,4.0,4,,2,2,8,0.0,0.0,0.0
101,101,3.0,1,,2,2,1,0.0,0.0,0.0
101,109,3.0,2,,2,2,1,0.0,0.0,0.0
111,61,3.0,1,,2,2,8,0.002379,0.000306,0.00083
111,61,4.0,4,,2,2,8,0.0,0.0,0.0
111,64,3.0,1,,2,2,8,0.002063,0.000283,0.000831
111,64,4.0,4,,2,2,8,0.0,0.0,0.0
111,131,4.0,1,,2,2,4,0.004698,0.000398,0.000262
111,131,4.0,4,,2,2,4,0.0,0.0,0.0
111,139,4.0,1,,2,2,4,0.001029,8.7e-05,6e-05
111,139,4.0,4,,2,2,4,0.0,0.0,0.0
111,171,4.0,4,,2,2,4,0.0,0.0,0.0
111,172,4.0,4,,2,2,4,0.0,0.0,0.0
111,179,4.0,4,,2,2,4,0.0,0.0,0.0
111,190,3.0,1,,2,2,6,0.004545,0.001932,0.002084
111,212,3.0,1,,2,2,4,0.001401,0.000302,0.000181
111,219,3.0,1,,2,2,4,0.001826,0.000388,0.000234
111,241,3.0,1,,2,2,1,0.002244,0.000301,1.4e-05
111,241,4.0,1,,2,2,1,0.0,0.0,0.0
111,242,3.0,1,,2,2,1,0.001636,0.000216,6e-06
111,242,4.0,1,,2,2,1,0.0,0.0,0.0
111,249,4.0,1,,2,2,2,0.0,0.0,0.0
111,251,4.0,4,,2,2,3,0.0,0.0,0.0
111,291,4.0,4,,2,2,5,0.0,0.0,0.0
111,292,4.0,4,,2,2,4,0.0,0.0,0.0
111,299,4.0,4,,2,2,5,0.0,0.0,0.0
111,341,4.0,1,,2,2,2,0.001625,0.000156,3.7e-05
111,342,4.0,1,,2,2,2,0.0,0.0,0.0
111,361,3.0,1,,2,2,3,0.001885,0.000411,0.000176
111,361,4.0,4,,2,2,3,0.0,0.0,0.0
111,362,3.0,1,,2,2,3,0.001403,0.000234,9e-05
111,362,4.0,1,,2,2,3,0.0,0.0,0.0
111,363,3.0,1,,2,2,3,0.028589,0.004871,0.001384
111,363,4.0,1,,2,2,3,0.0,0.0,0.0
111,364,3.0,1,,2,2,3,0.002137,0.000363,0.000134
111,364,4.0,1,,2,2,3,0.0,0.0,0.0
111,369,3.0,1,,2,2,3,0.002185,0.000379,0.000145
111,369,4.0,4,,2,2,3,0.0,0.0,0.0
111,371,3.0,1,,2,2,3,0.004603,0.000531,0.000214
111,371,4.0,4,,2,2,3,0.0,0.0,0.0
111,372,4.0,1,,2,2,3,0.00301,0.000291,9.5e-05
111,373,3.0,1,,2,2,3,0.004336,0.000541,0.000148
111,373,4.0,1,,2,2,3,0.0,0.0,0.0
111,379,3.0,1,,2,2,3,0.003804,0.00044,0.000153
111,379,4.0,4,,2,2,3,0.0,0.0,0.0
111,391,4.0,4,,2,2,3,0.0,0.0,0.0
111,392,3.0,1,,2,2,3,0.001558,0.000232,8.7e-05
111,392,4.0,4,,2,2,3,0.0,0.0,0.0
111,393,4.0,4,,2,2,3,0.0,0.0,0.0
111,394,4.0,4,,2,2,3,0.0,0.0,0.0
111,399,4.0,4,,2,2,3,0.0,0.0,0.0
111,421,4.0,1,,2,2,2,0.0,0.0,0.0
111,422,4.0,1,,2,2,2,0.0,0.0,0.0
111,423,4.0,1,,2,2,2,0.0,0.0,0.0
111,429,4.0,1,,2,2,2,0.0,0.0,0.0
111,471,4.0,4,,2,2,4,0.0,0.0,0.0
111,472,4.0,4,,2,2,4,0.0,0.0,0.0
111,473,4.0,4,,2,2,3,0.0,0.0,0.0
111,479,4.0,4,,2,2,4,0.0,0.0,0.0
111,484,3.0,1,,2,2,6,0.001314,0.000604,0.000819
111,484,4.0,4,,2,2,6,0.0,0.0,0.0
111,486,3.0,1,,2,2,6,0.001111,0.000532,0.000765
111,486,4.0,4,,2,2,6,0.0,0.0,0.0
111,488,4.0,4,,2,2,6,0.0,0.0,0.0
111,489,4.0,4,,2,2,6,0.0,0.0,0.0
111,511,4.0,1,,2,2,2,0.001444,0.000136,1.7e-05
111,511,7.0,7,,2,2,2,0.0,0.0,0.0
111,512,3.0,1,,2,2,2,0.0019,0.000195,3.5e-05
111,512,4.0,1,,2,2,2,0.0,0.0,0.0
111,512,7.0,7,,2,2,2,0.0,0.0,0.0
111,513,4.0,1,,2,2,1,0.00494,0.000474,1.8e-05
111,513,7.0,7,,2,2,1,0.0,0.0,0.0
111,519,4.0,1,,2,2,2,0.001702,0.00016,3.2e-05
111,519,7.0,7,,2,2,2,0.0,0.0,0.0
121,61,3.0,5,,2,2,8,0.0,0.0,0.0
121,62,3.0,5,,2,2,8,0.0,0.0,0.0
121,63,3.0,2,,2,2,8,0.0,0.0,0.0
121,64,3.0,5,,2,2,8,0.0,0.0,0.0
121,69,3.0,5,,2,2,8,0.0,0.0,0.0
121,121,3.0,1,,2,2,1,0.221477,1.003299,0.041728
121,122,3.0,1,,2,2,3,0.81006,3.669599,1.121202
121,122,3.0,2,,2,2,3,0.058369,0.262621,0.078784
121,122,3.0,5,,2,2,3,0.057861,0.262114,0.080957
121,123,3.0,1,,2,2,2,0.436505,1.977382,0.2553
121,124,3.0,1,,2,2,2,0.435251,1.971703,0.411765
121,129,3.0,1,,2,2,2,0.477863,2.164736,0.480859
121,129,3.0,5,,2,2,3,0.095573,0.432947,0.118626
121,131,3.0,1,,2,2,3,0.0,0.0,0.0
121,132,3.0,1,,2,2,2,0.0,0.0,0.0
121,139,3.0,1,,2,2,2,0.0,0.0,0.0
121,391,3.0,1,,2,2,5,0.300123,1.549401,1.281033
121,392,3.0,1,,2,2,5,0.516209,2.664955,2.423374
121,393,3.0,1,,2,2,5,0.358691,1.851758,1.577138
121,394,3.0,1,,2,2,5,0.136504,0.704709,0.61811
121,399,3.0,1,,2,2,5,0.294548,1.52062,1.335157
121,421,3.0,2,,2,2,5,0.0,0.0,0.0
121,422,3.0,2,,2,2,6,0.0,0.0,0.0
121,423,3.0,2,,2,2,6,0.0,0.0,0.0
121,429,3.0,2,,2,2,6,0.0,0.0,0.0
121,481,3.0,1,,2,2,6,0.010346,0.010327,0.010889
121,482,3.0,2,,2,2,5,0.001431,0.001428,0.001315
121,483,3.0,2,,2,2,6,0.001623,0.00162,0.001992
121,484,3.0,1,,2,2,6,0.032788,0.032726,0.03482
121,484,3.0,5,,2,2,7,0.006558,0.006545,0.010235
121,485,3.0,1,,2,2,7,0.001688,0.001684,0.002741
121,486,3.0,2,,2,2,6,0.035171,0.035104,0.035923
121,488,3.0,1,,2,2,6,0.006436,0.006424,0.007093
121,488,3.0,5,,2,2,7,0.002145,0.002141,0.003634
121,489,3.0,2,,2,2,6,0.01661,0.016579,0.020915
122,61,3.0,5,,2,2,8,0.007125,0.006921,0.024928
122,62,3.0,5,,2,2,8,0.0,0.0,0.0
122,63,3.0,5,,2,2,8,0.001385,0.001345,0.006701
122,64,3.0,5,,2,2,8,0.007509,0.007294,0.039941
122,65,3.0,5,,2,2,8,0.0,0.0,0.0
122,69,3.0,2,,2,2,8,0.0,0.0,0.0
122,121,3.0,1,,2,2,3,0.053028,0.038202,0.012689
122,121,3.0,2,,2,2,3,0.0,0.0,0.0
122,121,3.0,5,,2,2,3,0.026917,0.019678,0.007135
122,122,3.0,1,,2,2,1,0.221777,0.832592,0.04107
122,122,4.0,1,,2,2,1,0.0,0.0,0.0
122,122,3.0,2,,2,2,1,0.0,0.0,0.0
122,122,3.0,3,,2,2,1,0.110947,0.079958,0.004611
122,123,3.0,1,,2,2,2,0.156767,0.112938,0.026967
122,123,4.0,1,,2,2,2,0.0,0.0,0.0
122,123,3.0,2,,2,2,3,0.0,0.0,0.0
122,124,3.0,1,,2,2,3,0.156317,0.112613,0.028944
122,124,4.0,1,,2,2,3,0.0,0.0,0.0
122,124,3.0,5,,2,2,3,0.0,0.0,0.0
122,129,3.0,1,,2,2,3,0.164756,0.118693,0.037929
122,129,4.0,1,,2,2,3,0.0,0.0,0.0
122,129,3.0,5,,2,2,3,0.041189,0.029673,0.012859
122,131,3.0,1,,2,2,4,0.0,0.0,0.0
122,139,3.0,1,,2,2,4,0.0,0.0,0.0
122,171,3.0,1,,2,2,6,0.0,0.0,0.0
122,171,3.0,5,,2,2,6,0.0,0.0,0.0
122,172,3.0,1,,2,2,6,0.0,0.0,0.0
122,179,3.0,1,,2,2,6,0.0,0.0,0.0
122,181,3.0,1,,2,2,6,0.0,0.0,0.0
122,181,4.0,4,,2,2,6,0.0,0.0,0.0
122,182,3.0,1,,2,2,6,0.0,0.0,0.0
122,182,4.0,4,,2,2,5,0.0,0.0,0.0
122,183,3.0,1,,2,2,6,0.0,0.0,0.0
122,183,4.0,4,,2,2,6,0.0,0.0,0.0
122,189,3.0,1,,2,2,6,0.0,0.0,0.0
122,189,4.0,4,,2,2,5,0.0,0.0,0.0
122,190,3.0,1,,2,2,7,0.0,0.0,0.0
122,190,4.0,4,,2,2,6,0.0,0.0,0.0
122,190,3.0,5,,2,2,7,0.0,0.0,0.0
122,261,3.0,1,,2,2,6,0.058181,0.004929,0.006722
122,261,3.0,5,,2,2,7,0.038787,0.001506,0.002264
122,262,3.0,1,,2,2,6,0.016104,0.001364,0.002003
122,262,3.0,2,,2,2,7,0.004026,0.00078,0.001248
122,262,3.0,5,,2,2,7,0.004026,0.000156,0.000251
122,269,3.0,1,,2,2,7,0.012771,0.001082,0.001654
122,269,3.0,2,,2,2,7,0.013247,0.002567,0.004249
122,269,3.0,5,,2,2,7,0.012771,0.000496,0.000838
122,271,3.0,1,,2,2,7,0.0,0.0,0.0
122,271,4.0,1,,2,2,7,0.003779,0.00032,0.000594
122,271,4.0,4,,2,2,6,0.0,0.0,0.0
122,279,3.0,1,,2,2,7,0.0,0.0,0.0
122,279,3.0,2,,2,2,8,0.0,0.0,0.0
122,279,4.0,4,,2,2,7,0.0,0.0,0.0
122,341,3.0,1,,2,2,6,0.142968,0.1402,0.184562
122,342,3.0,1,,2,2,6,0.023957,0.023493,0.028036
122,361,3.0,1,,2,2,6,0.004646,0.004776,0.007128
122,362,3.0,1,,2,2,6,0.004894,0.005032,0.007022
122,363,3.0,1,,2,2,6,0.095687,0.098374,0.134796
122,364,3.0,1,,2,2,6,0.005742,0.005849,0.008272
122,369,3.0,1,,2,2,6,0.007465,0.007675,0.011009
122,380,4.0,4,,2,2,7,0.0,0.0,0.0
122,421,3.0,1,,2,2,6,0.0,0.0,0.0
122,422,3.0,1,,2,2,6,0.0,0.0,0.0
122,423,3.0,1,,2,2,6,0.0,0.0,0.0
122,429,3.0,1,,2,2,6,0.0,0.0,0.0
122,481,3.0,1,,2,2,6,0.002918,0.004176,0.005663
122,483,3.0,5,,2,2,6,0.0,0.0,0.0
122,484,3.0,1,,2,2,6,0.009512,0.013612,0.018316
122,484,3.0,5,,2,2,6,0.001585,0.002269,0.003374
122,485,3.0,1,,2,2,7,0.0,0.0,0.0
122,486,3.0,5,,2,2,6,0.01052,0.015055,0.01833
122,488,3.0,1,,2,2,6,0.00242,0.003463,0.004866
122,489,3.0,1,,2,2,6,0.004685,0.006704,0.009672
124,121,3.0,2,,2,2,2,0.044991,0.043598,0.009844
124,122,3.0,1,,2,2,2,0.188062,0.182243,0.041316
124,123,3.0,2,,2,2,2,0.088671,0.085927,0.010477
124,124,3.0,1,,2,2,1,0.088416,0.08568,0.001979
124,124,3.0,2,,2,2,1,0.0,0.0,0.0
124,129,3.0,1,,2,2,2,0.116487,0.112882,0.022127
129,121,3.0,1,,2,2,3,0.0,0.0,0.0
129,122,3.0,1,,2,2,2,0.0,0.0,0.0
129,123,3.0,1,,2,2,2,0.0,0.0,0.0
129,124,3.0,1,,2,2,2,0.0,0.0,0.0
129,129,3.0,1,,2,2,3,0.0,0.0,0.0
131,11,4.0,1,,2,2,2,0.001633,0.000138,2.3e-05
131,12,4.0,4,,2,2,3,0.0,0.0,0.0
131,19,4.0,1,,2,2,2,0.002927,0.000248,5.1e-05
131,50,4.0,1,,2,2,4,0.011657,0.000987,0.000559
131,50,4.0,4,,2,2,3,0.0,0.0,0.0
131,61,4.0,1,,2,2,8,0.012533,0.001062,0.002329
131,61,4.0,4,,2,2,7,0.0,0.0,0.0
131,62,4.0,1,,2,2,8,0.002127,0.00018,0.000452
131,62,4.0,4,,2,2,8,0.0,0.0,0.0
131,63,4.0,1,,2,2,8,0.002436,0.000206,0.000447
131,63,4.0,4,,2,2,7,0.0,0.0,0.0
131,64,4.0,1,,2,2,8,0.011793,0.000999,0.002503
131,64,4.0,4,,2,2,8,0.0,0.0,0.0
131,65,4.0,4,,2,2,8,0.0,0.0,0.0
131,69,4.0,1,,2,2,8,0.001859,0.000158,0.000385
131,69,4.0,4,,2,2,8,0.0,0.0,0.0
131,81,4.0,4,,2,2,6,0.0,0.0,0.0
131,89,4.0,4,,2,2,6,0.0,0.0,0.0
131,131,4.0,1,,2,2,1,0.303064,0.025673,0.0012
131,131,7.0,7,,2,2,1,0.000247,0.00147,7.2e-05
131,132,4.0,1,,2,2,2,0.015926,0.001349,0.000336
131,139,4.0,1,,2,2,2,0.07467,0.006326,0.001051
131,171,4.0,1,,2,2,4,0.001617,0.000137,0.000102
131,171,4.0,4,,2,2,4,0.0,0.0,0.0
131,172,4.0,4,,2,2,3,0.0,0.0,0.0
131,179,4.0,4,,2,2,3,0.0,0.0,0.0
131,190,4.0,1,,2,2,5,0.004012,0.00034,0.000321
131,190,4.0,4,,2,2,5,0.0,0.0,0.0
131,221,4.0,4,,2,2,3,0.0,0.0,0.0
131,223,4.0,4,,2,2,3,0.0,0.0,0.0
131,229,4.0,4,,2,2,3,0.0,0.0,0.0
131,241,4.0,4,,2,2,4,0.0,0.0,0.0
131,242,4.0,4,,2,2,4,0.0,0.0,0.0
131,271,4.0,4,,2,2,5,0.0,0.0,0.0
131,279,4.0,4,,2,2,5,0.0,0.0,0.0
131,280,4.0,4,,2,2,3,0.0,0.0,0.0
131,311,4.0,4,,2,2,5,0.0,0.0,0.0
131,319,4.0,4,,2,2,5,0.0,0.0,0.0
131,341,4.0,4,,2,2,4,0.0,0.0,0.0
131,342,4.0,4,,2,2,4,0.0,0.0,0.0
131,361,4.0,4,,2,2,5,0.0,0.0,0.0
131,362,4.0,4,,2,2,4,0.0,0.0,0.0
131,363,4.0,4,,2,2,5,0.0,0.0,0.0
131,364,4.0,4,,2,2,4,0.0,0.0,0.0
131,369,4.0,4,,2,2,5,0.0,0.0,0.0
131,371,4.0,1,,2,2,3,0.008246,0.000699,0.000181
131,372,4.0,1,,2,2,3,0.004927,0.000417,0.000138
131,372,4.0,4,,2,2,3,0.0,0.0,0.0
131,373,4.0,1,,2,2,3,0.007119,0.000603,0.000243
131,373,4.0,4,,2,2,3,0.0,0.0,0.0
131,379,4.0,1,,2,2,3,0.007584,0.000642,0.000243
131,391,4.0,1,,2,2,3,0.001565,0.000133,6.4e-05
131,391,4.0,4,,2,2,3,0.0,0.0,0.0
131,392,4.0,1,,2,2,4,0.00327,0.000277,0.000195
131,392,4.0,4,,2,2,4,0.0,0.0,0.0
131,393,4.0,1,,2,2,4,0.002874,0.000243,0.000141
131,393,4.0,4,,2,2,3,0.0,0.0,0.0
131,394,4.0,4,,2,2,3,0.0,0.0,0.0
131,399,4.0,1,,2,2,4,0.001592,0.000135,8.3e-05
131,399,4.0,4,,2,2,3,0.0,0.0,0.0
131,411,4.0,4,,2,2,8,0.0,0.0,0.0
131,419,4.0,4,,2,2,8,0.0,0.0,0.0
131,421,4.0,4,,2,2,4,0.0,0.0,0.0
131,422,4.0,4,,2,2,4,0.0,0.0,0.0
131,429,4.0,4,,2,2,4,0.0,0.0,0.0
131,451,4.0,1,,2,2,3,0.006862,0.000581,0.000187
131,452,4.0,1,,2,2,2,0.010338,0.000876,0.000137
131,459,4.0,1,,2,2,3,0.015895,0.001346,0.000363
131,471,4.0,1,,2,2,3,0.004955,0.00042,0.000169
131,471,4.0,4,,2,2,3,0.0,0.0,0.0
131,472,4.0,1,,2,2,3,0.009521,0.000807,0.000208
131,473,4.0,1,,2,2,2,0.003962,0.000336,7.3e-05
131,479,4.0,1,,2,2,3,0.006465,0.000548,0.00015
131,481,4.0,1,,2,2,5,0.002755,0.000233,0.00022
131,481,4.0,4,,2,2,5,0.0,0.0,0.0
131,484,4.0,1,,2,2,5,0.009848,0.000834,0.000684
131,484,4.0,4,,2,2,4,0.0,0.0,0.0
131,485,4.0,4,,2,2,6,0.0,0.0,0.0
131,486,4.0,1,,2,2,5,0.009024,0.000764,0.000637
131,486,4.0,4,,2,2,4,0.0,0.0,0.0
131,488,4.0,1,,2,2,6,0.002438,0.000207,0.000209
131,488,4.0,4,,2,2,5,0.0,0.0,0.0
131,489,4.0,1,,2,2,5,0.004157,0.000352,0.00034
131,489,4.0,4,,2,2,5,0.0,0.0,0.0
131,511,4.0,4,,2,2,3,0.0,0.0,0.0
131,512,4.0,4,,2,2,3,0.0,0.0,0.0
131,513,4.0,4,,2,2,4,0.0,0.0,0.0
131,519,4.0,4,,2,2,3,0.0,0.0,0.0
132,50,3.0,1,,2,2,5,0.00629,0.000533,0.000423
132,50,3.0,2,,2,2,5,0.003697,0.000716,0.000654
132,61,3.0,5,,2,2,8,0.09225,0.038554,0.180807
132,62,3.0,2,,2,2,8,0.010822,0.004435,0.013389
132,63,3.0,2,,2,2,8,0.017906,0.007488,0.0213
132,64,3.0,2,,2,2,8,0.086692,0.036252,0.112624
132,65,3.0,5,,2,2,8,0.003059,0.001279,0.004461
132,69,3.0,2,,2,2,8,0.012404,0.005187,0.015463
132,122,3.0,1,,2,2,3,0.0,0.0,0.0
132,129,3.0,1,,2,2,3,0.0,0.0,0.0
132,131,3.0,1,,2,2,3,0.919808,0.151288,0.038869
132,131,3.0,2,,2,2,3,0.054082,0.010478,0.003168
132,131,3.0,5,,2,2,3,0.162245,0.026686,0.008111
132,132,3.0,1,,2,2,1,0.045014,0.007593,0.000256
132,132,3.0,2,,2,2,1,0.015892,0.003079,0.000108
132,139,3.0,1,,2,2,2,0.229165,0.037694,0.007022
132,139,3.0,2,,2,2,2,0.025463,0.004933,0.001036
132,139,3.0,5,,2,2,2,0.026935,0.005421,0.001229
132,171,3.0,2,,2,2,6,0.004413,0.004294,0.004515
132,172,3.0,2,,2,2,5,0.0,0.0,0.0
132,179,3.0,2,,2,2,5,0.0,0.0,0.0
132,190,3.0,2,,2,2,6,0.006893,0.001336,0.001807
132,211,3.0,2,,2,2,5,0.0,0.0,0.0
132,212,3.0,1,,2,2,4,0.0,0.0,0.0
132,219,3.0,1,,2,2,4,0.0,0.0,0.0
132,271,3.0,2,,2,2,6,0.008268,0.002049,0.003034
132,279,3.0,2,,2,2,7,0.002266,0.000628,0.001
132,280,3.0,2,,2,2,4,0.0,0.0,0.0
132,291,3.0,2,,2,2,6,0.010176,0.001972,0.002426
132,292,3.0,2,,2,2,5,0.019503,0.003779,0.003765
132,299,3.0,1,,2,2,5,0.010067,0.001911,0.001761
132,311,3.0,2,,2,2,6,0.0,0.0,0.0
132,319,3.0,2,,2,2,7,0.0,0.0,0.0
132,341,3.0,1,,2,2,5,0.003289,0.000475,0.000404
132,341,3.0,2,,2,2,5,0.001339,0.000526,0.000442
132,342,3.0,2,,2,2,5,0.0,0.0,0.0
132,361,3.0,2,,2,2,6,0.0,0.0,0.0
132,362,3.0,2,,2,2,6,0.0,0.0,0.0
132,363,3.0,1,,2,2,5,0.011217,0.001901,0.001723
132,363,3.0,2,,2,2,5,0.002478,0.000586,0.000535
132,364,3.0,2,,2,2,6,0.0,0.0,0.0
132,369,3.0,1,,2,2,5,0.0,0.0,0.0
132,371,3.0,1,,2,2,3,0.029665,0.002513,0.000681
132,372,3.0,1,,2,2,3,0.010655,0.000903,0.000304
132,372,3.0,5,,2,2,3,0.005361,0.000275,0.000112
132,373,3.0,1,,2,2,3,0.025895,0.002194,0.000738
132,379,3.0,1,,2,2,3,0.024431,0.00207,0.000708
132,379,3.0,5,,2,2,3,0.0,0.0,0.0
132,391,3.0,2,,2,2,5,0.0,0.0,0.0
132,392,3.0,2,,2,2,5,0.0,0.0,0.0
132,393,3.0,1,,2,2,4,0.0,0.0,0.0
132,394,3.0,5,,2,2,5,0.0,0.0,0.0
132,399,3.0,1,,2,2,4,0.0,0.0,0.0
132,401,3.0,5,,2,2,6,0.0,0.0,0.0
132,402,3.0,2,,2,2,6,0.0,0.0,0.0
132,409,3.0,2,,2,2,6,0.0,0.0,0.0
132,411,3.0,2,,2,2,8,0.0,0.0,0.0
132,419,3.0,2,,2,2,8,0.0,0.0,0.0
132,451,3.0,1,,2,2,2,0.0,0.0,0.0
132,452,3.0,1,,2,2,2,0.001775,0.00058,0.000141
132,459,3.0,1,,2,2,2,0.003,0.001346,0.000212
132,459,3.0,5,,2,2,2,0.0,0.0,0.0
132,471,3.0,1,,2,2,4,0.007374,0.002292,0.001461
132,472,3.0,1,,2,2,4,0.010788,0.002612,0.001334
132,472,3.0,5,,2,2,4,0.003391,0.000818,0.000498
132,473,3.0,1,,2,2,3,0.005224,0.00128,0.000539
132,479,3.0,1,,2,2,3,0.008271,0.002728,0.001362
132,479,3.0,2,,2,2,4,0.0,0.0,0.0
132,479,3.0,5,,2,2,4,0.00181,0.000444,0.000266
132,481,3.0,5,,2,2,7,0.020582,0.001564,0.002821
132,482,3.0,2,,2,2,6,0.003048,0.000591,0.00061
132,483,3.0,2,,2,2,6,0.00349,0.000676,0.000906
132,484,3.0,2,,2,2,6,0.038826,0.007523,0.009033
132,484,3.0,5,,2,2,6,0.038953,0.002941,0.004381
132,485,3.0,5,,2,2,8,0.003454,0.000279,0.000677
132,486,3.0,2,,2,2,6,0.069412,0.013449,0.015257
132,486,3.0,5,,2,2,7,0.0,0.0,0.0
132,487,3.0,5,,2,2,7,0.001016,7.5e-05,0.000148
132,488,3.0,5,,2,2,7,0.016997,0.001271,0.002344
132,489,3.0,2,,2,2,6,0.032782,0.006351,0.008583
132,513,3.0,2,,2,2,4,0.0,0.0,0.0
132,519,3.0,2,,2,2,4,0.0,0.0,0.0
132,531,3.0,2,,2,2,8,0.0,0.0,0.0
139,131,3.0,1,,2,2,3,0.050936,0.355027,0.106761
139,131,4.0,1,,2,2,3,0.0,0.0,0.0
139,131,3.0,5,,2,2,3,0.025468,0.177513,0.060853
139,132,3.0,2,,2,2,2,0.004019,0.028012,0.003779
139,139,3.0,1,,2,2,2,0.018843,0.131335,0.024529
139,391,3.0,2,,2,2,5,0.005105,0.026355,0.021996
139,392,3.0,2,,2,2,6,0.008781,0.045331,0.047406
139,393,3.0,2,,2,2,5,0.006101,0.031498,0.028906
139,394,3.0,5,,2,2,5,0.002322,0.011987,0.010474
139,399,3.0,2,,2,2,5,0.00501,0.025866,0.024535
151,151,4.0,1,,2,2,1,0.0,0.0,0.0
151,159,4.0,4,,2,2,2,0.0,0.0,0.0
171,61,3.0,1,,2,2,8,0.0,0.0,0.0
171,61,3.0,2,,2,2,8,0.0,0.0,0.0
171,62,3.0,2,,2,2,8,0.0,0.0,0.0
171,63,3.0,1,,2,2,8,0.0,0.0,0.0
171,64,3.0,1,,2,2,8,0.0,0.0,0.0
171,64,3.0,2,,2,2,8,0.0,0.0,0.0
171,65,3.0,5,,2,2,8,0.0,0.0,0.0
171,69,3.0,2,,2,2,8,0.0,0.0,0.0
171,121,3.0,2,,2,2,6,0.0,0.0,0.0
171,122,3.0,3,,2,2,8,0.001097,0.000701,0.001454
171,123,3.0,2,,2,2,6,0.0,0.0,0.0
171,124,3.0,2,,2,2,6,0.0,0.0,0.0
171,129,3.0,2,,2,2,6,0.0,0.0,0.0
171,131,3.0,5,,2,2,5,0.0,0.0,0.0
171,132,3.0,2,,2,2,6,0.0,0.0,0.0
171,139,3.0,2,,2,2,5,0.0,0.0,0.0
171,171,3.0,1,,2,2,1,1.117563,4.092709,0.147996
171,171,4.0,1,,2,2,1,0.0,0.0,0.0
171,171,3.0,3,,2,2,1,0.504318,0.314157,0.009553
171,172,3.0,1,,2,2,3,0.041058,0.035552,0.010297
171,172,4.0,1,,2,2,3,0.0,0.0,0.0
171,172,3.0,5,,2,2,3,0.014919,0.009294,0.002617
171,179,3.0,1,,2,2,2,0.100638,0.062691,0.013853
171,179,4.0,1,,2,2,2,0.103321,0.008753,0.001934
171,179,3.0,5,,2,2,2,0.11969,0.160986,0.033786
171,181,3.0,1,,2,2,1,0.000623,0.002347,0.000188
171,182,3.0,1,,2,2,2,0.00265,0.009977,0.002204
171,183,3.0,1,,2,2,2,0.000597,0.002247,0.000419
171,183,3.0,5,,2,2,2,0.0,0.0,0.0
171,189,3.0,1,,2,2,2,0.00229,0.008623,0.00199
171,189,3.0,5,,2,2,2,0.0,0.0,0.0
171,190,3.0,1,,2,2,3,0.054722,0.0125,0.004526
171,190,4.0,1,,2,2,3,0.0,0.0,0.0
171,190,4.0,4,,2,2,3,0.070357,0.016072,0.004396
171,190,3.0,5,,2,2,3,0.0,0.0,0.0
171,261,4.0,1,,2,2,3,0.326016,0.027618,0.008202
171,261,3.0,3,,2,2,4,0.0,0.0,0.0
171,261,4.0,4,,2,2,2,0.0,0.0,0.0
171,262,4.0,1,,2,2,2,0.081212,0.00688,0.001451
171,262,3.0,3,,2,2,2,0.0,0.0,0.0
171,269,4.0,1,,2,2,3,0.128811,0.010912,0.003404
171,269,3.0,3,,2,2,3,0.0,0.0,0.0
171,271,3.0,1,,2,2,3,0.0,0.0,0.0
171,271,4.0,4,,2,2,3,0.0,0.0,0.0
171,271,3.0,5,,2,2,3,0.0,0.0,0.0
171,279,4.0,4,,2,2,3,0.0,0.0,0.0
171,279,3.0,5,,2,2,4,0.0,0.0,0.0
171,291,3.0,2,,2,2,3,0.0,0.0,0.0
171,292,3.0,2,,2,2,3,0.0,0.0,0.0
171,299,3.0,2,,2,2,3,0.0,0.0,0.0
171,341,3.0,3,,2,2,7,0.0,0.0,0.0
171,342,3.0,3,,2,2,7,0.0,0.0,0.0
171,361,3.0,2,,2,2,5,0.002489,0.003382,0.002847
171,362,3.0,2,,2,2,4,0.002078,0.003215,0.001792
171,363,3.0,3,,2,2,7,0.040618,0.060841,0.091526
171,363,4.0,4,,2,2,5,0.0,0.0,0.0
171,363,3.0,5,,2,2,5,0.0,0.0,0.0
171,364,3.0,2,,2,2,4,0.00203,0.003142,0.001976
171,364,3.0,5,,2,2,4,0.0,0.0,0.0
171,369,3.0,5,,2,2,5,0.003849,0.004912,0.003719
171,371,3.0,5,,2,2,5,0.034327,0.004337,0.003902
171,372,3.0,5,,2,2,5,0.018265,0.002165,0.002011
171,373,3.0,2,,2,2,6,0.029191,0.005656,0.005705
171,379,3.0,2,,2,2,5,0.028311,0.005485,0.005348
171,380,3.0,5,,2,2,5,0.0,0.0,0.0
171,391,3.0,2,,2,2,3,0.0,0.0,0.0
171,391,4.0,4,,2,2,3,0.0,0.0,0.0
171,392,3.0,3,,2,2,5,0.0,0.0,0.0
171,392,4.0,4,,2,2,3,0.0,0.0,0.0
171,393,3.0,2,,2,2,3,0.0,0.0,0.0
171,393,4.0,4,,2,2,3,0.0,0.0,0.0
171,394,3.0,2,,2,2,3,0.0,0.0,0.0
171,394,4.0,4,,2,2,2,0.0,0.0,0.0
171,399,4.0,1,,2,2,3,0.0,0.0,0.0
171,399,3.0,3,,2,2,6,0.0,0.0,0.0
171,551,4.0,1,,2,2,2,0.0,0.0,0.0
171,551,3.0,3,,2,2,2,0.0,0.0,0.0
171,559,4.0,1,,2,2,3,0.0,0.0,0.0
171,559,3.0,3,,2,2,4,0.0,0.0,0.0
171,560,3.0,2,,2,2,6,0.0,0.0,0.0
190,190,4.0,1,,2,2,2,0.0,0.0,0.0
212,61,4.0,4,,2,2,7,0.0,0.0,0.0
212,62,4.0,4,,2,2,7,0.0,0.0,0.0
212,63,4.0,4,,2,2,7,0.0,0.0,0.0
212,64,4.0,4,,2,2,7,0.0,0.0,0.0
212,69,4.0,4,,2,2,7,0.0,0.0,0.0
212,81,4.0,4,,2,2,6,0.0,0.0,0.0
212,89,4.0,4,,2,2,6,0.0,0.0,0.0
212,111,4.0,4,,2,2,3,0.0,0.0,0.0
212,160,4.0,4,,2,2,7,0.0,0.0,0.0
212,201,4.0,4,,2,2,4,0.0,0.0,0.0
212,209,4.0,4,,2,2,4,0.0,0.0,0.0
212,271,4.0,4,,2,2,4,0.0,0.0,0.0
212,279,4.0,4,,2,2,4,0.0,0.0,0.0
212,391,4.0,1,,2,2,2,0.0,0.0,0.0
212,392,4.0,1,,2,2,3,0.0,0.0,0.0
212,393,4.0,1,,2,2,2,0.0,0.0,0.0
212,394,4.0,1,,2,2,2,0.0,0.0,0.0
212,399,4.0,1,,2,2,3,0.0,0.0,0.0
212,411,4.0,4,,2,2,7,0.0,0.0,0.0
212,419,4.0,4,,2,2,7,0.0,0.0,0.0
212,500,4.0,4,,2,2,5,0.0,0.0,0.0
221,221,3.0,3,,2,2,1,0.0,0.0,0.0
221,222,3.0,3,,2,2,2,0.0,0.0,0.0
221,223,3.0,1,,2,2,1,0.0,0.0,0.0
221,229,3.0,3,,2,2,2,0.0,0.0,0.0
223,131,3.0,2,,2,2,4,0.0,0.0,0.0
223,132,3.0,2,,2,2,4,0.0,0.0,0.0
223,139,3.0,1,,2,2,4,0.0,0.0,0.0
223,221,3.0,3,,2,2,2,4.283494,22.364037,2.777781
223,222,3.0,1,,2,2,2,0.97365,5.083406,1.074348
223,223,3.0,1,,2,2,1,0.0,0.0,0.0
223,223,3.0,2,,2,2,1,3.211726,20.335499,0.972665
223,223,3.0,3,,2,2,1,3.211726,16.768356,0.623573
223,229,3.0,1,,2,2,2,6.208955,32.416832,7.045824
223,229,3.0,3,,2,2,3,0.689884,3.60187,0.942678
223,241,3.0,2,,2,2,6,0.008251,0.010214,0.012479
223,242,3.0,2,,2,2,6,0.005969,0.007389,0.009071
223,249,3.0,2,,2,2,6,0.001289,0.001595,0.002106
223,471,3.0,2,,2,2,3,0.0,0.0,0.0
223,472,3.0,2,,2,2,4,0.0,0.0,0.0
223,473,3.0,2,,2,2,4,0.0,0.0,0.0
223,479,3.0,2,,2,2,4,0.0,0.0,0.0
223,481,3.0,5,,2,2,4,0.0,0.0,0.0
223,482,3.0,2,,2,2,3,0.0,0.0,0.0
223,483,3.0,3,,2,2,4,0.0,0.0,0.0
223,484,3.0,5,,2,2,4,0.0,0.0,0.0
223,485,3.0,5,,2,2,6,0.0,0.0,0.0
223,486,3.0,3,,2,2,3,0.0,0.0,0.0
223,487,3.0,2,,2,2,4,0.0,0.0,0.0
223,488,3.0,5,,2,2,4,0.0,0.0,0.0
223,489,3.0,1,,2,2,4,0.0,0.0,0.0
241,61,3.0,2,,2,2,8,0.011187,0.007053,0.021015
241,62,3.0,2,,2,2,8,0.001263,0.000796,0.00233
241,63,3.0,2,,2,2,8,0.002174,0.001371,0.004175
241,64,3.0,2,,2,2,8,0.010527,0.006637,0.020202
241,65,3.0,5,,2,2,8,0.0,0.0,0.0
241,69,3.0,2,,2,2,8,0.001506,0.00095,0.002893
241,121,3.0,2,,2,2,5,0.0,0.0,0.0
241,122,3.0,2,,2,2,6,0.0,0.0,0.0
241,123,3.0,2,,2,2,5,0.0,0.0,0.0
241,124,3.0,2,,2,2,5,0.0,0.0,0.0
241,129,3.0,2,,2,2,5,0.0,0.0,0.0
241,171,3.0,1,,2,2,5,0.0,0.0,0.0
241,171,3.0,2,,2,2,5,0.0,0.0,0.0
241,172,3.0,2,,2,2,5,0.0,0.0,0.0
241,179,3.0,1,,2,2,5,0.0,0.0,0.0
241,241,3.0,1,,2,2,1,4.28979,14.911275,0.378335
241,241,3.0,2,,2,2,1,0.0,0.0,0.0
241,242,3.0,1,,2,2,1,3.103188,10.786655,0.512221
241,249,3.0,1,,2,2,1,0.670039,2.329049,0.222451
241,251,3.0,2,,2,2,4,0.0,0.0,0.0
241,259,3.0,2,,2,2,3,0.0,0.0,0.0
241,271,3.0,1,,2,2,6,0.395759,0.166212,0.209509
241,279,3.0,1,,2,2,6,0.102226,0.042933,0.057792
241,341,3.0,1,,2,2,2,0.0,0.0,0.0
241,342,3.0,2,,2,2,2,0.0,0.0,0.0
241,350,3.0,2,,2,2,8,0.0,0.0,0.0
241,361,3.0,2,,2,2,3,0.004274,0.003977,0.001535
241,362,3.0,2,,2,2,4,0.004502,0.00419,0.002115
241,363,3.0,2,,2,2,3,0.088025,0.081919,0.022349
241,364,3.0,2,,2,2,4,0.0044,0.004095,0.00216
241,369,3.0,1,,2,2,3,0.006868,0.006391,0.002253
241,371,3.0,5,,2,2,3,0.0,0.0,0.0
241,372,3.0,5,,2,2,3,0.0,0.0,0.0
241,373,3.0,1,,2,2,3,0.0,0.0,0.0
241,379,3.0,1,,2,2,3,0.0,0.0,0.0
241,421,3.0,1,,2,2,2,0.209208,0.249351,0.028621
241,421,3.0,2,,2,2,2,0.041767,0.049823,0.006651
241,422,3.0,1,,2,2,3,0.121828,0.145326,0.036851
241,422,3.0,2,,2,2,3,0.0,0.0,0.0
241,423,3.0,1,,2,2,2,0.036157,0.043131,0.007974
241,429,3.0,1,,2,2,2,0.145267,0.173286,0.032873
241,429,3.0,2,,2,2,3,0.013206,0.015753,0.004
241,481,3.0,5,,2,2,8,0.021821,0.015855,0.03695
241,482,3.0,2,,2,2,6,0.003017,0.002192,0.003219
241,483,3.0,2,,2,2,7,0.003423,0.002487,0.00442
241,484,3.0,5,,2,2,8,0.082985,0.060295,0.131739
241,485,3.0,5,,2,2,8,0.003559,0.002586,0.007637
241,486,3.0,2,,2,2,7,0.074179,0.053897,0.084298
241,487,3.0,5,,2,2,8,0.001071,0.000778,0.001949
241,488,3.0,5,,2,2,8,0.018098,0.01315,0.031186
241,489,3.0,2,,2,2,7,0.035033,0.025454,0.042503
251,121,3.0,2,,2,2,6,0.0,0.0,0.0
251,122,3.0,2,,2,2,7,0.0,0.0,0.0
251,123,3.0,2,,2,2,6,0.0,0.0,0.0
251,124,3.0,2,,2,2,7,0.0,0.0,0.0
251,129,3.0,2,,2,2,7,0.0,0.0,0.0
251,251,3.0,1,,2,2,1,0.050379,0.032136,0.001369
251,251,3.0,2,,2,2,1,0.005089,0.003496,0.000181
251,259,3.0,1,,2,2,2,0.004696,0.003259,0.000355
251,341,3.0,2,,2,2,3,0.0,0.0,0.0
251,342,3.0,2,,2,2,3,0.0,0.0,0.0
251,363,3.0,2,,2,2,3,0.019262,0.017693,0.005646
251,369,3.0,2,,2,2,3,0.001431,0.001315,0.000506
251,441,3.0,1,,2,2,1,0.0,0.0,0.0
261,261,3.0,1,,2,2,1,0.037592,0.030588,0.00115
261,261,3.0,5,,2,2,1,0.007166,0.005932,0.000261
261,262,3.0,1,,2,2,2,0.010925,0.008889,0.001469
261,269,3.0,1,,2,2,2,0.0,0.0,0.0
261,269,3.0,2,,2,2,2,0.017328,0.0141,0.003387
261,363,3.0,2,,2,2,5,0.018012,0.016689,0.013126
261,369,3.0,1,,2,2,4,0.003201,0.002966,0.00151
271,271,4.0,1,,2,2,1,0.0,0.0,0.0
271,279,4.0,1,,2,2,2,0.0,0.0,0.0
311,311,4.0,1,,2,2,1,0.0,0.0,0.0
311,319,4.0,1,,2,2,2,0.0,0.0,0.0
311,361,4.0,1,,2,2,6,0.020648,0.001749,0.002417
311,362,4.0,1,,2,2,6,0.021753,0.001843,0.001961
311,363,4.0,4,,2,2,6,0.425292,0.0383,0.044481
311,364,4.0,1,,2,2,6,0.021259,0.001801,0.002094
311,369,4.0,1,,2,2,6,0.033181,0.002811,0.003549
321,41,4.0,4,,2,2,3,0.0,0.0,0.0
321,61,4.0,1,,2,2,3,0.0,0.0,0.0
321,62,4.0,4,,2,2,3,0.0,0.0,0.0
321,63,4.0,1,,2,2,3,0.0,0.0,0.0
321,64,4.0,4,,2,2,3,0.0,0.0,0.0
321,65,4.0,1,,2,2,3,0.0,0.0,0.0
321,69,4.0,4,,2,2,3,0.0,0.0,0.0
321,131,4.0,4,,2,2,7,0.0,0.0,0.0
321,139,4.0,4,,2,2,7,0.0,0.0,0.0
321,171,4.0,4,,2,2,6,0.0,0.0,0.0
321,172,4.0,4,,2,2,6,0.0,0.0,0.0
321,179,4.0,4,,2,2,6,0.0,0.0,0.0
321,321,4.0,1,,2,2,1,0.0,0.0,0.0
321,329,4.0,1,,2,2,3,0.0,0.0,0.0
321,379,4.0,4,,2,2,8,0.0,0.0,0.0
341,41,3.0,5,,2,2,8,0.045611,0.027025,0.094032
341,42,3.0,5,,2,2,8,0.00742,0.004397,0.01495
341,49,3.0,5,,2,2,8,0.005374,0.003184,0.009553
341,61,3.0,1,,2,2,8,0.00262,0.00037,0.001063
341,61,3.0,5,,2,2,8,0.051417,0.040472,0.209978
341,62,3.0,2,,2,2,8,0.005804,0.004568,0.013934
341,63,3.0,2,,2,2,8,0.0,0.0,0.0
341,63,3.0,5,,2,2,8,0.009995,0.007873,0.045479
341,64,3.0,5,,2,2,8,0.048382,0.038083,0.225532
341,65,3.0,5,,2,2,8,0.001707,0.001344,0.004615
341,69,3.0,5,,2,2,8,0.006923,0.005449,0.020768
341,81,3.0,1,,2,2,7,0.043983,0.017194,0.03168
341,89,3.0,1,,2,2,7,0.014927,0.004915,0.009264
341,89,3.0,2,,2,2,8,0.000633,0.001154,0.002341
341,91,3.0,1,,2,2,2,0.031508,0.019039,0.002949
341,92,3.0,1,,2,2,2,0.050108,0.030278,0.003141
341,92,3.0,2,,2,2,2,0.0,0.0,0.0
341,92,3.0,5,,2,2,2,0.003854,0.002329,0.000275
341,99,3.0,1,,2,2,2,0.006421,0.00388,0.000703
341,99,3.0,2,,2,2,3,0.0,0.0,0.0
341,99,3.0,5,,2,2,2,0.0,0.0,0.0
341,121,3.0,1,,2,2,6,0.0,0.0,0.0
341,122,3.0,3,,2,2,6,0.0,0.0,0.0
341,123,3.0,1,,2,2,6,0.0,0.0,0.0
341,123,3.0,5,,2,2,6,0.0,0.0,0.0
341,124,3.0,1,,2,2,6,0.0,0.0,0.0
341,129,3.0,1,,2,2,6,0.0,0.0,0.0
341,131,3.0,1,,2,2,5,0.166458,0.016391,0.014208
341,132,3.0,2,,2,2,5,0.008756,0.001696,0.001443
341,139,3.0,2,,2,2,5,0.041052,0.007954,0.007582
341,160,3.0,5,,2,2,8,0.0,0.0,0.0
341,171,3.0,1,,2,2,5,0.219471,0.120757,0.105707
341,171,3.0,2,,2,2,5,0.031013,0.017203,0.016243
341,171,4.0,4,,2,2,4,0.0,0.0,0.0
341,171,3.0,5,,2,2,5,0.09304,0.051609,0.048886
341,172,3.0,1,,2,2,5,0.003167,0.00135,0.001314
341,172,3.0,2,,2,2,6,0.007065,0.003919,0.004256
341,172,3.0,5,,2,2,6,0.002355,0.001306,0.001431
341,179,3.0,1,,2,2,5,0.027753,0.015354,0.014374
341,179,3.0,2,,2,2,6,0.013615,0.007552,0.007901
341,179,4.0,4,,2,2,5,0.0,0.0,0.0
341,179,3.0,5,,2,2,6,0.02723,0.015105,0.015921
341,190,3.0,1,,2,2,6,0.096915,0.141687,0.167562
341,190,3.0,2,,2,2,6,0.023875,0.03536,0.044444
341,230,3.0,1,,2,2,3,0.0,0.0,0.0
341,251,3.0,1,,2,2,3,0.02707,0.02575,0.006497
341,251,3.0,5,,2,2,3,0.0,0.0,0.0
341,259,3.0,1,,2,2,2,0.001864,0.001773,0.000443
341,261,3.0,1,,2,2,4,0.0,0.0,0.0
341,261,3.0,5,,2,2,5,0.0,0.0,0.0
341,262,3.0,1,,2,2,4,0.0,0.0,0.0
341,269,3.0,1,,2,2,5,0.0,0.0,0.0
341,269,3.0,2,,2,2,5,0.0,0.0,0.0
341,271,3.0,1,,2,2,6,0.0,0.0,0.0
341,271,3.0,2,,2,2,6,0.0,0.0,0.0
341,271,3.0,5,,2,2,6,0.0,0.0,0.0
341,279,3.0,1,,2,2,6,0.0,0.0,0.0
341,291,3.0,1,,2,2,6,0.0,0.0,0.0
341,291,3.0,5,,2,2,6,0.049888,0.111141,0.150016
341,292,3.0,1,,2,2,6,0.09873,0.219951,0.222676
341,299,3.0,1,,2,2,6,0.0,0.0,0.0
341,299,3.0,2,,2,2,6,0.036402,0.081098,0.102128
341,299,3.0,5,,2,2,6,0.015041,0.032581,0.042372
341,311,3.0,2,,2,2,6,0.0,0.0,0.0
341,319,3.0,2,,2,2,7,0.0,0.0,0.0
341,341,3.0,1,,2,2,1,2.762756,2.277458,0.075158
341,341,4.0,1,,2,2,1,0.0,0.0,0.0
341,341,3.0,2,,2,2,1,0.172256,0.142201,0.005487
341,341,3.0,3,,2,2,1,0.0,0.0,0.0
341,341,3.0,5,,2,2,1,0.172256,0.142201,0.004696
341,342,3.0,1,,2,2,1,0.519574,0.428917,0.040581
341,342,3.0,5,,2,2,2,0.0,0.0,0.0
341,361,3.0,1,,2,2,2,0.210138,0.175521,0.032799
341,361,4.0,1,,2,2,2,0.0,0.0,0.0
341,361,3.0,5,,2,2,2,0.0,0.0,0.0
341,362,3.0,1,,2,2,3,0.19924,0.166419,0.06194
341,362,4.0,4,,2,2,3,0.0,0.0,0.0
341,362,3.0,5,,2,2,3,0.022138,0.018491,0.008758
341,363,3.0,1,,2,2,1,4.332392,3.615799,0.18492
341,363,4.0,1,,2,2,1,0.016331,0.001383,7.1e-05
341,363,3.0,2,,2,2,1,0.0,0.0,0.0
341,364,3.0,1,,2,2,3,0.189312,0.158126,0.049924
341,364,4.0,1,,2,2,3,0.0,0.0,0.0
341,364,3.0,5,,2,2,3,0.027452,0.022711,0.009338
341,369,3.0,1,,2,2,3,0.285283,0.235595,0.059403
341,369,4.0,1,,2,2,3,0.0,0.0,0.0
341,369,3.0,5,,2,2,3,0.05628,0.047009,0.015271
341,371,3.0,1,,2,2,4,0.003625,0.000568,0.000356
341,372,3.0,1,,2,2,4,0.001917,0.000331,0.000183
341,373,3.0,1,,2,2,4,0.002101,0.000355,0.000188
341,379,3.0,1,,2,2,4,0.002028,0.000342,0.000194
341,380,3.0,1,,2,2,7,0.0,0.0,0.0
341,380,3.0,5,,2,2,7,0.04191,0.017693,0.031505
341,391,3.0,1,,2,2,4,0.005117,0.004207,0.002698
341,392,3.0,1,,2,2,3,0.0088,0.007235,0.003273
341,393,3.0,1,,2,2,4,0.004368,0.003591,0.001945
341,393,3.0,2,,2,2,4,0.001747,0.001436,0.000993
341,394,3.0,1,,2,2,4,0.002327,0.001913,0.001183
341,399,3.0,1,,2,2,4,0.005022,0.004128,0.002192
341,411,3.0,2,,2,2,8,0.0,0.0,0.0
341,411,3.0,5,,2,2,8,0.0,0.0,0.0
341,419,3.0,2,,2,2,8,0.0,0.0,0.0
341,421,3.0,1,,2,2,1,0.267083,0.145894,0.012173
341,421,3.0,5,,2,2,1,0.029676,0.01621,0.001458
341,422,3.0,1,,2,2,3,0.144266,0.078804,0.028306
341,422,3.0,2,,2,2,3,0.0,0.0,0.0
341,422,3.0,5,,2,2,3,0.0,0.0,0.0
341,423,3.0,1,,2,2,1,0.0367,0.020047,0.001631
341,423,3.0,5,,2,2,1,0.006261,0.003384,0.000323
341,429,3.0,1,,2,2,2,0.158789,0.086737,0.018858
341,429,3.0,2,,2,2,3,0.014435,0.007885,0.002187
341,429,3.0,5,,2,2,3,0.014435,0.007885,0.002303
341,441,3.0,1,,2,2,2,0.0,0.0,0.0
341,451,3.0,2,,2,2,4,0.0,0.0,0.0
341,452,3.0,2,,2,2,4,0.0,0.0,0.0
341,459,3.0,2,,2,2,4,0.0,0.0,0.0
341,471,3.0,1,,2,2,6,0.0,0.0,0.0
341,471,3.0,3,,2,2,8,0.018718,0.009524,0.025128
341,472,3.0,1,,2,2,5,0.0368,0.018725,0.016637
341,473,3.0,1,,2,2,4,0.014883,0.007476,0.005221
341,479,3.0,1,,2,2,5,0.0,0.0,0.0
341,479,3.0,3,,2,2,8,0.024988,0.012715,0.032741
341,481,3.0,5,,2,2,8,0.002947,0.000882,0.002142
341,484,3.0,1,,2,2,7,0.011206,0.003355,0.005195
341,486,3.0,1,,2,2,7,0.010017,0.002999,0.004905
341,486,3.0,2,,2,2,7,0.0,0.0,0.0
341,488,3.0,5,,2,2,8,0.002444,0.000732,0.001808
341,489,3.0,1,,2,2,7,0.004731,0.001416,0.002427
341,491,3.0,1,,2,2,8,0.00706,0.000598,0.001338
341,500,3.0,1,,2,2,3,0.0,0.0,0.0
341,511,3.0,1,,2,2,3,0.0,0.0,0.0
341,511,3.0,5,,2,2,3,0.0,0.0,0.0
341,512,3.0,1,,2,2,3,0.0,0.0,0.0
341,513,3.0,2,,2,2,3,0.0,0.0,0.0
341,519,3.0,1,,2,2,3,0.0,0.0,0.0
341,531,3.0,5,,2,2,8,0.008182,0.003828,0.011912
341,532,3.0,2,,2,2,8,0.0,0.0,0.0
341,539,3.0,5,,2,2,8,0.001653,0.000773,0.002535
341,551,3.0,1,,2,2,5,0.007865,0.005777,0.005385
341,551,3.0,5,,2,2,6,0.003933,0.002889,0.003062
341,559,3.0,1,,2,2,6,0.013561,0.009961,0.011019
341,559,3.0,2,,2,2,6,0.001937,0.001423,0.001681
341,559,3.0,5,,2,2,6,0.001937,0.001423,0.001731
341,560,3.0,2,,2,2,8,0.0,0.0,0.0
362,363,3.0,2,,2,2,3,0.010151,0.00962,0.004206
363,41,4.0,4,,2,2,8,0.0,0.0,0.0
363,61,3.0,2,,2,2,8,0.0,0.0,0.0
363,62,3.0,2,,2,2,8,0.0,0.0,0.0
363,63,3.0,5,,2,2,8,0.0,0.0,0.0
363,64,3.0,5,,2,2,8,0.0,0.0,0.0
363,65,3.0,5,,2,2,8,0.0,0.0,0.0
363,69,3.0,2,,2,2,8,0.0,0.0,0.0
363,91,3.0,1,,2,2,2,0.009403,0.008773,0.001089
363,92,3.0,1,,2,2,1,0.014493,0.013522,0.00097
363,92,3.0,2,,2,2,1,0.00161,0.001502,0.000116
363,99,3.0,1,,2,2,2,0.001916,0.001788,0.000268
363,151,4.0,4,,2,2,8,0.0,0.0,0.0
363,159,4.0,4,,2,2,8,0.0,0.0,0.0
363,171,4.0,4,,2,2,5,0.0,0.0,0.0
363,179,4.0,4,,2,2,5,0.0,0.0,0.0
363,190,4.0,4,,2,2,6,0.0,0.0,0.0
363,251,3.0,1,,2,2,2,0.004557,0.004001,0.00089
363,251,3.0,5,,2,2,3,0.001215,0.001067,0.000274
363,271,3.0,1,,2,2,6,0.0,0.0,0.0
363,279,3.0,2,,2,2,7,0.0,0.0,0.0
363,341,3.0,1,,2,2,1,0.019734,0.010985,0.000406
363,341,4.0,1,,2,2,1,0.0,0.0,0.0
363,342,3.0,1,,2,2,2,0.002927,0.001725,0.000193
363,342,4.0,1,,2,2,2,0.0,0.0,0.0
363,342,3.0,5,,2,2,2,0.0,0.0,0.0
363,361,3.0,1,,2,2,2,0.007173,0.003256,0.000591
363,361,4.0,1,,2,2,2,0.0,0.0,0.0
363,362,3.0,1,,2,2,3,0.007557,0.00343,0.001316
363,362,4.0,4,,2,2,3,0.0,0.0,0.0
363,363,3.0,1,,2,2,1,0.149723,0.069053,0.001771
363,363,4.0,1,,2,2,1,0.0,0.0,0.0
363,364,3.0,1,,2,2,3,0.007385,0.003352,0.001081
363,364,4.0,1,,2,2,3,0.0,0.0,0.0
363,369,3.0,1,,2,2,3,0.010374,0.004709,0.001198
363,369,4.0,1,,2,2,3,0.0,0.0,0.0
363,369,3.0,5,,2,2,3,0.001153,0.000523,0.000166
363,371,4.0,4,,2,2,4,0.0,0.0,0.0
363,372,4.0,4,,2,2,3,0.0,0.0,0.0
363,373,4.0,4,,2,2,3,0.0,0.0,0.0
363,379,4.0,4,,2,2,3,0.0,0.0,0.0
363,380,3.0,1,,2,2,7,0.0,0.0,0.0
363,421,3.0,1,,2,2,2,0.028203,0.0148,0.001564
363,421,4.0,1,,2,2,2,0.0,0.0,0.0
363,421,3.0,5,,2,2,2,0.004634,0.002408,0.000249
363,422,3.0,1,,2,2,3,0.01577,0.008196,0.00309
363,422,4.0,4,,2,2,3,0.0,0.0,0.0
363,423,3.0,1,,2,2,1,0.00468,0.002432,0.000236
363,429,3.0,1,,2,2,2,0.020514,0.010661,0.002544
363,429,4.0,1,,2,2,2,0.0,0.0,0.0
363,460,4.0,4,,2,2,6,0.0,0.0,0.0
363,471,3.0,2,,2,2,6,0.0,0.0,0.0
363,472,3.0,2,,2,2,6,0.0,0.0,0.0
363,473,3.0,2,,2,2,4,0.0,0.0,0.0
363,479,3.0,2,,2,2,6,0.0,0.0,0.0
371,61,4.0,4,,2,2,8,0.0,0.0,0.0
371,64,4.0,4,,2,2,8,0.0,0.0,0.0
371,131,4.0,1,,2,2,3,0.0,0.0,0.0
371,139,4.0,1,,2,2,3,0.0,0.0,0.0
371,190,4.0,1,,2,2,6,0.001635,0.000163,0.000177
371,341,4.0,4,,2,2,4,0.0,0.0,0.0
371,361,4.0,4,,2,2,4,0.0,0.0,0.0
371,362,4.0,4,,2,2,4,0.0,0.0,0.0
371,363,4.0,4,,2,2,4,0.0,0.0,0.0
371,364,4.0,4,,2,2,4,0.0,0.0,0.0
371,369,4.0,4,,2,2,4,0.0,0.0,0.0
371,371,4.0,1,,2,2,1,0.017128,0.001451,3.9e-05
371,372,4.0,1,,2,2,1,0.009224,0.000781,7.3e-05
371,373,4.0,1,,2,2,2,0.015296,0.001296,0.000202
371,379,4.0,1,,2,2,2,0.014777,0.001252,0.000233
371,401,4.0,4,,2,2,5,0.0,0.0,0.0
371,402,4.0,4,,2,2,5,0.0,0.0,0.0
371,409,4.0,4,,2,2,5,0.0,0.0,0.0
371,451,4.0,1,,2,2,2,0.004636,0.000393,7.8e-05
371,452,4.0,1,,2,2,2,0.008316,0.000704,7.5e-05
371,459,4.0,1,,2,2,2,0.012147,0.001029,0.000134
371,491,4.0,4,,2,2,7,0.0,0.0,0.0
371,499,4.0,4,,2,2,7,0.0,0.0,0.0
371,513,4.0,4,,2,2,3,0.0,0.0,0.0
371,519,4.0,1,,2,2,2,0.0,0.0,0.0
372,511,4.0,1,,2,2,2,0.0,0.0,0.0
372,512,4.0,1,,2,2,3,0.0,0.0,0.0
372,513,4.0,1,,2,2,3,0.002686,0.000228,7e-05
372,519,4.0,1,,2,2,2,0.0,0.0,0.0
373,61,4.0,4,,2,2,8,0.0,0.0,0.0
373,62,4.0,4,,2,2,8,0.0,0.0,0.0
373,63,4.0,4,,2,2,8,0.0,0.0,0.0
373,64,4.0,4,,2,2,8,0.0,0.0,0.0
373,65,4.0,4,,2,2,8,0.0,0.0,0.0
373,69,4.0,4,,2,2,8,0.0,0.0,0.0
373,363,4.0,4,,2,2,3,0.0,0.0,0.0
373,371,4.0,1,,2,2,2,0.0,0.0,0.0
373,372,4.0,1,,2,2,1,0.0,0.0,0.0
373,373,4.0,1,,2,2,1,0.0,0.0,0.0
373,379,4.0,1,,2,2,2,0.0,0.0,0.0
379,371,3.0,1,,2,2,2,4.905417,16.141165,3.958558
379,372,3.0,1,,2,2,2,2.649863,8.719313,2.048518
379,373,3.0,1,,2,2,2,4.235106,13.935521,2.207035
379,379,3.0,1,,2,2,2,3.488045,11.477334,2.145721
379,379,3.0,5,,2,2,2,0.581341,1.912889,0.432516
392,391,3.0,2,,2,2,3,0.0,0.0,0.0
392,392,3.0,1,,2,2,1,0.0,0.0,0.0
392,393,3.0,1,,2,2,2,0.0,0.0,0.0
392,399,3.0,1,,2,2,2,0.0,0.0,0.0
393,392,4.0,1,,2,2,2,0.0,0.0,0.0
393,393,4.0,1,,2,2,1,0.0,0.0,0.0
393,399,4.0,1,,2,2,2,0.0,0.0,0.0
394,391,4.0,1,,2,2,1,0.0,0.0,0.0
394,392,4.0,1,,2,2,2,0.0,0.0,0.0
394,393,4.0,1,,2,2,1,0.0,0.0,0.0
394,394,4.0,1,,2,2,1,0.0,0.0,0.0
394,399,4.0,1,,2,2,2,0.0,0.0,0.0
399,391,3.0,3,,2,2,7,0.0,0.0,0.0
399,392,3.0,2,,2,2,2,0.0,0.0,0.0
399,393,3.0,2,,2,2,2,0.0,0.0,0.0
399,394,3.0,5,,2,2,2,0.0,0.0,0.0
399,399,3.0,1,,2,2,2,0.0,0.0,0.0
399,399,3.0,3,,2,2,4,0.0,0.0,0.0
401,401,4.0,1,,2,2,1,0.0,0.0,0.0
401,402,4.0,1,,2,2,2,0.0,0.0,0.0
401,409,4.0,1,,2,2,2,0.0,0.0,0.0
402,292,4.0,4,,2,2,3,0.0,0.0,0.0
402,299,4.0,1,,2,2,3,0.0,0.0,0.0
402,401,4.0,1,,2,2,2,0.002136,0.000181,2.1e-05
402,402,4.0,1,,2,2,1,0.001963,0.000166,6e-06
402,409,4.0,1,,2,2,2,0.001166,9.9e-05,1.6e-05
411,61,3.0,3,,2,2,6,0.0,0.0,0.0
411,63,3.0,3,,2,2,6,0.0,0.0,0.0
411,64,3.0,3,,2,2,5,0.0,0.0,0.0
411,69,3.0,2,,2,2,4,0.0,0.0,0.0
411,261,4.0,1,,2,2,8,0.04839,0.004099,0.009765
411,261,4.0,4,,2,2,7,0.0,0.0,0.0
411,262,4.0,1,,2,2,8,0.012054,0.001021,0.002343
411,262,4.0,4,,2,2,7,0.0,0.0,0.0
411,269,4.0,1,,2,2,8,0.019119,0.00162,0.003676
411,269,4.0,4,,2,2,7,0.0,0.0,0.0
411,411,3.0,1,,2,2,1,0.026326,0.178613,0.006942
411,411,4.0,1,,2,2,1,0.003495,0.000296,1.2e-05
411,411,3.0,2,,2,2,1,0.0,0.0,0.0
411,411,3.0,3,,2,2,1,0.026326,0.023283,0.001305
411,419,3.0,1,,2,2,2,0.016826,0.014881,0.003118
411,419,4.0,1,,2,2,2,0.001117,9.5e-05,2e-05
411,511,3.0,2,,2,2,8,0.0,0.0,0.0
411,512,3.0,2,,2,2,8,0.0,0.0,0.0
411,513,3.0,2,,2,2,8,0.0,0.0,0.0
411,519,3.0,2,,2,2,8,0.0,0.0,0.0
419,171,3.0,2,,2,2,8,0.0,0.0,0.0
419,179,3.0,2,,2,2,8,0.0,0.0,0.0
421,61,4.0,4,,2,2,8,0.0,0.0,0.0
421,63,4.0,4,,2,2,8,0.0,0.0,0.0
421,64,4.0,4,,2,2,8,0.0,0.0,0.0
421,69,4.0,4,,2,2,8,0.0,0.0,0.0
421,171,3.0,2,,2,2,5,0.0,0.0,0.0
421,172,3.0,3,,2,2,8,0.0,0.0,0.0
421,179,3.0,1,,2,2,5,0.0,0.0,0.0
421,190,3.0,1,,2,2,6,0.814651,0.069012,0.081025
421,271,3.0,1,,2,2,6,0.0,0.0,0.0
421,279,3.0,5,,2,2,6,0.0,0.0,0.0
421,361,3.0,2,,2,2,3,0.0,0.0,0.0
421,362,3.0,2,,2,2,3,0.0,0.0,0.0
421,363,3.0,3,,2,2,3,0.0,0.0,0.0
421,364,3.0,2,,2,2,3,0.0,0.0,0.0
421,369,3.0,1,,2,2,3,0.0,0.0,0.0
421,371,3.0,2,,2,2,4,0.0,0.0,0.0
421,372,3.0,2,,2,2,3,0.0,0.0,0.0
421,373,3.0,2,,2,2,3,0.0,0.0,0.0
421,379,3.0,1,,2,2,3,0.0,0.0,0.0
421,421,3.0,1,,2,2,1,0.0,0.0,0.0
421,421,3.0,2,,2,2,1,0.0,0.0,0.0
421,421,3.0,3,,2,2,1,0.0,0.0,0.0
421,422,3.0,1,,2,2,3,0.0,0.0,0.0
421,423,3.0,1,,2,2,1,0.0,0.0,0.0
421,429,3.0,1,,2,2,2,0.0,0.0,0.0
422,391,4.0,4,,2,2,2,0.0,0.0,0.0
422,392,4.0,1,,2,2,2,0.0,0.0,0.0
422,393,4.0,1,,2,2,2,0.0,0.0,0.0
422,399,4.0,1,,2,2,2,0.0,0.0,0.0
451,50,3.0,1,,2,2,5,0.040971,0.043366,0.037989
451,61,3.0,5,,2,2,8,0.001859,0.00079,0.003698
451,62,3.0,2,,2,2,8,0.0,0.0,0.0
451,63,3.0,2,,2,2,8,0.0,0.0,0.0
451,64,3.0,2,,2,2,8,0.001818,0.00079,0.002509
451,65,3.0,2,,2,2,8,0.0,0.0,0.0
451,69,3.0,2,,2,2,8,0.0,0.0,0.0
451,81,3.0,5,,2,2,7,0.029877,0.031824,0.063088
451,89,3.0,5,,2,2,8,0.010403,0.011202,0.023914
451,101,3.0,2,,2,2,4,0.012621,0.005213,0.003575
451,109,3.0,2,,2,2,5,0.001746,0.000731,0.000584
451,121,3.0,2,,2,2,3,0.0,0.0,0.0
451,122,3.0,1,,2,2,4,0.0,0.0,0.0
451,123,3.0,1,,2,2,3,0.0,0.0,0.0
451,124,3.0,2,,2,2,3,0.0,0.0,0.0
451,129,3.0,1,,2,2,3,0.0,0.0,0.0
451,129,3.0,5,,2,2,4,0.0,0.0,0.0
451,131,3.0,1,,2,2,3,0.077037,0.008081,0.002609
451,132,3.0,2,,2,2,2,0.00413,0.0008,0.000126
451,139,3.0,1,,2,2,3,0.019068,0.002007,0.000559
451,171,3.0,2,,2,2,6,0.014325,0.00277,0.002967
451,172,3.0,2,,2,2,6,0.0,0.0,0.0
451,179,3.0,2,,2,2,6,0.003076,0.000652,0.000668
451,221,3.0,2,,2,2,5,0.0,0.0,0.0
451,222,3.0,2,,2,2,6,0.0,0.0,0.0
451,223,3.0,2,,2,2,5,0.0,0.0,0.0
451,229,3.0,2,,2,2,6,0.0,0.0,0.0
451,261,3.0,2,,2,2,5,0.0,0.0,0.0
451,262,3.0,2,,2,2,6,0.0,0.0,0.0
451,269,3.0,2,,2,2,6,0.0,0.0,0.0
451,271,3.0,2,,2,2,7,0.0,0.0,0.0
451,279,3.0,2,,2,2,7,0.0,0.0,0.0
451,280,3.0,2,,2,2,5,0.0,0.0,0.0
451,291,3.0,2,,2,2,6,0.290249,0.373095,0.496389
451,292,3.0,2,,2,2,6,0.574271,0.738335,0.772139
451,299,3.0,2,,2,2,6,0.296513,0.38116,0.440405
451,341,3.0,1,,2,2,5,0.005654,0.000607,0.000487
451,341,3.0,2,,2,2,4,0.006792,0.001721,0.00127
451,342,3.0,2,,2,2,4,0.001517,0.000453,0.000309
451,361,3.0,2,,2,2,5,0.0,0.0,0.0
451,362,3.0,2,,2,2,6,0.0,0.0,0.0
451,363,3.0,1,,2,2,5,0.012998,0.002367,0.002017
451,363,3.0,2,,2,2,5,0.001504,0.000297,0.00024
451,364,3.0,1,,2,2,5,0.0,0.0,0.0
451,369,3.0,1,,2,2,5,0.001499,0.0002,0.000183
451,369,3.0,2,,2,2,6,0.0,0.0,0.0
451,371,3.0,1,,2,2,2,0.017286,0.001468,0.000329
451,371,3.0,2,,2,2,3,0.0,0.0,0.0
451,372,3.0,1,,2,2,3,0.009219,0.000781,0.000226
451,373,3.0,1,,2,2,3,0.00725,0.000614,0.000175
451,373,3.0,5,,2,2,3,0.007246,0.000592,0.000174
451,379,3.0,1,,2,2,3,0.013924,0.00118,0.000335
451,380,3.0,2,,2,2,7,0.0,0.0,0.0
451,391,3.0,2,,2,2,5,0.00142,0.002913,0.002371
451,392,3.0,2,,2,2,5,0.002442,0.00501,0.004707
451,393,3.0,1,,2,2,4,0.001697,0.003481,0.002313
451,394,3.0,5,,2,2,5,0.000646,0.001325,0.00116
451,399,3.0,2,,2,2,5,0.001494,0.002883,0.00244
451,451,3.0,1,,2,2,1,0.124297,0.056261,0.000942
451,451,3.0,2,,2,2,1,0.0,0.0,0.0
451,452,3.0,1,,2,2,2,0.188284,0.085082,0.017615
451,452,4.0,1,,2,2,2,0.0,0.0,0.0
451,452,3.0,2,,2,2,2,0.034233,0.015469,0.003822
451,459,3.0,1,,2,2,2,0.28178,0.127259,0.01541
451,459,4.0,1,,2,2,2,0.0,0.0,0.0
451,459,3.0,2,,2,2,2,0.01564,0.007067,0.000927
451,459,3.0,5,,2,2,2,0.03128,0.014135,0.001853
451,471,3.0,1,,2,2,4,0.052129,0.053838,0.038511
451,471,3.0,2,,2,2,5,0.005798,0.005927,0.004995
451,471,3.0,5,,2,2,5,0.005629,0.005946,0.005015
451,472,3.0,1,,2,2,4,0.114165,0.11943,0.066656
451,472,3.0,5,,2,2,4,0.008752,0.009155,0.005774
451,473,3.0,1,,2,2,3,0.042552,0.045097,0.016722
451,473,3.0,5,,2,2,4,0.00479,0.005037,0.002677
451,479,3.0,1,,2,2,4,0.065167,0.068003,0.036087
451,479,3.0,2,,2,2,4,0.01396,0.014491,0.008771
451,479,3.0,5,,2,2,4,0.004875,0.004876,0.003102
451,481,3.0,5,,2,2,7,0.0,0.0,0.0
451,482,3.0,2,,2,2,6,0.0,0.0,0.0
451,483,3.0,2,,2,2,6,0.0,0.0,0.0
451,484,3.0,5,,2,2,7,0.0,0.0,0.0
451,485,3.0,5,,2,2,8,0.0,0.0,0.0
451,486,3.0,2,,2,2,6,0.0,0.0,0.0
451,487,3.0,2,,2,2,7,0.0,0.0,0.0
451,488,3.0,5,,2,2,7,0.0,0.0,0.0
451,489,3.0,2,,2,2,6,0.0,0.0,0.0
451,511,3.0,2,,2,2,3,0.004844,0.000938,0.00038
451,512,3.0,2,,2,2,3,0.004644,0.0009,0.000371
451,513,3.0,2,,2,2,4,0.015641,0.00303,0.001593
451,519,3.0,1,,2,2,3,0.006071,0.000916,0.000387
452,361,4.0,4,,2,2,4,0.0,0.0,0.0
452,362,4.0,4,,2,2,4,0.0,0.0,0.0
452,363,4.0,4,,2,2,4,0.0,0.0,0.0
452,364,4.0,4,,2,2,4,0.0,0.0,0.0
452,369,4.0,4,,2,2,4,0.0,0.0,0.0
452,451,4.0,1,,2,2,2,0.0,0.0,0.0
452,452,4.0,1,,2,2,1,0.0,0.0,0.0
452,459,4.0,1,,2,2,2,0.0,0.0,0.0
471,61,4.0,4,,2,2,7,0.0,0.0,0.0
471,64,4.0,4,,2,2,7,0.0,0.0,0.0
471,69,4.0,4,,2,2,7,0.0,0.0,0.0
471,151,4.0,4,,2,2,8,0.0,0.0,0.0
471,159,4.0,4,,2,2,8,0.0,0.0,0.0
471,181,4.0,4,,2,2,3,0.0,0.0,0.0
471,182,4.0,4,,2,2,3,0.0,0.0,0.0
471,183,4.0,4,,2,2,3,0.0,0.0,0.0
471,189,4.0,4,,2,2,3,0.0,0.0,0.0
471,190,4.0,1,,2,2,4,0.003961,0.000336,0.000223
471,190,4.0,4,,2,2,4,0.0,0.0,0.0
471,292,4.0,1,,2,2,3,0.002497,0.000212,6.4e-05
471,421,4.0,4,,2,2,5,0.0,0.0,0.0
471,429,4.0,4,,2,2,5,0.0,0.0,0.0
481,481,4.0,1,,2,2,1,0.0,0.0,0.0
481,482,4.0,1,,2,2,3,0.001454,0.000145,3.8e-05
481,483,4.0,1,,2,2,2,0.0,0.0,0.0
481,484,4.0,1,,2,2,2,0.0,0.0,0.0
481,485,4.0,4,,2,2,3,0.0,0.0,0.0
481,486,4.0,1,,2,2,2,0.0,0.0,0.0
481,487,4.0,1,,2,2,2,0.0,0.0,0.0
481,488,4.0,1,,2,2,1,0.0,0.0,0.0
481,489,4.0,1,,2,2,3,0.0,0.0,0.0
484,271,4.0,4,,2,2,5,0.0,0.0,0.0
484,279,4.0,4,,2,2,5,0.0,0.0,0.0
484,481,4.0,1,,2,2,2,0.0,0.0,0.0
484,482,4.0,1,,2,2,3,0.0,0.0,0.0
484,483,4.0,4,,2,2,3,0.0,0.0,0.0
484,484,4.0,1,,2,2,1,0.0,0.0,0.0
484,485,4.0,4,,2,2,4,0.0,0.0,0.0
484,486,4.0,1,,2,2,3,0.0,0.0,0.0
484,488,4.0,1,,2,2,3,0.0,0.0,0.0
484,489,4.0,1,,2,2,3,0.0,0.0,0.0
486,61,3.0,1,,2,2,7,0.0,0.0,0.0
486,61,3.0,5,,2,2,7,0.0,0.0,0.0
486,62,3.0,1,,2,2,7,0.0,0.0,0.0
486,63,3.0,1,,2,2,6,0.0,0.0,0.0
486,64,3.0,1,,2,2,7,0.0,0.0,0.0
486,64,3.0,5,,2,2,8,0.0,0.0,0.0
486,65,3.0,1,,2,2,7,0.0,0.0,0.0
486,69,3.0,1,,2,2,7,0.0,0.0,0.0
486,81,3.0,5,,2,2,6,0.027821,0.013084,0.014515
486,89,3.0,1,,2,2,6,0.006125,0.00288,0.003078
486,89,3.0,2,,2,2,6,0.00245,0.001152,0.001303
486,89,3.0,5,,2,2,6,0.001225,0.000576,0.00067
486,121,3.0,2,,2,2,5,0.0,0.0,0.0
486,122,3.0,3,,2,2,6,0.0,0.0,0.0
486,123,3.0,2,,2,2,6,0.0,0.0,0.0
486,124,3.0,2,,2,2,6,0.0,0.0,0.0
486,129,3.0,5,,2,2,5,0.0,0.0,0.0
486,131,3.0,1,,2,2,5,2.500136,17.369263,14.414531
486,132,3.0,2,,2,2,6,0.131508,0.913628,1.006562
486,139,3.0,2,,2,2,5,0.616582,4.283601,4.149943
486,171,3.0,1,,2,2,6,0.027892,0.073897,0.081006
486,172,3.0,1,,2,2,5,0.000963,0.00255,0.002195
486,179,3.0,1,,2,2,5,0.005566,0.014746,0.013934
486,190,3.0,2,,2,2,6,0.0,0.0,0.0
486,271,3.0,2,,2,2,6,0.0,0.0,0.0
486,271,4.0,4,,2,2,6,0.0,0.0,0.0
486,279,3.0,2,,2,2,7,0.0,0.0,0.0
486,279,4.0,4,,2,2,6,0.0,0.0,0.0
486,291,3.0,1,,2,2,5,0.0,0.0,0.0
486,291,3.0,2,,2,2,5,0.0,0.0,0.0
486,292,3.0,1,,2,2,5,0.0,0.0,0.0
486,299,3.0,1,,2,2,5,0.0,0.0,0.0
486,311,3.0,1,,2,2,5,2.00919,13.299804,12.392182
486,319,3.0,1,,2,2,5,1.65436,10.951016,10.34953
486,361,3.0,2,,2,2,7,0.001807,0.001769,0.0032
486,362,3.0,1,,2,2,7,0.001903,0.001863,0.002812
486,363,3.0,1,,2,2,7,0.037211,0.036431,0.061045
486,363,3.0,2,,2,2,7,0.0,0.0,0.0
486,364,3.0,1,,2,2,7,0.00186,0.001821,0.002925
486,369,3.0,2,,2,2,7,0.002903,0.002842,0.0049
486,401,3.0,1,,2,2,3,0.004693,0.000445,0.000205
486,401,3.0,5,,2,2,4,0.001173,0.000111,5.6e-05
486,402,3.0,1,,2,2,4,0.00385,0.000365,0.000187
486,402,3.0,5,,2,2,4,0.00154,0.000146,8.3e-05
486,409,3.0,1,,2,2,3,0.003202,0.000304,0.00015
486,411,3.0,2,,2,2,8,0.0,0.0,0.0
486,419,3.0,2,,2,2,8,0.0,0.0,0.0
486,421,3.0,2,,2,2,7,0.0,0.0,0.0
486,422,3.0,2,,2,2,7,0.0,0.0,0.0
486,423,3.0,2,,2,2,7,0.0,0.0,0.0
486,429,3.0,2,,2,2,7,0.0,0.0,0.0
486,471,3.0,3,,2,2,5,0.064915,0.075966,0.067274
486,472,3.0,3,,2,2,6,0.127625,0.149352,0.198909
486,473,3.0,1,,2,2,5,0.050011,0.058525,0.05625
486,479,3.0,3,,2,2,6,0.086661,0.101414,0.116513
486,481,3.0,1,,2,2,2,0.422362,0.420559,0.070281
486,481,4.0,1,,2,2,2,0.0,0.0,0.0
486,482,3.0,1,,2,2,2,0.038067,0.038681,0.004157
486,482,3.0,2,,2,2,2,0.0,0.0,0.0
486,482,3.0,3,,2,2,2,0.019033,0.01934,0.003421
486,482,3.0,5,,2,2,2,0.0,0.0,0.0
486,483,3.0,1,,2,2,2,0.050523,0.049557,0.011133
486,483,3.0,3,,2,2,3,0.016191,0.016453,0.004702
486,484,3.0,1,,2,2,3,1.431767,1.422069,0.391415
486,484,4.0,1,,2,2,3,0.0,0.0,0.0
486,484,3.0,2,,2,2,3,0.0,0.0,0.0
486,484,3.0,5,,2,2,3,0.174486,0.1773,0.05581
486,485,3.0,1,,2,2,4,0.06891,0.0686,0.051056
486,486,3.0,1,,2,2,1,0.733914,4.765251,0.210005
486,486,4.0,1,,2,2,1,0.0,0.0,0.0
486,486,3.0,2,,2,2,1,0.0,0.0,0.0
486,486,3.0,3,,2,2,1,0.701866,0.713186,0.040253
486,487,3.0,1,,2,2,3,0.020258,0.020584,0.006779
486,488,3.0,1,,2,2,2,0.350329,0.348809,0.074878
486,488,4.0,1,,2,2,2,0.0,0.0,0.0
486,488,3.0,5,,2,2,2,0.0,0.0,0.0
486,489,3.0,1,,2,2,3,0.561099,0.55631,0.18134
486,489,4.0,1,,2,2,3,0.0,0.0,0.0
486,489,3.0,2,,2,2,3,0.038997,0.039626,0.013071
486,489,3.0,3,,2,2,3,0.038997,0.039626,0.010803
486,489,3.0,5,,2,2,3,0.038997,0.039626,0.015041
486,491,3.0,2,,2,2,7,0.0,0.0,0.0
486,499,3.0,2,,2,2,7,0.0,0.0,0.0
486,513,3.0,2,,2,2,6,0.0,0.0,0.0
486,519,3.0,3,,2,2,8,0.0,0.0,0.0
486,551,3.0,2,,2,2,6,0.0,0.0,0.0
486,559,3.0,2,,2,2,6,0.0,0.0,0.0
488,481,4.0,1,,2,2,1,0.006592,0.000558,5e-05
488,483,4.0,1,,2,2,2,0.001357,0.000115,1.8e-05
488,484,4.0,1,,2,2,3,0.02507,0.002124,0.00063
488,485,4.0,1,,2,2,4,0.001075,9.1e-05,5e-05
488,486,4.0,1,,2,2,2,0.023321,0.001976,0.000423
488,488,4.0,1,,2,2,1,0.005467,0.000463,1.5e-05
488,489,4.0,1,,2,2,3,0.010583,0.000897,0.00025
491,61,4.0,4,,2,2,4,0.0,0.0,0.0
491,361,4.0,4,,2,2,7,0.0,0.0,0.0
491,362,4.0,4,,2,2,7,0.0,0.0,0.0
491,363,4.0,4,,2,2,7,0.0,0.0,0.0
491,364,4.0,4,,2,2,7,0.0,0.0,0.0
491,369,4.0,4,,2,2,7,0.0,0.0,0.0
491,421,4.0,4,,2,2,7,0.0,0.0,0.0
491,429,4.0,4,,2,2,7,0.0,0.0,0.0
491,491,4.0,1,,2,2,1,0.029299,0.002482,9.7e-05
491,499,4.0,1,,2,2,2,0.003852,0.000326,6.5e-05
511,291,4.0,1,,2,2,6,0.00236,0.0002,0.00022
511,292,4.0,1,,2,2,5,0.006289,0.000533,0.000473
511,299,4.0,1,,2,2,5,0.002698,0.000229,0.000228
511,511,4.0,1,,2,2,1,0.0,0.0,0.0
511,511,3.0,2,,2,2,1,0.001467,0.000545,1.6e-05
511,512,4.0,1,,2,2,1,0.0,0.0,0.0
511,512,3.0,2,,2,2,2,0.001406,0.000522,5.5e-05
511,513,4.0,1,,2,2,1,0.0,0.0,0.0
511,513,3.0,2,,2,2,2,0.004727,0.001755,0.000274
511,519,4.0,1,,2,2,2,0.0,0.0,0.0
511,519,3.0,2,,2,2,2,0.001729,0.000642,0.000118
512,50,3.0,3,,2,2,8,0.0,0.0,0.0
512,61,3.0,5,,2,2,8,0.005085,0.002579,0.013635
512,62,3.0,2,,2,2,8,0.0,0.0,0.0
512,63,3.0,5,,2,2,8,0.0,0.0,0.0
512,64,3.0,5,,2,2,8,0.004722,0.002408,0.014513
512,65,3.0,5,,2,2,8,0.0,0.0,0.0
512,69,3.0,5,,2,2,8,0.0,0.0,0.0
512,101,3.0,2,,2,2,3,0.002261,0.000438,0.000171
512,109,3.0,1,,2,2,2,0.0,0.0,0.0
512,131,3.0,1,,2,2,4,0.034577,0.003275,0.001936
512,132,3.0,2,,2,2,4,0.001819,0.000352,0.000196
512,139,3.0,1,,2,2,4,0.00881,0.000827,0.000502
512,171,3.0,1,,2,2,5,0.016943,0.001479,0.001349
512,171,3.0,5,,2,2,6,0.006193,0.000541,0.000558
512,172,3.0,2,,2,2,6,0.0,0.0,0.0
512,179,3.0,1,,2,2,5,0.00459,0.000401,0.000367
512,190,3.0,1,,2,2,6,0.200143,0.048158,0.058201
512,190,3.0,2,,2,2,6,0.200143,0.048158,0.065706
512,190,3.0,5,,2,2,6,0.0,0.0,0.0
512,212,3.0,1,,2,2,4,0.002013,0.000904,0.000592
512,219,3.0,1,,2,2,4,0.002645,0.001161,0.000748
512,241,3.0,2,,2,2,3,0.0,0.0,0.0
512,242,3.0,2,,2,2,2,0.0,0.0,0.0
512,249,3.0,1,,2,2,2,0.0,0.0,0.0
512,261,3.0,2,,2,2,5,0.0,0.0,0.0
512,291,3.0,1,,2,2,6,0.060841,0.005154,0.006117
512,291,3.0,5,,2,2,6,0.012383,0.000966,0.001382
512,292,3.0,1,,2,2,5,0.084288,0.00714,0.006933
512,292,3.0,2,,2,2,6,0.012366,0.002396,0.002662
512,292,3.0,5,,2,2,6,0.048715,0.003622,0.004029
512,299,3.0,1,,2,2,6,0.034803,0.002948,0.003185
512,299,3.0,2,,2,2,6,0.025535,0.004947,0.006175
512,299,3.0,5,,2,2,6,0.015596,0.001215,0.001572
512,341,3.0,1,,2,2,3,0.011185,0.001392,0.000553
512,342,3.0,3,,2,2,3,0.001875,0.000496,0.000142
512,361,3.0,2,,2,2,4,0.0,0.0,0.0
512,362,3.0,2,,2,2,5,0.0,0.0,0.0
512,363,3.0,3,,2,2,3,0.001605,0.000424,0.000156
512,363,4.0,4,,2,2,3,0.0,0.0,0.0
512,364,3.0,2,,2,2,5,0.0,0.0,0.0
512,369,3.0,2,,2,2,4,0.0,0.0,0.0
512,371,3.0,1,,2,2,3,0.047941,0.009148,0.003081
512,372,3.0,1,,2,2,3,0.020767,0.00396,0.001088
512,372,3.0,5,,2,2,3,0.005179,0.000988,0.000334
512,373,3.0,1,,2,2,2,0.04139,0.007898,0.001572
512,379,3.0,1,,2,2,2,0.032752,0.00625,0.001505
512,379,3.0,2,,2,2,3,0.0,0.0,0.0
512,379,3.0,5,,2,2,3,0.007508,0.001551,0.000484
512,391,3.0,1,,2,2,4,0.020327,0.004904,0.002973
512,391,3.0,5,,2,2,4,0.006662,0.001612,0.001194
512,392,3.0,1,,2,2,4,0.033715,0.008418,0.0047
512,392,3.0,2,,2,2,4,0.0,0.0,0.0
512,392,3.0,5,,2,2,4,0.013475,0.003225,0.002182
512,393,3.0,1,,2,2,4,0.015923,0.003852,0.002143
512,393,3.0,2,,2,2,4,0.010615,0.002568,0.001798
512,393,3.0,5,,2,2,4,0.005308,0.001284,0.000903
512,394,3.0,1,,2,2,4,0.007712,0.001866,0.001176
512,394,3.0,2,,2,2,5,0.002454,0.000572,0.000431
512,394,3.0,5,,2,2,5,0.00357,0.000852,0.000643
512,399,3.0,1,,2,2,4,0.015691,0.003796,0.002178
512,399,3.0,2,,2,2,4,0.00523,0.001265,0.000873
512,399,3.0,5,,2,2,4,0.005266,0.00127,0.000907
512,421,3.0,3,,2,2,3,0.0,0.0,0.0
512,429,3.0,2,,2,2,4,0.0,0.0,0.0
512,451,3.0,2,,2,2,3,0.0,0.0,0.0
512,452,3.0,5,,2,2,4,0.0,0.0,0.0
512,459,3.0,2,,2,2,3,0.0,0.0,0.0
512,511,3.0,1,,2,2,1,0.112779,0.026045,0.002454
512,511,3.0,2,,2,2,1,0.014781,0.003572,0.000353
512,511,3.0,5,,2,2,2,0.028163,0.006505,0.000652
512,512,3.0,1,,2,2,1,0.14859,0.034311,0.00093
512,512,3.0,2,,2,2,1,0.0,0.0,0.0
512,512,3.0,3,,2,2,1,0.0,0.0,0.0
512,513,3.0,1,,2,2,2,0.499126,0.115292,0.02023
512,513,3.0,5,,2,2,2,0.0,0.0,0.0
512,519,3.0,1,,2,2,2,0.145379,0.033644,0.006834
512,519,3.0,2,,2,2,3,0.00961,0.00222,0.000561
512,519,3.0,5,,2,2,3,0.029954,0.007024,0.001787
512,531,3.0,2,,2,2,8,0.0,0.0,0.0
512,539,3.0,2,,2,2,8,0.0,0.0,0.0
513,511,3.0,1,,2,2,2,0.0,0.0,0.0
513,512,3.0,1,,2,2,2,0.0,0.0,0.0
513,513,3.0,1,,2,2,1,0.0,0.0,0.0
513,519,3.0,1,,2,2,2,0.0,0.0,0.0
531,61,3.0,1,,2,2,6,0.0,0.0,0.0
531,61,3.0,2,,2,2,6,0.0,0.0,0.0
531,61,3.0,5,,2,2,6,0.0,0.0,0.0
531,62,3.0,5,,2,2,5,0.0,0.0,0.0
531,63,3.0,3,,2,2,7,0.0,0.0,0.0
531,64,3.0,1,,2,2,5,0.0,0.0,0.0
531,64,3.0,5,,2,2,6,0.0,0.0,0.0
531,65,3.0,5,,2,2,6,0.0,0.0,0.0
531,69,3.0,1,,2,2,5,0.0,0.0,0.0
531,81,4.0,4,,2,2,6,0.0,0.0,0.0
531,89,4.0,4,,2,2,6,0.0,0.0,0.0
531,91,3.0,2,,2,2,8,0.0,0.0,0.0
531,92,3.0,2,,2,2,8,0.0,0.0,0.0
531,99,3.0,2,,2,2,8,0.0,0.0,0.0
531,171,3.0,2,,2,2,8,0.0,0.0,0.0
531,172,3.0,1,,2,2,8,0.0,0.0,0.0
531,179,3.0,1,,2,2,8,0.0,0.0,0.0
531,300,3.0,1,,2,2,4,0.0,0.0,0.0
531,341,3.0,5,,2,2,8,0.0,0.0,0.0
531,342,3.0,2,,2,2,8,0.0,0.0,0.0
531,363,3.0,2,,2,2,8,0.019283,0.017713,0.055255
531,369,3.0,2,,2,2,8,0.001431,0.001315,0.003852
531,411,3.0,1,,2,2,2,0.018781,0.016915,0.003416
531,411,3.0,5,,2,2,2,0.0,0.0,0.0
531,419,3.0,1,,2,2,3,0.005717,0.005144,0.001809
531,531,3.0,1,,2,2,1,0.157788,0.418959,0.022729
531,531,3.0,2,,2,2,1,0.0,0.0,0.0
531,531,3.0,3,,2,2,1,0.052596,0.031054,0.001396
531,532,3.0,1,,2,2,2,0.013407,0.007916,0.001313
531,532,3.0,2,,2,2,2,0.0,0.0,0.0
531,532,3.0,5,,2,2,2,0.0,0.0,0.0
531,539,3.0,1,,2,2,2,0.021245,0.012544,0.002496
531,539,3.0,2,,2,2,2,0.022162,0.013386,0.003245
559,551,3.0,3,,2,2,3,0.0,0.0,0.0
559,559,3.0,1,,2,2,2,0.0,0.0,0.0
61,321,3.0,1,,2,2,3,0.03105,0.034227,0.01003
61,329,3.0,1,,2,2,4,0.01108,0.012214,0.006588
64,61,3.0,1,,2,2,3,0.148479,0.143284,0.056977
64,61,3.0,5,,2,2,3,0.0,0.0,0.0
64,62,3.0,1,,2,2,2,0.01676,0.016173,0.001925
64,63,3.0,1,,2,2,3,0.028858,0.027848,0.013454
64,64,3.0,1,,2,2,1,0.139715,0.134826,0.006434
64,65,3.0,1,,2,2,2,0.00493,0.004757,0.000789
64,65,3.0,2,,2,2,2,0.0,0.0,0.0
64,69,3.0,1,,2,2,2,0.019991,0.019291,0.004178
64,69,3.0,2,,2,2,2,0.0,0.0,0.0
64,111,3.0,2,,2,2,8,0.02167,0.021716,0.065538
64,241,3.0,2,,2,2,8,0.0,0.0,0.0
64,242,3.0,2,,2,2,8,0.0,0.0,0.0
64,249,3.0,2,,2,2,8,0.0,0.0,0.0
64,321,3.0,1,,2,2,4,0.0,0.0,0.0
64,329,3.0,1,,2,2,3,0.0,0.0,0.0
81,81,4.0,1,,2,2,1,0.0,0.0,0.0
81,89,4.0,1,,2,2,2,0.0,0.0,0.0
81,363,4.0,4,,2,2,7,0.0,0.0,0.0
81,411,4.0,4,,2,2,5,0.0,0.0,0.0
81,419,4.0,4,,2,2,5,0.0,0.0,0.0
101,61,3.0,2,,2,2,8,0.020945,0.015323,0.046274
101,62,3.0,2,,2,2,8,0.002364,0.00173,0.005151
101,63,3.0,2,,2,2,8,0.004789,0.003508,0.010814
101,64,3.0,2,,2,2,8,0.019738,0.014447,0.044704
101,65,3.0,5,,2,2,8,0.0,0.0,0.0
101,69,3.0,2,,2,2,8,0.00282,0.002063,0.006378
101,101,3.0,1,,2,2,1,0.376656,0.341647,0.009564
101,109,3.0,2,,2,2,1,0.051576,0.046784,0.004304
101,171,3.0,2,,2,2,5,0.016541,0.012369,0.010755
101,172,3.0,2,,2,2,6,0.0,0.0,0.0
101,179,3.0,2,,2,2,5,0.00379,0.002834,0.002759
101,271,3.0,2,,2,2,6,0.001352,0.001019,0.001321
101,341,3.0,2,,2,2,2,0.0,0.0,0.0
101,342,3.0,1,,2,2,1,0.0,0.0,0.0
101,361,3.0,2,,2,2,3,0.007923,0.006137,0.001877
101,362,3.0,2,,2,2,3,0.008358,0.006477,0.003065
101,363,3.0,2,,2,2,2,0.16318,0.126411,0.025268
101,364,3.0,2,,2,2,3,0.008205,0.006365,0.002977
101,369,3.0,1,,2,2,3,0.012731,0.009863,0.003013
101,421,3.0,1,,2,2,1,0.0,0.0,0.0
101,422,3.0,2,,2,2,3,0.0,0.0,0.0
101,423,3.0,1,,2,2,2,0.0,0.0,0.0
101,429,3.0,1,,2,2,2,0.0,0.0,0.0
101,511,3.0,1,,2,2,2,0.0,0.0,0.0
101,512,3.0,2,,2,2,3,0.0,0.0,0.0
101,513,3.0,2,,2,2,2,0.0,0.0,0.0
101,519,3.0,1,,2,2,3,0.0,0.0,0.0
101,531,3.0,2,,2,2,8,0.0,0.0,0.0
101,539,3.0,2,,2,2,8,0.0,0.0,0.0
111,61,3.0,1,,2,2,8,0.012839,0.001463,0.003966
111,61,4.0,4,,2,2,8,0.0,0.0,0.0
111,62,3.0,1,,2,2,8,0.001614,0.000212,0.000591
111,62,4.0,4,,2,2,8,0.0,0.0,0.0
111,63,3.0,1,,2,2,8,0.002834,0.000367,0.000989
111,63,4.0,4,,2,2,8,0.0,0.0,0.0
111,64,3.0,1,,2,2,8,0.01322,0.001546,0.004541
111,64,4.0,4,,2,2,8,0.0,0.0,0.0
111,69,3.0,1,,2,2,8,0.002457,0.000381,0.001081
111,69,4.0,4,,2,2,8,0.0,0.0,0.0
111,131,4.0,4,,2,2,4,0.0,0.0,0.0
111,171,4.0,4,,2,2,4,0.0,0.0,0.0
111,241,4.0,1,,2,2,1,0.0,0.0,0.0
111,242,4.0,1,,2,2,1,0.0,0.0,0.0
111,249,4.0,1,,2,2,2,0.0,0.0,0.0
111,363,3.0,1,,2,2,3,0.002724,0.000577,0.000164
111,363,4.0,1,,2,2,3,0.0,0.0,0.0
111,369,4.0,4,,2,2,3,0.0,0.0,0.0
111,421,4.0,1,,2,2,2,0.0,0.0,0.0
111,422,4.0,1,,2,2,2,0.0,0.0,0.0
111,423,4.0,1,,2,2,2,0.0,0.0,0.0
111,429,4.0,1,,2,2,2,0.0,0.0,0.0
111,451,4.0,4,,2,2,3,0.0,0.0,0.0
111,452,4.0,4,,2,2,3,0.0,0.0,0.0
111,459,4.0,4,,2,2,3,0.0,0.0,0.0
111,511,4.0,1,,2,2,2,0.0,0.0,0.0
111,512,4.0,1,,2,2,2,0.0,0.0,0.0
111,513,4.0,1,,2,2,1,0.0,0.0,0.0
111,519,4.0,1,,2,2,2,0.0,0.0,0.0
122,261,3.0,1,,2,2,6,0.0,0.0,0.0
122,261,3.0,5,,2,2,7,0.0,0.0,0.0
129,122,3.0,1,,2,2,2,0.0,0.0,0.0
129,123,3.0,1,,2,2,2,0.0,0.0,0.0
129,124,3.0,1,,2,2,2,0.0,0.0,0.0
129,129,3.0,1,,2,2,3,0.0,0.0,0.0
131,61,4.0,1,,2,2,8,0.014284,0.00121,0.002654
131,61,4.0,4,,2,2,7,0.0,0.0,0.0
131,62,4.0,1,,2,2,8,0.001806,0.000153,0.000384
131,62,4.0,4,,2,2,8,0.0,0.0,0.0
131,63,4.0,1,,2,2,8,0.003609,0.000306,0.000664
131,63,4.0,4,,2,2,7,0.0,0.0,0.0
131,64,4.0,1,,2,2,8,0.013269,0.001124,0.002816
131,64,4.0,4,,2,2,8,0.0,0.0,0.0
131,65,4.0,4,,2,2,8,0.0,0.0,0.0
131,69,4.0,1,,2,2,8,0.002248,0.00019,0.000462
131,69,4.0,4,,2,2,8,0.0,0.0,0.0
131,81,4.0,4,,2,2,6,0.0,0.0,0.0
131,89,4.0,4,,2,2,6,0.0,0.0,0.0
131,131,4.0,1,,2,2,1,0.0,0.0,0.0
131,132,4.0,1,,2,2,2,0.0,0.0,0.0
131,139,4.0,1,,2,2,2,0.0,0.0,0.0
131,190,4.0,4,,2,2,5,0.0,0.0,0.0
131,221,4.0,4,,2,2,3,0.0,0.0,0.0
131,223,4.0,4,,2,2,3,0.0,0.0,0.0
131,229,4.0,4,,2,2,3,0.0,0.0,0.0
131,280,4.0,4,,2,2,3,0.0,0.0,0.0
131,341,4.0,4,,2,2,4,0.0,0.0,0.0
131,342,4.0,4,,2,2,4,0.0,0.0,0.0
131,361,4.0,4,,2,2,5,0.0,0.0,0.0
131,362,4.0,4,,2,2,4,0.0,0.0,0.0
131,363,4.0,4,,2,2,5,0.0,0.0,0.0
131,364,4.0,4,,2,2,4,0.0,0.0,0.0
131,369,4.0,4,,2,2,5,0.0,0.0,0.0
131,391,4.0,1,,2,2,3,0.006025,0.00051,0.000246
131,391,4.0,4,,2,2,3,0.0,0.0,0.0
131,392,4.0,1,,2,2,4,0.010199,0.000864,0.000608
131,392,4.0,4,,2,2,4,0.0,0.0,0.0
131,393,4.0,1,,2,2,4,0.007122,0.000603,0.00035
131,393,4.0,4,,2,2,3,0.0,0.0,0.0
131,394,4.0,1,,2,2,4,0.003154,0.000267,0.000144
131,394,4.0,4,,2,2,3,0.0,0.0,0.0
131,399,4.0,1,,2,2,4,0.005923,0.000502,0.000308
131,399,4.0,4,,2,2,3,0.0,0.0,0.0
131,451,4.0,1,,2,2,3,0.0,0.0,0.0
131,452,4.0,1,,2,2,2,0.0,0.0,0.0
131,459,4.0,1,,2,2,3,0.0,0.0,0.0
131,471,4.0,4,,2,2,3,0.0,0.0,0.0
131,472,4.0,1,,2,2,3,0.0,0.0,0.0
131,473,4.0,1,,2,2,2,0.0,0.0,0.0
131,479,4.0,1,,2,2,3,0.0,0.0,0.0
131,484,4.0,4,,2,2,4,0.0,0.0,0.0
131,486,4.0,4,,2,2,4,0.0,0.0,0.0
131,488,4.0,4,,2,2,5,0.0,0.0,0.0
131,489,4.0,4,,2,2,5,0.0,0.0,0.0
132,61,3.0,5,,2,2,8,0.010136,0.001704,0.007991
132,62,3.0,2,,2,2,8,0.001136,0.00022,0.000664
132,63,3.0,2,,2,2,8,0.001967,0.000381,0.001084
132,64,3.0,2,,2,2,8,0.009464,0.001834,0.005698
132,65,3.0,5,,2,2,8,0.0,0.0,0.0
132,69,3.0,2,,2,2,8,0.001379,0.000267,0.000796
132,131,3.0,1,,2,2,3,0.24171,0.056212,0.014442
132,131,3.0,2,,2,2,3,0.011824,0.002977,0.0009
132,131,3.0,5,,2,2,3,0.035307,0.008864,0.002694
132,132,3.0,1,,2,2,1,0.011957,0.002764,9.3e-05
132,132,3.0,2,,2,2,1,0.003277,0.000827,2.9e-05
132,139,3.0,1,,2,2,2,0.060768,0.014044,0.002616
132,139,3.0,2,,2,2,2,0.00554,0.001391,0.000292
132,139,3.0,5,,2,2,2,0.005577,0.001406,0.000319
132,241,3.0,2,,2,2,4,0.0,0.0,0.0
132,242,3.0,2,,2,2,4,0.0,0.0,0.0
132,249,3.0,2,,2,2,5,0.0,0.0,0.0
132,280,3.0,2,,2,2,4,0.0,0.0,0.0
132,291,3.0,2,,2,2,6,0.0,0.0,0.0
132,292,3.0,2,,2,2,5,0.0,0.0,0.0
132,299,3.0,1,,2,2,5,0.0,0.0,0.0
132,341,3.0,2,,2,2,5,0.0,0.0,0.0
132,342,3.0,2,,2,2,5,0.0,0.0,0.0
132,361,3.0,2,,2,2,6,0.0,0.0,0.0
132,362,3.0,2,,2,2,6,0.0,0.0,0.0
132,363,3.0,1,,2,2,5,0.002017,0.00034,0.000308
132,363,3.0,2,,2,2,5,0.001479,0.00059,0.000538
132,364,3.0,2,,2,2,6,0.0,0.0,0.0
132,369,3.0,1,,2,2,5,0.0,0.0,0.0
132,441,3.0,2,,2,2,6,0.001726,0.000444,0.000528
132,451,3.0,1,,2,2,2,0.004082,0.00134,0.000162
132,452,3.0,1,,2,2,2,0.007339,0.002411,0.000585
132,459,3.0,1,,2,2,2,0.008596,0.002779,0.000437
132,459,3.0,5,,2,2,2,0.002703,0.000887,0.000156
132,471,3.0,1,,2,2,4,0.0,0.0,0.0
132,472,3.0,1,,2,2,4,0.0,0.0,0.0
132,473,3.0,1,,2,2,3,0.0,0.0,0.0
132,479,3.0,1,,2,2,3,0.0,0.0,0.0
132,479,3.0,5,,2,2,4,0.0,0.0,0.0
132,484,3.0,2,,2,2,6,0.0,0.0,0.0
132,484,3.0,5,,2,2,6,0.0,0.0,0.0
132,486,3.0,2,,2,2,6,0.0,0.0,0.0
132,489,3.0,2,,2,2,6,0.0,0.0,0.0
171,171,3.0,1,,2,2,1,0.003886,0.026365,0.000953
171,171,4.0,1,,2,2,1,0.0,0.0,0.0
171,171,3.0,3,,2,2,1,0.003886,0.002254,6.9e-05
171,172,3.0,1,,2,2,3,0.0,0.0,0.0
171,172,4.0,1,,2,2,3,0.0,0.0,0.0
171,172,3.0,5,,2,2,3,0.0,0.0,0.0
171,179,3.0,1,,2,2,2,0.0,0.0,0.0
171,179,4.0,1,,2,2,2,0.0,0.0,0.0
171,179,3.0,5,,2,2,2,0.0,0.0,0.0
171,271,3.0,1,,2,2,3,0.004345,0.004273,0.001878
171,271,4.0,4,,2,2,3,0.0,0.0,0.0
171,271,3.0,5,,2,2,3,0.0,0.0,0.0
171,279,4.0,4,,2,2,3,0.0,0.0,0.0
171,279,3.0,5,,2,2,4,0.0,0.0,0.0
171,363,3.0,5,,2,2,5,0.0,0.0,0.0
212,491,4.0,4,,2,2,6,0.0,0.0,0.0
223,271,3.0,2,,2,2,6,0.0,0.0,0.0
223,279,3.0,2,,2,2,6,0.0,0.0,0.0
223,291,3.0,2,,2,2,5,0.0,0.0,0.0
223,292,3.0,2,,2,2,5,0.0,0.0,0.0
223,299,3.0,2,,2,2,5,0.0,0.0,0.0
223,361,3.0,2,,2,2,7,0.0,0.0,0.0
223,362,3.0,2,,2,2,6,0.0,0.0,0.0
223,363,3.0,2,,2,2,6,0.0,0.0,0.0
223,364,3.0,2,,2,2,6,0.0,0.0,0.0
223,369,3.0,2,,2,2,7,0.0,0.0,0.0
241,111,3.0,2,,2,2,1,0.190264,0.161622,0.005798
241,241,3.0,1,,2,2,1,0.042233,0.046413,0.001178
241,241,3.0,2,,2,2,1,0.0,0.0,0.0
241,242,3.0,1,,2,2,1,0.030551,0.033575,0.001594
241,249,3.0,1,,2,2,1,0.006596,0.007249,0.000692
241,271,3.0,1,,2,2,6,0.0,0.0,0.0
241,279,3.0,1,,2,2,6,0.0,0.0,0.0
241,421,3.0,1,,2,2,2,0.007756,0.007916,0.000909
241,421,3.0,2,,2,2,2,0.001551,0.001583,0.000211
241,422,3.0,1,,2,2,3,0.004525,0.004618,0.001171
241,423,3.0,1,,2,2,2,0.001343,0.001371,0.000253
241,429,3.0,1,,2,2,2,0.005885,0.006007,0.00114
241,429,3.0,2,,2,2,3,0.0,0.0,0.0
241,481,3.0,5,,2,2,8,0.0,0.0,0.0
241,484,3.0,5,,2,2,8,0.0,0.0,0.0
241,485,3.0,5,,2,2,8,0.0,0.0,0.0
241,486,3.0,2,,2,2,7,0.0,0.0,0.0
241,488,3.0,5,,2,2,8,0.0,0.0,0.0
241,489,3.0,2,,2,2,7,0.0,0.0,0.0
241,511,3.0,2,,2,2,2,0.0,0.0,0.0
241,512,3.0,1,,2,2,2,0.0,0.0,0.0
241,513,3.0,1,,2,2,1,0.0,0.0,0.0
241,519,3.0,1,,2,2,2,0.0,0.0,0.0
241,531,3.0,2,,2,2,8,0.0,0.0,0.0
241,532,3.0,2,,2,2,8,0.0,0.0,0.0
241,539,3.0,2,,2,2,8,0.0,0.0,0.0
271,271,4.0,1,,2,2,1,0.0,0.0,0.0
271,279,4.0,1,,2,2,2,0.0,0.0,0.0
321,61,4.0,1,,2,2,3,0.0,0.0,0.0
321,64,4.0,4,,2,2,3,0.0,0.0,0.0
321,69,4.0,4,,2,2,3,0.0,0.0,0.0
341,61,3.0,5,,2,2,8,0.0,0.0,0.0
341,62,3.0,2,,2,2,8,0.0,0.0,0.0
341,63,3.0,2,,2,2,8,0.0,0.0,0.0
341,64,3.0,5,,2,2,8,0.0,0.0,0.0
341,65,3.0,5,,2,2,8,0.0,0.0,0.0
341,69,3.0,5,,2,2,8,0.0,0.0,0.0
341,81,3.0,1,,2,2,7,0.004053,0.000759,0.001398
341,89,3.0,1,,2,2,7,0.001428,0.000267,0.000503
341,91,3.0,1,,2,2,2,0.0,0.0,0.0
341,92,3.0,1,,2,2,2,0.0,0.0,0.0
341,92,3.0,2,,2,2,2,0.0,0.0,0.0
341,92,3.0,5,,2,2,2,0.0,0.0,0.0
341,99,3.0,1,,2,2,2,0.0,0.0,0.0
341,111,3.0,1,,2,2,2,0.0,0.0,0.0
341,122,3.0,3,,2,2,6,0.0,0.0,0.0
341,123,3.0,5,,2,2,6,0.0,0.0,0.0
341,124,3.0,1,,2,2,6,0.0,0.0,0.0
341,129,3.0,1,,2,2,6,0.0,0.0,0.0
341,131,3.0,1,,2,2,5,0.014837,0.00557,0.004828
341,132,3.0,2,,2,2,5,0.0,0.0,0.0
341,139,3.0,2,,2,2,5,0.003438,0.001264,0.001205
341,171,3.0,1,,2,2,5,0.003536,0.001564,0.001369
341,171,3.0,2,,2,2,5,0.0,0.0,0.0
341,171,3.0,5,,2,2,5,0.001326,0.000587,0.000556
341,172,3.0,1,,2,2,5,0.0,0.0,0.0
341,172,3.0,2,,2,2,6,0.0,0.0,0.0
341,172,3.0,5,,2,2,6,0.0,0.0,0.0
341,179,3.0,1,,2,2,5,0.0,0.0,0.0
341,179,3.0,2,,2,2,6,0.0,0.0,0.0
341,179,3.0,5,,2,2,6,0.0,0.0,0.0
341,182,3.0,1,,2,2,4,0.0,0.0,0.0
341,182,3.0,5,,2,2,5,0.0,0.0,0.0
341,189,3.0,5,,2,2,5,0.0,0.0,0.0
341,190,3.0,1,,2,2,6,0.0,0.0,0.0
341,190,3.0,2,,2,2,6,0.0,0.0,0.0
341,209,3.0,2,,2,2,7,0.0,0.0,0.0
341,212,3.0,2,,2,2,5,0.0,0.0,0.0
341,219,3.0,2,,2,2,5,0.0,0.0,0.0
341,241,3.0,1,,2,2,2,0.001277,0.000282,5.3e-05
341,241,3.0,5,,2,2,2,0.001825,0.000444,9.9e-05
341,242,3.0,1,,2,2,2,0.001847,0.000407,9.6e-05
341,249,3.0,1,,2,2,2,0.0,0.0,0.0
341,251,3.0,1,,2,2,3,0.0,0.0,0.0
341,251,3.0,5,,2,2,3,0.0,0.0,0.0
341,259,3.0,1,,2,2,2,0.0,0.0,0.0
341,261,3.0,1,,2,2,4,0.0,0.0,0.0
341,261,3.0,5,,2,2,5,0.0,0.0,0.0
341,262,3.0,1,,2,2,4,0.0,0.0,0.0
341,269,3.0,1,,2,2,5,0.0,0.0,0.0
341,269,3.0,2,,2,2,5,0.0,0.0,0.0
341,271,3.0,1,,2,2,6,0.423607,0.36733,0.501907
341,271,3.0,2,,2,2,6,0.0,0.0,0.0
341,271,3.0,5,,2,2,6,0.0,0.0,0.0
341,279,3.0,1,,2,2,6,0.110102,0.09513,0.136448
341,291,3.0,5,,2,2,6,0.0,0.0,0.0
341,292,3.0,1,,2,2,6,0.0,0.0,0.0
341,299,3.0,2,,2,2,6,0.0,0.0,0.0
341,311,3.0,2,,2,2,6,0.0,0.0,0.0
341,319,3.0,2,,2,2,7,0.0,0.0,0.0
341,341,3.0,1,,2,2,1,0.110578,0.075726,0.002499
341,341,3.0,2,,2,2,1,0.006911,0.004733,0.000183
341,341,3.0,3,,2,2,1,0.0,0.0,0.0
341,341,3.0,5,,2,2,1,0.006911,0.004733,0.000156
341,342,3.0,1,,2,2,1,0.020846,0.014276,0.001351
341,342,3.0,5,,2,2,2,0.0,0.0,0.0
341,361,3.0,1,,2,2,2,0.008245,0.007656,0.001431
341,361,3.0,5,,2,2,2,0.0,0.0,0.0
341,362,3.0,1,,2,2,3,0.009074,0.008238,0.003066
341,362,3.0,5,,2,2,3,0.0,0.0,0.0
341,363,3.0,1,,2,2,1,0.172084,0.15824,0.008093
341,363,3.0,2,,2,2,1,0.0,0.0,0.0
341,364,3.0,1,,2,2,3,0.00785,0.007084,0.002237
341,364,3.0,5,,2,2,3,0.001061,0.000985,0.000405
341,369,3.0,1,,2,2,3,0.011041,0.010253,0.002585
341,369,3.0,5,,2,2,3,0.002208,0.002051,0.000666
341,380,3.0,5,,2,2,7,0.031716,0.021864,0.038932
341,391,3.0,1,,2,2,4,0.0,0.0,0.0
341,392,3.0,1,,2,2,3,0.0,0.0,0.0
341,393,3.0,1,,2,2,4,0.0,0.0,0.0
341,394,3.0,1,,2,2,4,0.0,0.0,0.0
341,399,3.0,1,,2,2,4,0.0,0.0,0.0
341,411,3.0,2,,2,2,8,0.01516,0.011133,0.035493
341,411,3.0,5,,2,2,8,0.030421,0.022311,0.071139
341,419,3.0,2,,2,2,8,0.014567,0.010688,0.033715
341,421,3.0,1,,2,2,1,0.007257,0.003606,0.000301
341,422,3.0,1,,2,2,3,0.003528,0.001753,0.00063
341,429,3.0,1,,2,2,2,0.004589,0.002281,0.000496
341,531,3.0,5,,2,2,8,0.0,0.0,0.0
341,532,3.0,2,,2,2,8,0.0,0.0,0.0
341,539,3.0,5,,2,2,8,0.0,0.0,0.0
341,551,3.0,1,,2,2,5,0.052617,0.040792,0.038021
341,551,3.0,5,,2,2,6,0.026309,0.020396,0.021614
341,559,3.0,1,,2,2,6,0.090716,0.070329,0.077801
341,559,3.0,2,,2,2,6,0.012959,0.010047,0.011867
341,559,3.0,5,,2,2,6,0.012959,0.010047,0.012223
341,560,3.0,2,,2,2,8,0.0,0.0,0.0
363,91,3.0,1,,2,2,2,0.0,0.0,0.0
363,92,3.0,1,,2,2,1,0.0,0.0,0.0
363,131,3.0,2,,2,2,5,0.0,0.0,0.0
363,132,3.0,2,,2,2,5,0.0,0.0,0.0
363,139,3.0,2,,2,2,5,0.0,0.0,0.0
363,171,3.0,2,,2,2,5,0.0,0.0,0.0
363,172,3.0,2,,2,2,6,0.0,0.0,0.0
363,179,3.0,2,,2,2,6,0.0,0.0,0.0
363,241,3.0,1,,2,2,2,0.0,0.0,0.0
363,242,3.0,2,,2,2,3,0.0,0.0,0.0
363,249,3.0,1,,2,2,3,0.0,0.0,0.0
363,251,3.0,1,,2,2,2,0.0,0.0,0.0
363,271,3.0,1,,2,2,6,0.00336,0.000823,0.00114
363,279,3.0,2,,2,2,7,0.0,0.0,0.0
363,280,3.0,2,,2,2,6,0.0,0.0,0.0
363,341,3.0,1,,2,2,1,0.0,0.0,0.0
363,342,3.0,1,,2,2,2,0.0,0.0,0.0
363,342,3.0,5,,2,2,2,0.0,0.0,0.0
363,361,3.0,1,,2,2,2,0.0,0.0,0.0
363,362,3.0,1,,2,2,3,0.0,0.0,0.0
363,363,3.0,1,,2,2,1,0.0,0.0,0.0
363,363,4.0,1,,2,2,1,0.0,0.0,0.0
363,364,3.0,1,,2,2,3,0.0,0.0,0.0
363,369,3.0,1,,2,2,3,0.0,0.0,0.0
363,484,3.0,2,,2,2,7,0.0,0.0,0.0
363,486,3.0,2,,2,2,7,0.0,0.0,0.0
363,489,3.0,2,,2,2,7,0.0,0.0,0.0
363,500,3.0,1,,2,2,3,0.0,0.0,0.0
363,513,3.0,1,,2,2,3,0.0,0.0,0.0
363,519,3.0,2,,2,2,3,0.0,0.0,0.0
371,131,4.0,1,,2,2,3,0.0,0.0,0.0
371,363,4.0,4,,2,2,4,0.0,0.0,0.0
371,369,4.0,4,,2,2,4,0.0,0.0,0.0
373,131,4.0,4,,2,2,3,0.0,0.0,0.0
402,401,4.0,1,,2,2,2,0.0,0.0,0.0
402,402,4.0,1,,2,2,1,0.0,0.0,0.0
402,409,4.0,1,,2,2,2,0.0,0.0,0.0
411,411,3.0,1,,2,2,1,0.0,0.0,0.0
411,411,3.0,2,,2,2,1,0.0,0.0,0.0
411,411,3.0,3,,2,2,1,0.0,0.0,0.0
411,419,3.0,1,,2,2,2,0.0,0.0,0.0
421,391,3.0,2,,2,2,5,0.0,0.0,0.0
421,392,3.0,2,,2,2,4,0.0,0.0,0.0
421,393,3.0,2,,2,2,4,0.0,0.0,0.0
421,394,3.0,2,,2,2,4,0.0,0.0,0.0
421,399,3.0,2,,2,2,4,0.0,0.0,0.0
421,421,3.0,1,,2,2,1,0.0,0.0,0.0
421,422,3.0,1,,2,2,3,0.0,0.0,0.0
421,429,3.0,1,,2,2,2,0.0,0.0,0.0
451,61,3.0,5,,2,2,8,0.0,0.0,0.0
451,62,3.0,2,,2,2,8,0.0,0.0,0.0
451,63,3.0,2,,2,2,8,0.0,0.0,0.0
451,64,3.0,2,,2,2,8,0.0,0.0,0.0
451,65,3.0,2,,2,2,8,0.0,0.0,0.0
451,69,3.0,2,,2,2,8,0.0,0.0,0.0
451,131,3.0,1,,2,2,3,0.008749,0.001713,0.000553
451,132,3.0,2,,2,2,2,0.0,0.0,0.0
451,139,3.0,1,,2,2,3,0.001175,0.000263,7.3e-05
451,171,3.0,2,,2,2,6,0.0,0.0,0.0
451,179,3.0,2,,2,2,6,0.0,0.0,0.0
451,221,3.0,2,,2,2,5,0.0,0.0,0.0
451,222,3.0,2,,2,2,6,0.0,0.0,0.0
451,223,3.0,2,,2,2,5,0.0,0.0,0.0
451,229,3.0,2,,2,2,6,0.0,0.0,0.0
451,341,3.0,1,,2,2,5,0.002025,0.000448,0.000359
451,341,3.0,2,,2,2,4,0.002454,0.000475,0.00035
451,361,3.0,2,,2,2,5,0.0,0.0,0.0
451,362,3.0,2,,2,2,6,0.0,0.0,0.0
451,363,3.0,1,,2,2,5,0.0,0.0,0.0
451,363,3.0,2,,2,2,5,0.001903,0.000403,0.000326
451,364,3.0,1,,2,2,5,0.0,0.0,0.0
451,369,3.0,1,,2,2,5,0.0,0.0,0.0
451,369,3.0,2,,2,2,6,0.0,0.0,0.0
451,371,3.0,1,,2,2,2,0.0,0.0,0.0
451,372,3.0,1,,2,2,3,0.0,0.0,0.0
451,373,3.0,1,,2,2,3,0.0,0.0,0.0
451,379,3.0,1,,2,2,3,0.0,0.0,0.0
451,451,3.0,1,,2,2,1,0.049647,0.009018,0.000151
451,451,3.0,2,,2,2,1,0.0,0.0,0.0
451,452,3.0,1,,2,2,2,0.074367,0.013567,0.002809
451,452,3.0,2,,2,2,2,0.01415,0.002742,0.000678
451,459,3.0,1,,2,2,2,0.110895,0.02021,0.002447
451,459,3.0,2,,2,2,2,0.006405,0.001241,0.000163
451,459,3.0,5,,2,2,2,0.012364,0.002247,0.000294
451,471,3.0,1,,2,2,4,0.0,0.0,0.0
451,472,3.0,1,,2,2,4,0.0,0.0,0.0
451,473,3.0,1,,2,2,3,0.0,0.0,0.0
451,479,3.0,1,,2,2,4,0.0,0.0,0.0
451,481,3.0,5,,2,2,7,0.002069,0.000293,0.000534
451,484,3.0,5,,2,2,7,0.007224,0.000732,0.001335
451,486,3.0,2,,2,2,6,0.006414,0.001243,0.001544
451,488,3.0,5,,2,2,7,0.00158,0.000159,0.000296
451,489,3.0,2,,2,2,6,0.003932,0.000762,0.00112
451,512,3.0,2,,2,2,3,0.0,0.0,0.0
451,513,3.0,2,,2,2,4,0.0,0.0,0.0
451,519,3.0,1,,2,2,3,0.0,0.0,0.0
481,484,4.0,1,,2,2,2,0.002582,0.000219,4.7e-05
481,486,4.0,1,,2,2,2,0.002583,0.000219,3.8e-05
481,489,4.0,1,,2,2,3,0.0,0.0,0.0
486,50,3.0,1,,2,2,4,0.0,0.0,0.0
486,81,3.0,5,,2,2,6,0.0,0.0,0.0
486,89,3.0,1,,2,2,6,0.0,0.0,0.0
486,89,3.0,2,,2,2,6,0.0,0.0,0.0
486,171,3.0,1,,2,2,6,0.0,0.0,0.0
486,241,3.0,2,,2,2,7,0.0,0.0,0.0
486,242,3.0,2,,2,2,7,0.0,0.0,0.0
486,249,3.0,2,,2,2,7,0.0,0.0,0.0
486,363,3.0,2,,2,2,7,0.0,0.0,0.0
486,481,3.0,1,,2,2,2,0.00758,0.007622,0.001274
486,482,3.0,1,,2,2,2,0.0,0.0,0.0
486,483,3.0,1,,2,2,2,0.0,0.0,0.0
486,484,3.0,1,,2,2,3,0.020007,0.020118,0.005537
486,484,3.0,2,,2,2,3,0.0,0.0,0.0
486,484,3.0,5,,2,2,3,0.002501,0.002515,0.000792
486,485,3.0,1,,2,2,4,0.0,0.0,0.0
486,486,3.0,1,,2,2,1,0.0,0.0,0.0
486,486,3.0,2,,2,2,1,0.01006,0.063694,0.00336
486,486,3.0,3,,2,2,1,0.01006,0.010116,0.000571
486,487,3.0,1,,2,2,3,0.0,0.0,0.0
486,488,3.0,1,,2,2,2,0.005199,0.005228,0.001122
486,489,3.0,1,,2,2,3,0.010552,0.010611,0.003459
486,489,3.0,2,,2,2,3,0.0,0.0,0.0
486,489,3.0,5,,2,2,3,0.0,0.0,0.0
486,491,3.0,2,,2,2,7,0.0,0.0,0.0
486,499,3.0,2,,2,2,7,0.0,0.0,0.0
511,371,3.0,1,,2,2,3,0.0,0.0,0.0
511,372,3.0,2,,2,2,3,0.0,0.0,0.0
511,373,3.0,2,,2,2,3,0.0,0.0,0.0
511,379,3.0,2,,2,2,3,0.0,0.0,0.0
511,511,3.0,2,,2,2,1,0.003335,0.000913,2.6e-05
511,512,3.0,2,,2,2,2,0.003198,0.000875,9.2e-05
511,513,3.0,2,,2,2,2,0.010747,0.002941,0.000459
511,519,3.0,2,,2,2,2,0.003932,0.001076,0.000198
512,61,3.0,5,,2,2,8,0.0,0.0,0.0
512,62,3.0,2,,2,2,8,0.0,0.0,0.0
512,63,3.0,5,,2,2,8,0.0,0.0,0.0
512,64,3.0,5,,2,2,8,0.0,0.0,0.0
512,65,3.0,5,,2,2,8,0.0,0.0,0.0
512,69,3.0,5,,2,2,8,0.0,0.0,0.0
512,131,3.0,1,,2,2,4,0.008179,0.002173,0.001285
512,132,3.0,2,,2,2,4,0.0,0.0,0.0
512,139,3.0,1,,2,2,4,0.002145,0.000605,0.000367
512,171,3.0,1,,2,2,5,0.0,0.0,0.0
512,171,3.0,5,,2,2,6,0.0,0.0,0.0
512,172,3.0,2,,2,2,6,0.0,0.0,0.0
512,179,3.0,1,,2,2,5,0.0,0.0,0.0
512,219,3.0,1,,2,2,4,0.0,0.0,0.0
512,241,3.0,2,,2,2,3,0.0,0.0,0.0
512,242,3.0,2,,2,2,2,0.0,0.0,0.0
512,249,3.0,1,,2,2,2,0.0,0.0,0.0
512,271,3.0,2,,2,2,6,0.0,0.0,0.0
512,279,3.0,2,,2,2,7,0.0,0.0,0.0
512,291,3.0,1,,2,2,6,0.002816,0.001515,0.001798
512,291,3.0,5,,2,2,6,0.0,0.0,0.0
512,292,3.0,1,,2,2,5,0.003546,0.001908,0.001853
512,292,3.0,5,,2,2,6,0.001773,0.000954,0.001061
512,299,3.0,1,,2,2,6,0.003005,0.001617,0.001747
512,299,3.0,5,,2,2,6,0.0,0.0,0.0
512,341,3.0,1,,2,2,3,0.004757,0.001239,0.000492
512,342,3.0,3,,2,2,3,0.0,0.0,0.0
512,361,3.0,2,,2,2,4,0.0,0.0,0.0
512,362,3.0,2,,2,2,5,0.0,0.0,0.0
512,363,3.0,3,,2,2,3,0.0,0.0,0.0
512,364,3.0,2,,2,2,5,0.0,0.0,0.0
512,369,3.0,2,,2,2,4,0.0,0.0,0.0
512,371,3.0,1,,2,2,3,0.015288,0.003696,0.001245
512,372,3.0,1,,2,2,3,0.006389,0.001517,0.000417
512,372,3.0,5,,2,2,3,0.001975,0.000405,0.000137
512,373,3.0,1,,2,2,2,0.013529,0.003128,0.000622
512,379,3.0,1,,2,2,2,0.0101,0.002398,0.000577
512,379,3.0,2,,2,2,3,0.0,0.0,0.0
512,379,3.0,5,,2,2,3,0.003078,0.000604,0.000189
512,421,3.0,3,,2,2,3,0.0,0.0,0.0
512,422,3.0,2,,2,2,4,0.0,0.0,0.0
512,423,3.0,2,,2,2,4,0.0,0.0,0.0
512,429,3.0,2,,2,2,4,0.0,0.0,0.0
512,451,3.0,2,,2,2,3,0.0,0.0,0.0
512,452,3.0,5,,2,2,4,0.0,0.0,0.0
512,459,3.0,2,,2,2,3,0.0,0.0,0.0
512,481,3.0,5,,2,2,8,0.001388,0.000276,0.000603
512,484,3.0,5,,2,2,8,0.004981,0.000781,0.001704
512,486,3.0,3,,2,2,8,0.004929,0.001304,0.002613
512,488,3.0,5,,2,2,8,0.002157,0.00037,0.000824
512,489,3.0,1,,2,2,7,0.002455,0.000399,0.000611
512,511,3.0,1,,2,2,1,0.030581,0.007043,0.000664
512,511,3.0,2,,2,2,1,0.003823,0.00088,8.7e-05
512,511,3.0,5,,2,2,2,0.008093,0.002006,0.000201
512,512,3.0,1,,2,2,1,0.040378,0.009295,0.000252
512,512,3.0,3,,2,2,1,0.0,0.0,0.0
512,513,3.0,1,,2,2,2,0.136316,0.03166,0.005555
512,513,3.0,5,,2,2,2,0.0,0.0,0.0
512,519,3.0,1,,2,2,2,0.039265,0.009022,0.001833
512,519,3.0,2,,2,2,3,0.003123,0.000889,0.000225
512,519,3.0,5,,2,2,3,0.008282,0.00206,0.000524
531,61,3.0,1,,2,2,6,0.001704,0.001741,0.002027
531,61,3.0,2,,2,2,6,0.003407,0.003482,0.004482
531,61,3.0,5,,2,2,6,0.003407,0.003482,0.004989
531,62,3.0,5,,2,2,5,0.0,0.0,0.0
531,63,3.0,3,,2,2,7,0.002617,0.002675,0.004029
531,64,3.0,1,,2,2,5,0.004008,0.004096,0.003336
531,64,3.0,5,,2,2,6,0.004008,0.004096,0.004314
531,69,3.0,1,,2,2,5,0.001147,0.001172,0.000912
531,111,3.0,2,,2,2,8,0.0,0.0,0.0
531,411,3.0,1,,2,2,2,0.0,0.0,0.0
531,411,3.0,5,,2,2,2,0.0,0.0,0.0
531,419,3.0,1,,2,2,3,0.0,0.0,0.0
531,419,3.0,5,,2,2,3,0.0,0.0,0.0
531,531,3.0,1,,2,2,1,0.039735,0.115101,0.006244
531,531,3.0,2,,2,2,1,0.0,0.0,0.0
531,531,3.0,3,,2,2,1,0.013151,0.012794,0.000575
531,532,3.0,1,,2,2,2,0.003352,0.003261,0.000541
531,532,3.0,2,,2,2,2,0.0,0.0,0.0
531,532,3.0,5,,2,2,2,0.0,0.0,0.0
531,539,3.0,1,,2,2,2,0.005312,0.005168,0.001028
531,539,3.0,2,,2,2,2,0.005312,0.005168,0.001253
12,11,3.0,1,,2,2,3,0.0,0.0,0.0
12,12,3.0,1,,2,2,1,0.0,0.0,0.0
12,19,3.0,1,,2,2,2,0.0,0.0,0.0
12,61,3.0,2,,2,2,8,0.006246,0.00121,0.002577
12,64,3.0,2,,2,2,8,0.005607,0.001086,0.002768
12,131,3.0,2,,2,2,3,0.0,0.0,0.0
12,139,3.0,1,,2,2,3,0.0,0.0,0.0
12,363,3.0,2,,2,2,6,0.0,0.0,0.0
12,484,3.0,2,,2,2,4,0.0,0.0,0.0
12,486,3.0,1,,2,2,4,0.0,0.0,0.0
12,489,3.0,1,,2,2,4,0.0,0.0,0.0
41,41,4.0,1,,2,2,1,0.006179,0.000523,7e-06
41,42,4.0,1,,2,2,2,0.001739,0.000147,2.1e-05
41,61,4.0,1,,2,2,3,0.008333,0.000706,0.000258
41,61,4.0,4,,2,2,3,0.0,0.0,0.0
41,62,4.0,4,,2,2,4,0.0,0.0,0.0
41,63,4.0,1,,2,2,3,0.001654,0.00014,5.3e-05
41,63,4.0,4,,2,2,3,0.0,0.0,0.0
41,64,4.0,1,,2,2,5,0.008376,0.00071,0.000533
41,64,4.0,4,,2,2,4,0.0,0.0,0.0
41,65,4.0,4,,2,2,4,0.0,0.0,0.0
41,69,4.0,1,,2,2,4,0.001144,9.7e-05,7e-05
41,69,4.0,4,,2,2,4,0.0,0.0,0.0
61,11,3.0,2,,2,2,8,0.0,0.0,0.0
61,12,3.0,2,,2,2,8,0.0,0.0,0.0
61,19,3.0,1,,2,2,8,0.0,0.0,0.0
61,41,3.0,1,,2,2,3,0.124794,0.177001,0.069225
61,41,3.0,2,,2,2,4,0.00832,0.0118,0.006274
61,41,3.0,5,,2,2,4,0.00832,0.0118,0.006282
61,42,3.0,1,,2,2,4,0.023009,0.032635,0.01723
61,49,3.0,1,,2,2,3,0.016665,0.023637,0.009962
61,61,3.0,1,,2,2,1,9.42411,9.458818,0.462451
61,61,4.0,1,,2,2,1,0.0,0.0,0.0
61,61,3.0,2,,2,2,1,3.025299,6.620965,0.502786
61,61,3.0,3,,2,2,1,0.672289,0.675507,0.036902
61,61,3.0,5,,2,2,1,2.35301,2.364274,0.185158
61,62,3.0,1,,2,2,3,1.747108,1.753952,0.744639
61,62,4.0,4,,2,2,3,0.0,0.0,0.0
61,63,3.0,1,,2,2,2,2.830821,2.84235,0.368832
61,63,4.0,1,,2,2,2,0.0,0.0,0.0
61,63,3.0,2,,2,2,2,0.0,0.0,0.0
61,63,3.0,5,,2,2,2,0.17678,0.177626,0.026019
61,64,3.0,1,,2,2,3,9.105047,9.138843,3.538058
61,64,3.0,3,,2,2,3,1.819278,1.828078,0.859662
61,64,4.0,4,,2,2,3,0.0,0.0,0.0
61,64,3.0,5,,2,2,3,3.637476,3.654889,1.711198
61,65,3.0,1,,2,2,2,0.513404,0.515862,0.124708
61,65,4.0,1,,2,2,2,0.0,0.0,0.0
61,65,3.0,5,,2,2,3,0.0,0.0,0.0
61,69,3.0,1,,2,2,3,1.934747,1.942608,0.749352
61,69,4.0,1,,2,2,3,0.0,0.0,0.0
61,69,3.0,2,,2,2,3,0.148702,0.149414,0.058481
61,81,3.0,5,,2,2,6,0.0,0.0,0.0
61,89,3.0,1,,2,2,5,0.0,0.0,0.0
61,89,3.0,2,,2,2,6,0.0,0.0,0.0
61,101,3.0,2,,2,2,8,0.0,0.0,0.0
61,109,3.0,2,,2,2,8,0.0,0.0,0.0
61,121,3.0,2,,2,2,8,0.0,0.0,0.0
61,121,3.0,5,,2,2,8,0.0,0.0,0.0
61,122,3.0,2,,2,2,8,0.0,0.0,0.0
61,122,3.0,5,,2,2,8,0.0,0.0,0.0
61,123,3.0,5,,2,2,8,0.0,0.0,0.0
61,124,3.0,5,,2,2,8,0.0,0.0,0.0
61,129,3.0,5,,2,2,8,0.0,0.0,0.0
61,131,3.0,1,,2,2,8,0.015984,0.026101,0.057728
61,131,3.0,5,,2,2,8,0.006394,0.01044,0.026133
61,132,3.0,2,,2,2,8,0.001177,0.001922,0.005243
61,139,3.0,1,,2,2,8,0.005519,0.009012,0.020685
61,171,3.0,2,,2,2,8,0.0,0.0,0.0
61,172,3.0,1,,2,2,7,0.0,0.0,0.0
61,179,3.0,1,,2,2,7,0.0,0.0,0.0
61,179,3.0,2,,2,2,8,0.0,0.0,0.0
61,179,3.0,5,,2,2,8,0.0,0.0,0.0
61,181,3.0,2,,2,2,8,0.0,0.0,0.0
61,182,3.0,2,,2,2,8,0.0,0.0,0.0
61,183,3.0,2,,2,2,8,0.0,0.0,0.0
61,189,3.0,2,,2,2,8,0.0,0.0,0.0
61,190,3.0,1,,2,2,7,0.0,0.0,0.0
61,221,3.0,1,,2,2,7,0.002849,0.003344,0.006173
61,221,3.0,2,,2,2,7,0.00095,0.001115,0.00214
61,221,3.0,5,,2,2,7,0.00095,0.001115,0.00214
61,222,3.0,1,,2,2,7,0.0,0.0,0.0
61,222,3.0,2,,2,2,7,0.0,0.0,0.0
61,223,3.0,1,,2,2,7,0.0,0.0,0.0
61,223,3.0,2,,2,2,8,0.00712,0.008357,0.016738
61,229,3.0,1,,2,2,7,0.005462,0.006411,0.011273
61,229,3.0,2,,2,2,7,0.001092,0.001282,0.002343
61,229,3.0,5,,2,2,7,0.001092,0.001282,0.002409
61,241,3.0,2,,2,2,8,0.0,0.0,0.0
61,242,3.0,2,,2,2,8,0.0,0.0,0.0
61,249,3.0,2,,2,2,8,0.0,0.0,0.0
61,261,3.0,2,,2,2,8,0.0,0.0,0.0
61,269,3.0,2,,2,2,8,0.0,0.0,0.0
61,271,3.0,1,,2,2,7,0.0,0.0,0.0
61,271,3.0,2,,2,2,8,0.0,0.0,0.0
61,271,3.0,5,,2,2,8,0.0,0.0,0.0
61,279,3.0,1,,2,2,7,0.0,0.0,0.0
61,279,3.0,2,,2,2,8,0.0,0.0,0.0
61,279,3.0,5,,2,2,8,0.0,0.0,0.0
61,321,3.0,1,,2,2,3,0.0,0.0,0.0
61,329,3.0,1,,2,2,4,0.0,0.0,0.0
61,341,3.0,5,,2,2,8,0.571172,0.607552,2.479349
61,342,3.0,5,,2,2,8,0.095712,0.101808,0.425156
61,361,3.0,2,,2,2,8,0.035251,0.038928,0.117924
61,362,3.0,5,,2,2,8,0.037136,0.04101,0.112558
61,363,3.0,2,,2,2,8,0.0,0.0,0.0
61,363,3.0,5,,2,2,8,0.726055,0.80179,3.405497
61,364,3.0,5,,2,2,8,0.036294,0.04008,0.112968
61,369,3.0,5,,2,2,8,0.056647,0.062555,0.189471
61,371,3.0,2,,2,2,8,0.0,0.0,0.0
61,372,3.0,2,,2,2,8,0.0,0.0,0.0
61,373,3.0,2,,2,2,8,0.0,0.0,0.0
61,379,3.0,2,,2,2,8,0.0,0.0,0.0
61,380,3.0,2,,2,2,8,0.054496,0.066658,0.139367
61,421,3.0,2,,2,2,8,0.0,0.0,0.0
61,422,3.0,2,,2,2,8,0.0,0.0,0.0
61,423,3.0,2,,2,2,8,0.0,0.0,0.0
61,429,3.0,2,,2,2,8,0.0,0.0,0.0
61,481,3.0,1,,2,2,6,0.018771,0.011824,0.016627
61,481,3.0,5,,2,2,7,0.018771,0.011824,0.017949
61,482,3.0,1,,2,2,7,0.00173,0.00109,0.001794
61,482,3.0,2,,2,2,7,0.003461,0.00218,0.003777
61,483,3.0,1,,2,2,7,0.005888,0.003709,0.005582
61,484,3.0,1,,2,2,6,0.089232,0.056206,0.080902
61,484,3.0,2,,2,2,6,0.029744,0.018735,0.028082
61,484,3.0,5,,2,2,7,0.023795,0.014988,0.022551
61,485,3.0,1,,2,2,5,0.006124,0.003857,0.003159
61,486,3.0,1,,2,2,7,0.070901,0.044659,0.069367
61,486,3.0,2,,2,2,7,0.04254,0.026795,0.044314
61,486,3.0,5,,2,2,7,0.01418,0.008932,0.014794
61,487,3.0,5,,2,2,7,0.001842,0.00116,0.001805
61,488,3.0,1,,2,2,6,0.023353,0.014709,0.020121
61,488,3.0,5,,2,2,6,0.007784,0.004903,0.007088
61,489,3.0,1,,2,2,6,0.045204,0.028473,0.037311
61,489,3.0,2,,2,2,6,0.004307,0.003006,0.004156
61,489,3.0,5,,2,2,6,0.011301,0.007118,0.010376
61,531,3.0,1,,2,2,6,0.011485,0.010463,0.012006
61,531,3.0,5,,2,2,6,0.005743,0.005231,0.007256
61,532,3.0,1,,2,2,6,0.001098,0.001,0.001009
61,539,3.0,1,,2,2,6,0.003479,0.00317,0.003765
63,41,3.0,1,,2,2,3,0.0,0.0,0.0
64,41,3.0,5,,2,2,5,0.060826,0.092174,0.086583
64,42,3.0,5,,2,2,5,0.009896,0.014995,0.014319
64,49,3.0,5,,2,2,5,0.007167,0.010861,0.009456
64,61,3.0,1,,2,2,3,10.207864,26.366373,10.484699
64,61,4.0,4,,2,2,3,0.0,0.0,0.0
64,61,3.0,5,,2,2,3,5.103209,13.18288,6.395648
64,62,3.0,1,,2,2,2,1.728074,4.464053,0.531315
64,62,4.0,1,,2,2,2,0.0,0.0,0.0
64,63,3.0,1,,2,2,3,2.975516,7.686513,3.713518
64,63,4.0,4,,2,2,3,0.0,0.0,0.0
64,64,3.0,1,,2,2,1,14.407619,37.21487,1.775967
64,64,4.0,1,,2,2,1,0.0,0.0,0.0
64,65,3.0,1,,2,2,2,0.474436,1.225587,0.203171
64,65,4.0,1,,2,2,2,0.0,0.0,0.0
64,65,3.0,2,,2,2,2,0.033888,0.087542,0.016345
64,69,3.0,1,,2,2,2,1.952738,5.044416,1.092515
64,69,4.0,1,,2,2,2,0.0,0.0,0.0
64,69,3.0,2,,2,2,2,0.108485,0.280245,0.065489
64,81,3.0,1,,2,2,6,0.0,0.0,0.0
64,81,3.0,2,,2,2,6,0.0,0.0,0.0
64,81,3.0,5,,2,2,6,0.0,0.0,0.0
64,89,3.0,1,,2,2,6,0.0,0.0,0.0
64,89,3.0,2,,2,2,6,0.0,0.0,0.0
64,121,3.0,2,,2,2,8,0.0,0.0,0.0
64,122,3.0,2,,2,2,8,0.0,0.0,0.0
64,123,3.0,5,,2,2,8,0.0,0.0,0.0
64,124,3.0,2,,2,2,8,0.0,0.0,0.0
64,129,3.0,2,,2,2,8,0.0,0.0,0.0
64,171,3.0,1,,2,2,8,0.267486,0.338415,0.71637
64,172,3.0,2,,2,2,8,0.009232,0.01168,0.026338
64,179,3.0,1,,2,2,8,0.053377,0.067531,0.141949
64,211,3.0,5,,2,2,8,0.003856,0.005034,0.01308
64,212,3.0,1,,2,2,8,0.01297,0.016931,0.039641
64,219,3.0,1,,2,2,8,0.016579,0.021642,0.051328
64,241,3.0,2,,2,2,8,0.0,0.0,0.0
64,242,3.0,2,,2,2,8,0.0,0.0,0.0
64,249,3.0,2,,2,2,8,0.0,0.0,0.0
64,251,3.0,2,,2,2,8,0.0,0.0,0.0
64,259,3.0,2,,2,2,8,0.0,0.0,0.0
64,261,3.0,2,,2,2,8,0.0,0.0,0.0
64,262,3.0,2,,2,2,8,0.0,0.0,0.0
64,269,3.0,2,,2,2,8,0.0,0.0,0.0
64,321,3.0,1,,2,2,4,0.0,0.0,0.0
64,329,3.0,1,,2,2,3,0.0,0.0,0.0
64,341,3.0,5,,2,2,8,0.371257,0.365346,1.973662
64,342,3.0,2,,2,2,8,0.062212,0.061221,0.192703
64,361,3.0,2,,2,2,8,0.027941,0.034654,0.107101
64,362,3.0,2,,2,2,8,0.029435,0.036507,0.102224
64,363,3.0,2,,2,2,8,0.57549,0.713755,2.281173
64,363,4.0,4,,2,2,8,0.0,0.0,0.0
64,363,3.0,5,,2,2,8,0.0,0.0,0.0
64,364,3.0,2,,2,2,8,0.028768,0.035679,0.102627
64,369,3.0,2,,2,2,8,0.0449,0.055687,0.167273
64,371,3.0,2,,2,2,8,0.0,0.0,0.0
64,372,3.0,2,,2,2,8,0.0,0.0,0.0
64,373,3.0,2,,2,2,8,0.0,0.0,0.0
64,379,3.0,2,,2,2,8,0.0,0.0,0.0
64,380,3.0,5,,2,2,8,0.0,0.0,0.0
64,411,3.0,3,,2,2,5,0.0,0.0,0.0
64,419,3.0,1,,2,2,4,0.0,0.0,0.0
64,421,3.0,2,,2,2,8,0.0,0.0,0.0
64,422,3.0,2,,2,2,8,0.0,0.0,0.0
64,423,3.0,2,,2,2,8,0.0,0.0,0.0
64,429,3.0,2,,2,2,8,0.0,0.0,0.0
64,481,3.0,5,,2,2,7,0.008573,0.010534,0.020277
64,482,3.0,1,,2,2,8,0.001185,0.001457,0.002917
64,483,3.0,1,,2,2,7,0.001345,0.001652,0.003081
64,484,3.0,5,,2,2,7,0.033022,0.040577,0.077019
64,485,3.0,5,,2,2,6,0.001398,0.001718,0.002135
64,486,3.0,1,,2,2,7,0.029142,0.035809,0.068443
64,486,3.0,2,,2,2,8,0.0,0.0,0.0
64,487,3.0,2,,2,2,7,0.0,0.0,0.0
64,488,3.0,5,,2,2,7,0.00711,0.008737,0.016186
64,489,3.0,1,,2,2,7,0.013763,0.016912,0.027428
64,491,3.0,2,,2,2,5,0.0,0.0,0.0
64,499,3.0,2,,2,2,5,0.0,0.0,0.0
64,511,3.0,2,,2,2,8,0.0,0.0,0.0
64,512,3.0,2,,2,2,8,0.0,0.0,0.0
64,513,3.0,2,,2,2,8,0.0,0.0,0.0
64,519,3.0,2,,2,2,8,0.0,0.0,0.0
64,531,3.0,1,,2,2,5,0.04003,0.037057,0.030167
64,532,3.0,2,,2,2,5,0.002551,0.002362,0.001906
64,539,3.0,1,,2,2,5,0.008085,0.007484,0.006421
81,81,4.0,1,,2,2,1,0.001842,0.00017,5e-06
81,89,4.0,1,,2,2,2,0.0,0.0,0.0
81,101,4.0,4,,2,2,7,0.001713,0.000264,0.000411
81,190,4.0,4,,2,2,4,0.0,0.0,0.0
81,491,4.0,4,,2,2,3,0.0,0.0,0.0
101,101,3.0,1,,2,2,1,0.76935,2.883674,0.080727
101,109,3.0,2,,2,2,1,0.105303,0.394695,0.036312
101,311,3.0,2,,2,2,6,0.0,0.0,0.0
101,319,3.0,2,,2,2,7,0.0,0.0,0.0
111,101,3.0,1,,2,2,2,0.013516,0.002651,0.000279
111,101,4.0,1,,2,2,2,0.0,0.0,0.0
111,109,3.0,1,,2,2,2,0.003561,0.00087,9.5e-05
111,109,4.0,1,,2,2,2,0.0,0.0,0.0
111,122,4.0,4,,2,2,5,0.0,0.0,0.0
111,129,4.0,4,,2,2,5,0.0,0.0,0.0
111,171,4.0,4,,2,2,4,0.0,0.0,0.0
111,241,4.0,1,,2,2,1,0.0,0.0,0.0
111,242,4.0,1,,2,2,1,0.0,0.0,0.0
111,363,3.0,1,,2,2,3,0.00273,0.00059,0.000168
111,511,4.0,1,,2,2,2,0.0,0.0,0.0
111,512,4.0,1,,2,2,2,0.0,0.0,0.0
111,513,3.0,1,,2,2,1,0.001955,0.000583,2.3e-05
111,513,4.0,1,,2,2,1,0.0,0.0,0.0
111,519,4.0,1,,2,2,2,0.0,0.0,0.0
121,61,3.0,5,,2,2,8,0.027551,0.02471,0.101441
121,62,3.0,5,,2,2,8,0.00311,0.002789,0.012157
121,63,3.0,2,,2,2,8,0.005355,0.004803,0.013868
121,64,3.0,5,,2,2,8,0.025925,0.023252,0.13275
121,65,3.0,2,,2,2,8,0.0,0.0,0.0
121,69,3.0,5,,2,2,8,0.003709,0.003327,0.013673
121,121,3.0,1,,2,2,1,0.052904,0.058086,0.002416
121,122,3.0,1,,2,2,3,0.222055,0.243624,0.074436
121,122,3.0,2,,2,2,3,0.0,0.0,0.0
121,122,3.0,5,,2,2,3,0.0,0.0,0.0
121,123,3.0,1,,2,2,2,0.104267,0.114481,0.014781
121,124,3.0,1,,2,2,2,0.103968,0.114153,0.023839
121,129,3.0,1,,2,2,2,0.136976,0.150394,0.033407
121,129,3.0,5,,2,2,3,0.0,0.0,0.0
121,131,3.0,1,,2,2,3,0.0,0.0,0.0
121,132,3.0,1,,2,2,2,0.0,0.0,0.0
121,139,3.0,1,,2,2,2,0.0,0.0,0.0
121,341,3.0,2,,2,2,6,0.0,0.0,0.0
121,342,3.0,2,,2,2,5,0.0,0.0,0.0
121,361,3.0,2,,2,2,6,0.0,0.0,0.0
121,362,3.0,2,,2,2,6,0.0,0.0,0.0
121,363,3.0,1,,2,2,6,0.0,0.0,0.0
121,364,3.0,2,,2,2,6,0.0,0.0,0.0
121,369,3.0,1,,2,2,6,0.0,0.0,0.0
121,421,3.0,2,,2,2,5,0.0,0.0,0.0
121,422,3.0,2,,2,2,6,0.0,0.0,0.0
121,423,3.0,2,,2,2,6,0.0,0.0,0.0
121,429,3.0,2,,2,2,6,0.0,0.0,0.0
121,481,3.0,1,,2,2,6,0.044431,0.043404,0.045764
121,482,3.0,2,,2,2,5,0.006144,0.006002,0.005527
121,483,3.0,2,,2,2,6,0.006969,0.006808,0.008369
121,484,3.0,1,,2,2,6,0.140807,0.137552,0.146351
121,484,3.0,5,,2,2,7,0.028161,0.02751,0.043019
121,485,3.0,1,,2,2,7,0.007247,0.00708,0.011523
121,486,3.0,1,,2,2,5,0.12083,0.118037,0.108202
121,486,3.0,2,,2,2,6,0.030208,0.029509,0.030197
121,487,3.0,5,,2,2,7,0.00218,0.002129,0.003899
121,488,3.0,1,,2,2,6,0.027638,0.026999,0.029813
121,488,3.0,5,,2,2,7,0.009213,0.009,0.015274
121,489,3.0,2,,2,2,6,0.071331,0.069683,0.087908
121,511,3.0,2,,2,2,4,0.0,0.0,0.0
121,512,3.0,2,,2,2,4,0.0,0.0,0.0
121,513,3.0,2,,2,2,5,0.0,0.0,0.0
121,519,3.0,2,,2,2,5,0.0,0.0,0.0
122,61,3.0,5,,2,2,8,0.0,0.0,0.0
122,62,3.0,5,,2,2,8,0.0,0.0,0.0
122,63,3.0,5,,2,2,8,0.0,0.0,0.0
122,64,3.0,5,,2,2,8,0.0,0.0,0.0
122,65,3.0,5,,2,2,8,0.0,0.0,0.0
122,69,3.0,2,,2,2,8,0.0,0.0,0.0
122,121,3.0,1,,2,2,3,0.0,0.0,0.0
122,121,3.0,2,,2,2,3,0.0,0.0,0.0
122,121,3.0,5,,2,2,3,0.213105,0.217936,0.079021
122,122,3.0,1,,2,2,1,0.296929,0.304658,0.015028
122,122,3.0,2,,2,2,1,0.296929,1.880046,0.111964
122,122,3.0,3,,2,2,1,0.296929,0.304114,0.017536
122,123,3.0,1,,2,2,2,0.336003,0.344749,0.082319
122,123,3.0,2,,2,2,3,0.084001,0.086109,0.022571
122,124,3.0,1,,2,2,3,0.418798,0.429699,0.110441
122,124,3.0,5,,2,2,3,0.0,0.0,0.0
122,129,3.0,1,,2,2,3,0.551758,0.56612,0.180905
122,129,3.0,5,,2,2,3,0.0,0.0,0.0
122,171,3.0,1,,2,2,6,0.0,0.0,0.0
122,171,3.0,5,,2,2,6,0.0,0.0,0.0
122,172,3.0,1,,2,2,6,0.0,0.0,0.0
122,179,3.0,1,,2,2,6,0.0,0.0,0.0
122,190,4.0,4,,2,2,6,0.0,0.0,0.0
122,251,3.0,1,,2,2,7,0.0,0.0,0.0
122,259,3.0,1,,2,2,7,0.0,0.0,0.0
122,271,4.0,4,,2,2,6,0.0,0.0,0.0
122,279,4.0,4,,2,2,7,0.0,0.0,0.0
122,341,3.0,1,,2,2,6,0.0,0.0,0.0
122,342,3.0,1,,2,2,6,0.0,0.0,0.0
122,361,3.0,1,,2,2,6,0.0,0.0,0.0
122,362,3.0,1,,2,2,6,0.0,0.0,0.0
122,363,3.0,1,,2,2,6,0.0,0.0,0.0
122,364,3.0,1,,2,2,6,0.0,0.0,0.0
122,369,3.0,1,,2,2,6,0.0,0.0,0.0
122,371,3.0,2,,2,2,5,0.0,0.0,0.0
122,372,3.0,2,,2,2,5,0.0,0.0,0.0
122,373,3.0,2,,2,2,5,0.0,0.0,0.0
122,379,3.0,2,,2,2,5,0.0,0.0,0.0
122,421,3.0,1,,2,2,6,0.0,0.0,0.0
122,422,3.0,1,,2,2,6,0.0,0.0,0.0
122,423,3.0,1,,2,2,6,0.0,0.0,0.0
122,429,3.0,1,,2,2,6,0.0,0.0,0.0
122,481,3.0,1,,2,2,6,0.0,0.0,0.0
122,484,3.0,1,,2,2,6,0.0,0.0,0.0
122,484,3.0,5,,2,2,6,0.0,0.0,0.0
122,485,3.0,1,,2,2,7,0.0,0.0,0.0
122,486,3.0,5,,2,2,6,0.0,0.0,0.0
122,488,3.0,1,,2,2,6,0.0,0.0,0.0
122,489,3.0,1,,2,2,6,0.0,0.0,0.0
122,531,3.0,2,,2,2,8,0.0,0.0,0.0
122,532,3.0,2,,2,2,8,0.0,0.0,0.0
122,539,3.0,2,,2,2,8,0.0,0.0,0.0
124,121,3.0,2,,2,2,2,0.023828,0.024082,0.005438
124,122,3.0,1,,2,2,2,0.099603,0.100662,0.022821
124,123,3.0,2,,2,2,2,0.046963,0.047462,0.005787
124,124,3.0,1,,2,2,1,0.039023,0.039438,0.000911
124,124,3.0,2,,2,2,1,0.007805,0.007888,0.000241
124,129,3.0,1,,2,2,2,0.061695,0.06235,0.012222
124,361,3.0,2,,2,2,6,0.0,0.0,0.0
124,362,3.0,2,,2,2,7,0.0,0.0,0.0
124,363,3.0,2,,2,2,6,0.0,0.0,0.0
124,364,3.0,2,,2,2,7,0.0,0.0,0.0
124,369,3.0,2,,2,2,6,0.0,0.0,0.0
124,371,3.0,2,,2,2,4,0.0,0.0,0.0
124,372,3.0,2,,2,2,4,0.0,0.0,0.0
124,373,3.0,2,,2,2,4,0.0,0.0,0.0
124,379,3.0,2,,2,2,4,0.0,0.0,0.0
131,61,4.0,1,,2,2,8,0.011502,0.000974,0.002136
131,61,4.0,4,,2,2,7,0.0,0.0,0.0
131,62,4.0,4,,2,2,8,0.0,0.0,0.0
131,63,4.0,1,,2,2,8,0.002393,0.000203,0.00044
131,63,4.0,4,,2,2,7,0.0,0.0,0.0
131,64,4.0,1,,2,2,8,0.009911,0.00084,0.002104
131,64,4.0,4,,2,2,8,0.0,0.0,0.0
131,65,4.0,4,,2,2,8,0.0,0.0,0.0
131,69,4.0,1,,2,2,8,0.001876,0.000159,0.000387
131,69,4.0,4,,2,2,8,0.0,0.0,0.0
131,131,4.0,1,,2,2,1,0.0,0.0,0.0
131,132,4.0,1,,2,2,2,0.0,0.0,0.0
131,139,4.0,1,,2,2,2,0.0,0.0,0.0
131,171,4.0,4,,2,2,4,0.0,0.0,0.0
131,179,4.0,4,,2,2,3,0.0,0.0,0.0
131,280,4.0,4,,2,2,3,0.0,0.0,0.0
131,363,4.0,4,,2,2,5,0.0,0.0,0.0
131,369,4.0,4,,2,2,5,0.0,0.0,0.0
131,391,4.0,4,,2,2,3,0.0,0.0,0.0
131,392,4.0,4,,2,2,4,0.0,0.0,0.0
131,393,4.0,4,,2,2,3,0.0,0.0,0.0
131,394,4.0,4,,2,2,3,0.0,0.0,0.0
131,399,4.0,4,,2,2,3,0.0,0.0,0.0
131,451,4.0,1,,2,2,3,0.0,0.0,0.0
131,452,4.0,1,,2,2,2,0.0,0.0,0.0
131,459,4.0,1,,2,2,3,0.0,0.0,0.0
131,471,4.0,4,,2,2,3,0.0,0.0,0.0
131,472,4.0,1,,2,2,3,0.0,0.0,0.0
131,473,4.0,1,,2,2,2,0.0,0.0,0.0
131,479,4.0,1,,2,2,3,0.0,0.0,0.0
132,50,3.0,1,,2,2,5,0.0,0.0,0.0
132,50,3.0,2,,2,2,5,0.0,0.0,0.0
132,61,3.0,5,,2,2,8,0.585066,0.099594,0.467066
132,62,3.0,1,,2,2,8,0.001999,0.000234,0.000644
132,62,3.0,2,,2,2,8,0.066039,0.012795,0.038628
132,63,3.0,2,,2,2,8,0.114569,0.022198,0.063142
132,64,3.0,2,,2,2,8,0.550708,0.106699,0.331483
132,65,3.0,5,,2,2,8,0.020032,0.003703,0.012916
132,69,3.0,2,,2,2,8,0.078771,0.015262,0.045497
132,121,3.0,1,,2,2,2,0.00386,0.000576,9.1e-05
132,122,3.0,1,,2,2,3,0.016078,0.002481,0.001097
132,123,3.0,1,,2,2,3,0.006466,0.00096,0.000254
132,123,3.0,5,,2,2,3,0.001315,0.000913,0.00026
132,124,3.0,1,,2,2,3,0.007522,0.001116,0.000376
132,129,3.0,1,,2,2,3,0.010018,0.001619,0.000539
132,131,3.0,1,,2,2,3,1.781707,0.770777,0.198029
132,131,3.0,2,,2,2,3,0.084024,0.036574,0.011058
132,131,3.0,5,,2,2,3,0.0,0.0,0.0
132,132,3.0,1,,2,2,1,0.086432,0.037621,0.001268
132,132,3.0,2,,2,2,1,0.011255,0.004966,0.000174
132,139,3.0,1,,2,2,2,0.364272,0.156799,0.02921
132,139,3.0,2,,2,2,2,0.065495,0.029357,0.006167
132,139,3.0,5,,2,2,2,0.032563,0.014174,0.003212
132,171,3.0,1,,2,2,5,0.002475,0.000338,0.000334
132,171,3.0,2,,2,2,6,0.048689,0.009433,0.009918
132,172,3.0,2,,2,2,5,0.00168,0.000326,0.000312
132,179,3.0,2,,2,2,5,0.009716,0.001882,0.001861
132,181,3.0,2,,2,2,6,0.0,0.0,0.0
132,182,3.0,2,,2,2,5,0.0,0.0,0.0
132,183,3.0,2,,2,2,5,0.0,0.0,0.0
132,189,3.0,2,,2,2,5,0.0,0.0,0.0
132,241,3.0,2,,2,2,4,0.0,0.0,0.0
132,242,3.0,2,,2,2,4,0.0,0.0,0.0
132,249,3.0,2,,2,2,5,0.0,0.0,0.0
132,280,3.0,2,,2,2,4,0.0,0.0,0.0
132,291,3.0,2,,2,2,6,0.0,0.0,0.0
132,292,3.0,2,,2,2,5,0.0,0.0,0.0
132,299,3.0,1,,2,2,5,0.0,0.0,0.0
132,341,3.0,1,,2,2,5,0.0,0.0,0.0
132,341,3.0,2,,2,2,5,0.030029,0.005818,0.004884
132,342,3.0,2,,2,2,5,0.005295,0.001026,0.000805
132,361,3.0,2,,2,2,6,0.003311,0.00156,0.001596
132,362,3.0,2,,2,2,6,0.002828,0.00126,0.00142
132,363,3.0,1,,2,2,5,0.0,0.0,0.0
132,363,3.0,2,,2,2,5,0.055835,0.024721,0.02256
132,364,3.0,2,,2,2,6,0.003578,0.001373,0.00161
132,369,3.0,1,,2,2,5,0.004337,0.001927,0.001865
132,371,3.0,1,,2,2,3,0.003668,0.001647,0.000446
132,372,3.0,1,,2,2,3,0.001975,0.001614,0.000544
132,373,3.0,1,,2,2,3,0.002671,0.001352,0.000455
132,379,3.0,1,,2,2,3,0.00384,0.002294,0.000785
132,401,3.0,5,,2,2,6,0.0,0.0,0.0
132,411,3.0,2,,2,2,8,0.0,0.0,0.0
132,419,3.0,2,,2,2,8,0.0,0.0,0.0
132,451,3.0,1,,2,2,2,0.0,0.0,0.0
132,452,3.0,1,,2,2,2,0.0,0.0,0.0
132,459,3.0,1,,2,2,2,0.0,0.0,0.0
132,459,3.0,5,,2,2,2,0.0,0.0,0.0
132,471,3.0,1,,2,2,4,0.0,0.0,0.0
132,472,3.0,1,,2,2,4,0.001917,0.001473,0.000752
132,472,3.0,5,,2,2,4,0.0,0.0,0.0
132,473,3.0,1,,2,2,3,0.0,0.0,0.0
132,479,3.0,1,,2,2,3,0.0,0.0,0.0
132,479,3.0,5,,2,2,4,0.0,0.0,0.0
132,481,3.0,5,,2,2,7,0.058309,0.008264,0.014904
132,482,3.0,2,,2,2,6,0.008284,0.001605,0.001656
132,483,3.0,2,,2,2,6,0.009149,0.001773,0.002377
132,484,3.0,2,,2,2,6,0.111326,0.021569,0.025897
132,484,3.0,5,,2,2,6,0.110873,0.015714,0.023411
132,485,3.0,5,,2,2,8,0.009511,0.001348,0.003271
132,486,3.0,2,,2,2,6,0.099108,0.019202,0.021783
132,486,3.0,5,,2,2,7,0.099108,0.014047,0.02279
132,487,3.0,5,,2,2,7,0.002861,0.000405,0.000801
132,488,3.0,5,,2,2,7,0.04836,0.006854,0.012642
132,489,3.0,2,,2,2,6,0.093698,0.018154,0.024533
132,511,3.0,2,,2,2,4,0.0,0.0,0.0
132,512,3.0,2,,2,2,4,0.0,0.0,0.0
132,513,3.0,2,,2,2,4,0.001957,0.000379,0.000236
132,519,3.0,2,,2,2,4,0.0,0.0,0.0
132,531,3.0,2,,2,2,8,0.0,0.0,0.0
132,539,3.0,2,,2,2,8,0.0,0.0,0.0
171,41,3.0,5,,2,2,7,0.160958,0.228211,0.421875
171,42,3.0,5,,2,2,7,0.026186,0.037127,0.064449
171,49,3.0,5,,2,2,7,0.019616,0.027391,0.047885
171,61,3.0,1,,2,2,8,0.0,0.0,0.0
171,61,3.0,2,,2,2,8,0.07682,0.059367,0.129957
171,62,3.0,2,,2,2,8,0.008671,0.006701,0.014351
171,63,3.0,1,,2,2,8,0.01493,0.011538,0.02443
171,63,3.0,2,,2,2,8,0.0,0.0,0.0
171,64,3.0,1,,2,2,8,0.072285,0.055862,0.119066
171,64,3.0,2,,2,2,8,0.0,0.0,0.0
171,65,3.0,5,,2,2,8,0.002551,0.001971,0.0045
171,69,3.0,2,,2,2,8,0.010343,0.007993,0.018094
171,121,3.0,2,,2,2,6,0.0,0.0,0.0
171,122,3.0,3,,2,2,8,0.0,0.0,0.0
171,123,3.0,2,,2,2,6,0.0,0.0,0.0
171,124,3.0,2,,2,2,6,0.0,0.0,0.0
171,129,3.0,2,,2,2,6,0.0,0.0,0.0
171,131,3.0,5,,2,2,5,0.021525,0.016969,0.013163
171,132,3.0,2,,2,2,6,0.001132,0.000893,0.000941
171,139,3.0,2,,2,2,5,0.005309,0.004185,0.003849
171,171,3.0,1,,2,2,1,1.730864,11.74346,0.424653
171,171,3.0,3,,2,2,1,1.730864,1.862127,0.056622
171,172,3.0,1,,2,2,3,0.0,0.0,0.0
171,172,3.0,5,,2,2,3,0.119477,0.128538,0.0362
171,179,3.0,1,,2,2,2,0.399933,0.430263,0.095075
171,179,3.0,5,,2,2,2,0.290861,0.312919,0.065672
171,181,3.0,1,,2,2,1,0.0,0.0,0.0
171,182,3.0,1,,2,2,2,0.0,0.0,0.0
171,183,3.0,1,,2,2,2,0.0,0.0,0.0
171,183,3.0,5,,2,2,2,0.0,0.0,0.0
171,189,3.0,1,,2,2,2,0.0,0.0,0.0
171,189,3.0,5,,2,2,2,0.0,0.0,0.0
171,190,3.0,1,,2,2,3,0.01736,0.004018,0.001455
171,190,3.0,5,,2,2,3,0.0,0.0,0.0
171,241,3.0,2,,2,2,5,0.16613,0.173438,0.141176
171,242,3.0,2,,2,2,5,0.120177,0.125463,0.098413
171,249,3.0,2,,2,2,5,0.025948,0.02709,0.022789
171,251,3.0,5,,2,2,6,0.182949,0.204459,0.213864
171,259,3.0,2,,2,2,5,0.012595,0.014075,0.012878
171,271,3.0,1,,2,2,3,0.0,0.0,0.0
171,271,3.0,5,,2,2,3,0.021835,0.112649,0.051391
171,279,3.0,5,,2,2,4,0.00564,0.029098,0.016635
171,321,3.0,2,,2,2,7,0.0,0.0,0.0
171,329,3.0,2,,2,2,7,0.0,0.0,0.0
171,341,3.0,3,,2,2,7,0.477252,0.588716,0.915141
171,342,3.0,3,,2,2,7,0.079974,0.098652,0.171521
171,361,3.0,2,,2,2,5,0.040204,0.056066,0.0472
171,362,3.0,2,,2,2,4,0.042354,0.059065,0.032923
171,363,3.0,3,,2,2,7,0.0,0.0,0.0
171,363,3.0,5,,2,2,5,0.828068,1.154782,1.086295
171,364,3.0,2,,2,2,4,0.0,0.0,0.0
171,364,3.0,5,,2,2,4,0.041393,0.057725,0.036323
171,369,3.0,5,,2,2,5,0.064606,0.090096,0.068215
171,371,3.0,5,,2,2,5,0.0,0.0,0.0
171,372,3.0,5,,2,2,5,0.0,0.0,0.0
171,373,3.0,2,,2,2,6,0.0,0.0,0.0
171,379,3.0,2,,2,2,5,0.0,0.0,0.0
171,421,3.0,2,,2,2,5,0.0,0.0,0.0
171,422,3.0,2,,2,2,4,0.0,0.0,0.0
171,423,3.0,2,,2,2,5,0.0,0.0,0.0
171,429,3.0,2,,2,2,4,0.0,0.0,0.0
171,481,3.0,5,,2,2,6,0.013247,0.010209,0.011836
171,482,3.0,3,,2,2,6,0.001832,0.001412,0.002094
171,483,3.0,3,,2,2,7,0.002078,0.001601,0.002816
171,484,3.0,5,,2,2,5,0.050379,0.038823,0.037764
171,485,3.0,5,,2,2,6,0.002161,0.001665,0.002369
171,486,3.0,3,,2,2,7,0.0,0.0,0.0
171,486,3.0,5,,2,2,6,0.045033,0.034703,0.040108
171,487,3.0,5,,2,2,6,0.0,0.0,0.0
171,488,3.0,1,,2,2,6,0.010987,0.008467,0.010466
171,488,3.0,5,,2,2,6,0.0,0.0,0.0
171,489,3.0,3,,2,2,7,0.021268,0.016389,0.028692
171,511,3.0,5,,2,2,5,0.0,0.0,0.0
171,512,3.0,5,,2,2,5,0.0,0.0,0.0
171,513,3.0,5,,2,2,5,0.0,0.0,0.0
171,519,3.0,5,,2,2,5,0.0,0.0,0.0
171,531,3.0,2,,2,2,8,0.0,0.0,0.0
171,532,3.0,2,,2,2,8,0.0,0.0,0.0
171,539,3.0,2,,2,2,8,0.0,0.0,0.0
171,551,3.0,3,,2,2,2,0.0,0.0,0.0
171,559,3.0,3,,2,2,4,0.0,0.0,0.0
190,190,4.0,1,,2,2,2,0.0,0.0,0.0
190,190,4.0,4,,2,2,2,0.006337,0.000606,6.9e-05
212,363,4.0,4,,2,2,4,0.0,0.0,0.0
212,531,4.0,4,,2,2,7,0.0,0.0,0.0
212,532,4.0,4,,2,2,7,0.0,0.0,0.0
212,539,4.0,4,,2,2,7,0.0,0.0,0.0
219,182,4.0,1,,2,2,2,0.0,0.0,0.0
219,189,4.0,1,,2,2,2,0.0,0.0,0.0
223,221,3.0,3,,2,2,2,1.74524,6.017315,0.747396
223,222,3.0,1,,2,2,2,0.396698,1.367752,0.289066
223,223,3.0,1,,2,2,1,1.308566,8.878278,0.293301
223,223,3.0,3,,2,2,1,1.308566,4.51173,0.16778
223,229,3.0,1,,2,2,2,2.248656,7.753015,1.685124
223,229,3.0,3,,2,2,3,0.562319,1.938607,0.50737
223,471,3.0,2,,2,2,3,0.0,0.0,0.0
223,472,3.0,2,,2,2,4,0.0,0.0,0.0
223,473,3.0,2,,2,2,4,0.0,0.0,0.0
223,479,3.0,2,,2,2,4,0.0,0.0,0.0
223,481,3.0,5,,2,2,4,0.000987,0.00225,0.001205
223,484,3.0,5,,2,2,4,0.003754,0.008557,0.004501
223,486,3.0,3,,2,2,3,0.003565,0.008127,0.003459
223,488,3.0,5,,2,2,4,0.000819,0.001866,0.001081
223,489,3.0,1,,2,2,4,0.001721,0.003924,0.002434
229,471,3.0,2,,2,2,3,0.0,0.0,0.0
229,472,3.0,2,,2,2,4,0.0,0.0,0.0
229,473,3.0,2,,2,2,4,0.0,0.0,0.0
229,479,3.0,2,,2,2,4,0.0,0.0,0.0
241,20,3.0,5,,2,2,8,0.0,0.0,0.0
241,41,3.0,2,,2,2,8,0.0,0.0,0.0
241,42,3.0,2,,2,2,8,0.0,0.0,0.0
241,49,3.0,2,,2,2,8,0.0,0.0,0.0
241,61,3.0,2,,2,2,8,0.119576,0.11393,0.339471
241,62,3.0,2,,2,2,8,0.013497,0.01286,0.037638
241,63,3.0,2,,2,2,8,0.02324,0.022143,0.067423
241,64,3.0,2,,2,2,8,0.112518,0.107205,0.326322
241,65,3.0,5,,2,2,8,0.00397,0.003783,0.011652
241,69,3.0,2,,2,2,8,0.016099,0.015339,0.046711
241,121,3.0,2,,2,2,5,0.0,0.0,0.0
241,122,3.0,2,,2,2,6,0.0,0.0,0.0
241,123,3.0,2,,2,2,5,0.0,0.0,0.0
241,124,3.0,2,,2,2,5,0.0,0.0,0.0
241,129,3.0,2,,2,2,5,0.0,0.0,0.0
241,131,3.0,2,,2,2,4,0.0,0.0,0.0
241,132,3.0,2,,2,2,4,0.0,0.0,0.0
241,139,3.0,2,,2,2,5,0.0,0.0,0.0
241,171,3.0,1,,2,2,5,0.167169,0.148921,0.119765
241,171,3.0,2,,2,2,5,0.083584,0.07446,0.061998
241,172,3.0,2,,2,2,5,0.008654,0.00771,0.007614
241,179,3.0,1,,2,2,5,0.050038,0.044576,0.036338
241,241,3.0,1,,2,2,1,6.608931,22.063799,0.559811
241,241,4.0,1,,2,2,1,0.0,0.0,0.0
241,241,3.0,2,,2,2,1,0.734326,2.451533,0.09936
241,242,3.0,1,,2,2,1,5.312033,17.734127,0.842133
241,242,4.0,1,,2,2,1,0.0,0.0,0.0
241,249,3.0,1,,2,2,1,1.146971,3.829143,0.365727
241,251,3.0,2,,2,2,4,0.018485,0.020288,0.010875
241,259,3.0,2,,2,2,3,0.001273,0.001397,0.000591
241,261,3.0,2,,2,2,4,0.0,0.0,0.0
241,262,3.0,2,,2,2,5,0.0,0.0,0.0
241,269,3.0,2,,2,2,5,0.0,0.0,0.0
241,341,3.0,1,,2,2,2,0.0,0.0,0.0
241,342,3.0,2,,2,2,2,0.0,0.0,0.0
241,361,3.0,2,,2,2,3,0.01433,0.020797,0.008025
241,362,3.0,2,,2,2,4,0.015096,0.02191,0.011061
241,363,3.0,2,,2,2,3,0.295145,0.428355,0.116863
241,364,3.0,2,,2,2,4,0.014754,0.021413,0.011295
241,369,3.0,1,,2,2,3,0.023027,0.03342,0.01178
241,371,3.0,5,,2,2,3,0.0,0.0,0.0
241,372,3.0,5,,2,2,3,0.0,0.0,0.0
241,373,3.0,1,,2,2,3,0.0,0.0,0.0
241,379,3.0,1,,2,2,3,0.0,0.0,0.0
241,421,3.0,1,,2,2,2,2.85777,7.860582,0.902252
241,421,3.0,2,,2,2,2,0.0,0.0,0.0
241,422,3.0,1,,2,2,3,1.389276,3.821342,0.968996
241,422,3.0,2,,2,2,3,0.0,0.0,0.0
241,423,3.0,1,,2,2,2,0.412318,1.134123,0.209685
241,429,3.0,1,,2,2,2,1.626436,4.473675,0.848684
241,429,3.0,2,,2,2,3,0.180715,0.497075,0.12623
241,471,3.0,2,,2,2,6,0.0,0.0,0.0
241,472,3.0,2,,2,2,6,0.0,0.0,0.0
241,473,3.0,2,,2,2,4,0.0,0.0,0.0
241,479,3.0,2,,2,2,5,0.0,0.0,0.0
241,481,3.0,5,,2,2,8,0.103186,0.106154,0.247392
241,482,3.0,2,,2,2,6,0.014268,0.014679,0.021558
241,483,3.0,2,,2,2,7,0.016184,0.01665,0.029593
241,484,3.0,5,,2,2,8,0.39241,0.403699,0.882044
241,485,3.0,5,,2,2,8,0.016831,0.017315,0.051137
241,486,3.0,2,,2,2,7,0.35077,0.360861,0.564408
241,487,3.0,5,,2,2,8,0.005062,0.005208,0.01305
241,488,3.0,5,,2,2,8,0.085581,0.088043,0.208796
241,489,3.0,2,,2,2,7,0.16566,0.170426,0.284579
241,511,3.0,2,,2,2,2,0.073032,0.072175,0.012537
241,512,3.0,1,,2,2,2,0.070023,0.069202,0.014435
241,513,3.0,1,,2,2,1,0.235329,0.232568,0.017976
241,519,3.0,1,,2,2,2,0.086088,0.085078,0.019672
251,121,3.0,2,,2,2,6,0.0,0.0,0.0
251,122,3.0,2,,2,2,7,0.0,0.0,0.0
251,123,3.0,2,,2,2,6,0.0,0.0,0.0
251,124,3.0,2,,2,2,7,0.0,0.0,0.0
251,129,3.0,2,,2,2,7,0.0,0.0,0.0
251,241,3.0,2,,2,2,4,0.0,0.0,0.0
251,242,3.0,2,,2,2,4,0.0,0.0,0.0
251,249,3.0,2,,2,2,4,0.0,0.0,0.0
251,251,3.0,1,,2,2,1,0.605995,0.683041,0.029088
251,251,3.0,2,,2,2,1,0.150929,0.170115,0.008827
251,259,3.0,1,,2,2,2,0.051952,0.058556,0.006386
251,341,3.0,2,,2,2,3,0.032603,0.03986,0.014423
251,342,3.0,2,,2,2,3,0.005463,0.006679,0.003025
251,363,3.0,2,,2,2,3,0.015234,0.017252,0.005506
251,369,3.0,2,,2,2,3,0.001189,0.001346,0.000518
251,371,3.0,2,,2,2,5,0.0,0.0,0.0
251,372,3.0,2,,2,2,5,0.0,0.0,0.0
251,373,3.0,2,,2,2,5,0.0,0.0,0.0
251,379,3.0,2,,2,2,5,0.0,0.0,0.0
251,481,3.0,2,,2,2,8,0.0,0.0,0.0
251,484,3.0,2,,2,2,7,0.0,0.0,0.0
251,486,3.0,2,,2,2,8,0.0,0.0,0.0
251,488,3.0,2,,2,2,8,0.0,0.0,0.0
251,489,3.0,2,,2,2,8,0.0,0.0,0.0
251,531,3.0,2,,2,2,8,0.0,0.0,0.0
251,532,3.0,2,,2,2,8,0.0,0.0,0.0
251,539,3.0,2,,2,2,8,0.0,0.0,0.0
261,171,3.0,3,,2,2,4,0.0,0.0,0.0
261,172,3.0,2,,2,2,4,0.0,0.0,0.0
261,179,3.0,2,,2,2,3,0.0,0.0,0.0
261,251,3.0,2,,2,2,5,0.036971,0.040576,0.036412
261,259,3.0,2,,2,2,5,0.002545,0.002793,0.002155
261,261,3.0,1,,2,2,1,0.162865,0.177075,0.00666
261,261,3.0,5,,2,2,1,0.0,0.0,0.0
261,262,3.0,1,,2,2,2,0.040571,0.04411,0.007289
261,269,3.0,1,,2,2,2,0.032175,0.034982,0.00759
261,269,3.0,2,,2,2,2,0.032175,0.034982,0.008402
261,341,3.0,2,,2,2,5,0.0,0.0,0.0
261,342,3.0,2,,2,2,5,0.0,0.0,0.0
261,361,3.0,2,,2,2,4,0.002083,0.002513,0.001742
261,362,3.0,2,,2,2,3,0.002195,0.002647,0.001057
261,363,3.0,2,,2,2,5,0.04291,0.051757,0.040707
261,364,3.0,2,,2,2,3,0.002145,0.002587,0.001237
261,369,3.0,1,,2,2,4,0.0,0.0,0.0
261,369,3.0,5,,2,2,4,0.003348,0.004038,0.002362
261,421,3.0,2,,2,2,4,0.0,0.0,0.0
261,422,3.0,2,,2,2,3,0.0,0.0,0.0
261,423,3.0,2,,2,2,4,0.0,0.0,0.0
261,429,3.0,2,,2,2,4,0.0,0.0,0.0
261,471,3.0,2,,2,2,5,0.0,0.0,0.0
261,472,3.0,2,,2,2,4,0.0,0.0,0.0
261,473,3.0,2,,2,2,4,0.0,0.0,0.0
261,479,3.0,2,,2,2,4,0.0,0.0,0.0
261,481,3.0,2,,2,2,6,0.0,0.0,0.0
261,484,3.0,2,,2,2,6,0.0,0.0,0.0
261,486,3.0,2,,2,2,6,0.0,0.0,0.0
261,488,3.0,2,,2,2,7,0.0,0.0,0.0
261,489,3.0,2,,2,2,6,0.0,0.0,0.0
261,511,3.0,2,,2,2,5,0.002227,0.003406,0.002621
261,512,3.0,2,,2,2,5,0.002136,0.003265,0.00277
261,513,3.0,2,,2,2,4,0.007177,0.010974,0.007653
261,519,3.0,2,,2,2,4,0.002626,0.004015,0.002671
261,531,3.0,2,,2,2,8,0.0,0.0,0.0
261,532,3.0,2,,2,2,8,0.0,0.0,0.0
261,539,3.0,2,,2,2,8,0.0,0.0,0.0
262,363,3.0,2,,2,2,5,0.0,0.0,0.0
341,41,3.0,5,,2,2,8,0.121832,0.182183,0.633895
341,42,3.0,5,,2,2,8,0.019821,0.029639,0.100775
341,49,3.0,5,,2,2,8,0.014355,0.021467,0.064411
341,50,3.0,3,,2,2,8,0.082596,0.064141,0.168691
341,61,3.0,1,,2,2,8,0.0,0.0,0.0
341,61,3.0,5,,2,2,8,0.822644,0.731656,3.796003
341,62,3.0,2,,2,2,8,0.092856,0.082586,0.251922
341,63,3.0,2,,2,2,8,0.0,0.0,0.0
341,63,3.0,5,,2,2,8,0.159886,0.142202,0.821442
341,64,3.0,5,,2,2,8,0.774085,0.688468,4.077197
341,65,3.0,5,,2,2,8,0.027314,0.024293,0.083418
341,69,3.0,5,,2,2,8,0.110757,0.098507,0.375449
341,81,3.0,1,,2,2,7,0.020682,0.00659,0.012142
341,89,3.0,1,,2,2,7,0.006983,0.002105,0.003967
341,91,3.0,1,,2,2,2,0.006925,0.010928,0.001693
341,92,3.0,1,,2,2,2,0.008895,0.014038,0.001456
341,92,3.0,2,,2,2,2,0.001977,0.003119,0.000751
341,92,3.0,5,,2,2,2,0.000988,0.00156,0.000184
341,99,3.0,1,,2,2,2,0.001411,0.002227,0.000403
341,99,3.0,5,,2,2,2,0.0,0.0,0.0
341,101,3.0,1,,2,2,2,0.0,0.0,0.0
341,109,3.0,1,,2,2,2,0.0,0.0,0.0
341,121,3.0,1,,2,2,6,0.009836,0.011068,0.011124
341,122,3.0,3,,2,2,6,0.041114,0.046263,0.051737
341,123,3.0,1,,2,2,6,0.009693,0.010906,0.012083
341,123,3.0,5,,2,2,6,0.009693,0.010906,0.012033
341,124,3.0,1,,2,2,6,0.019329,0.02175,0.025656
341,129,3.0,1,,2,2,6,0.025466,0.028656,0.033185
341,131,3.0,1,,2,2,5,0.039207,0.034532,0.029933
341,132,3.0,2,,2,2,5,0.002062,0.001816,0.001545
341,139,3.0,2,,2,2,5,0.009669,0.008516,0.008117
341,171,3.0,1,,2,2,5,0.192625,0.208226,0.182275
341,171,3.0,2,,2,2,5,0.0,0.0,0.0
341,171,3.0,5,,2,2,5,0.064208,0.069409,0.065747
341,172,3.0,1,,2,2,5,0.002955,0.003194,0.003108
341,172,3.0,2,,2,2,6,0.00591,0.006388,0.006937
341,172,3.0,5,,2,2,6,0.0,0.0,0.0
341,179,3.0,1,,2,2,5,0.034168,0.036935,0.034577
341,179,3.0,2,,2,2,6,0.008542,0.009234,0.009661
341,179,3.0,5,,2,2,6,0.008542,0.009234,0.009733
341,181,3.0,1,,2,2,5,0.002457,0.002274,0.001798
341,182,3.0,1,,2,2,4,0.005221,0.004832,0.003539
341,182,3.0,5,,2,2,5,0.005221,0.004832,0.00435
341,183,3.0,2,,2,2,5,0.0,0.0,0.0
341,189,3.0,2,,2,2,5,0.002256,0.002088,0.001902
341,189,3.0,5,,2,2,5,0.006769,0.006264,0.005801
341,190,3.0,1,,2,2,6,0.039077,0.028409,0.033597
341,190,3.0,2,,2,2,6,0.019539,0.014204,0.017853
341,201,3.0,1,,2,2,6,0.001362,0.000974,0.001221
341,201,3.0,5,,2,2,6,0.001362,0.000974,0.00134
341,202,3.0,1,,2,2,6,0.00136,0.000973,0.00139
341,209,3.0,2,,2,2,7,0.0,0.0,0.0
341,241,3.0,1,,2,2,2,0.100215,0.105515,0.020016
341,241,3.0,5,,2,2,2,0.0,0.0,0.0
341,242,3.0,1,,2,2,2,0.072494,0.076328,0.018055
341,249,3.0,1,,2,2,2,0.015761,0.016563,0.003739
341,251,3.0,1,,2,2,3,0.516074,0.531228,0.134039
341,251,3.0,5,,2,2,3,0.057342,0.059025,0.017534
341,259,3.0,1,,2,2,2,0.032298,0.033247,0.008302
341,259,3.0,2,,2,2,2,0.003589,0.003694,0.000922
341,259,3.0,5,,2,2,2,0.003589,0.003694,0.000876
341,261,3.0,1,,2,2,4,0.0461,0.04422,0.027615
341,261,3.0,5,,2,2,5,0.030734,0.02948,0.022688
341,262,3.0,1,,2,2,4,0.019998,0.018973,0.014189
341,269,3.0,1,,2,2,5,0.015179,0.01456,0.011645
341,269,3.0,2,,2,2,5,0.015179,0.01456,0.014474
341,271,3.0,1,,2,2,6,0.061926,0.055462,0.075781
341,271,3.0,2,,2,2,6,0.020642,0.018487,0.025303
341,271,3.0,5,,2,2,6,0.041284,0.036975,0.050748
341,279,3.0,1,,2,2,6,0.031991,0.028652,0.041096
341,291,3.0,1,,2,2,6,0.022946,0.037826,0.046367
341,291,3.0,5,,2,2,6,0.0,0.0,0.0
341,292,3.0,1,,2,2,6,0.045411,0.074858,0.075785
341,299,3.0,1,,2,2,6,0.00586,0.00966,0.011037
341,299,3.0,2,,2,2,6,0.01172,0.019319,0.024329
341,299,3.0,5,,2,2,6,0.006796,0.01037,0.013486
341,311,3.0,2,,2,2,6,0.0,0.0,0.0
341,319,3.0,2,,2,2,7,0.0,0.0,0.0
341,321,3.0,2,,2,2,8,0.0,0.0,0.0
341,329,3.0,2,,2,2,8,0.0,0.0,0.0
341,331,3.0,1,,2,2,3,0.0,0.0,0.0
341,339,3.0,1,,2,2,3,0.0,0.0,0.0
341,341,3.0,1,,2,2,1,22.598492,23.427008,0.773113
341,341,4.0,1,,2,2,1,0.0,0.0,0.0
341,341,3.0,2,,2,2,1,1.614178,4.522371,0.174516
341,341,3.0,3,,2,2,1,0.538059,0.557786,0.048501
341,341,3.0,5,,2,2,1,0.0,0.0,0.0
341,342,3.0,1,,2,2,1,3.770463,3.908698,0.369816
341,342,4.0,1,,2,2,1,0.0,0.0,0.0
341,342,3.0,5,,2,2,2,0.377046,0.39087,0.042963
341,361,3.0,1,,2,2,2,0.750018,0.746725,0.139538
341,361,3.0,5,,2,2,2,0.107145,0.106672,0.02262
341,362,3.0,1,,2,2,3,0.790135,0.786649,0.292786
341,362,3.0,5,,2,2,3,0.112879,0.112394,0.053236
341,363,3.0,1,,2,2,1,16.296818,16.225252,0.829797
341,363,4.0,1,,2,2,1,0.0,0.0,0.0
341,363,3.0,2,,2,2,1,1.358063,1.352071,0.100961
341,364,3.0,1,,2,2,3,0.882529,0.878652,0.277409
341,364,3.0,5,,2,2,3,0.0,0.0,0.0
341,369,3.0,1,,2,2,3,1.377427,1.371376,0.345776
341,369,4.0,1,,2,2,3,0.0,0.0,0.0
341,369,3.0,5,,2,2,3,0.0,0.0,0.0
341,371,3.0,1,,2,2,4,0.004867,0.00733,0.0046
341,372,3.0,1,,2,2,4,0.0,0.0,0.0
341,372,3.0,5,,2,2,4,0.003413,0.004685,0.002541
341,373,3.0,1,,2,2,4,0.004202,0.006329,0.003357
341,379,3.0,1,,2,2,4,0.0,0.0,0.0
341,379,3.0,2,,2,2,4,0.004037,0.006081,0.003571
341,380,3.0,1,,2,2,7,0.098274,0.111273,0.202633
341,380,3.0,5,,2,2,7,0.0,0.0,0.0
341,391,3.0,1,,2,2,4,0.013319,0.012667,0.008125
341,392,3.0,1,,2,2,3,0.022909,0.021787,0.009856
341,393,3.0,1,,2,2,4,0.015918,0.015139,0.008201
341,393,3.0,2,,2,2,4,0.0,0.0,0.0
341,394,3.0,1,,2,2,4,0.006058,0.005761,0.003564
341,399,3.0,1,,2,2,4,0.008715,0.008288,0.004402
341,399,3.0,2,,2,2,4,0.002179,0.002072,0.001333
341,399,3.0,5,,2,2,4,0.002179,0.002072,0.001373
341,411,3.0,2,,2,2,8,0.0,0.0,0.0
341,411,3.0,5,,2,2,8,0.107181,0.10016,0.319363
341,419,3.0,2,,2,2,8,0.034251,0.032007,0.100965
341,421,3.0,1,,2,2,1,0.056606,0.049469,0.004127
341,421,3.0,5,,2,2,1,0.009434,0.008245,0.000742
341,422,3.0,1,,2,2,3,0.018346,0.016033,0.005759
341,422,3.0,2,,2,2,3,0.004586,0.004008,0.001694
341,422,3.0,5,,2,2,3,0.009173,0.008016,0.003406
341,423,3.0,1,,2,2,1,0.009528,0.008327,0.000678
341,423,3.0,5,,2,2,1,0.0,0.0,0.0
341,429,3.0,1,,2,2,2,0.038549,0.033689,0.007324
341,429,3.0,2,,2,2,3,0.003212,0.002807,0.000779
341,429,3.0,5,,2,2,3,0.0,0.0,0.0
341,441,3.0,1,,2,2,2,0.0,0.0,0.0
341,471,3.0,1,,2,2,6,0.001267,0.0007,0.000748
341,471,3.0,3,,2,2,8,0.05552,0.028478,0.075135
341,472,3.0,1,,2,2,5,0.111647,0.057364,0.050966
341,473,3.0,1,,2,2,4,0.042774,0.02194,0.015323
341,479,3.0,1,,2,2,5,0.002669,0.001474,0.001256
341,479,3.0,3,,2,2,8,0.074119,0.038018,0.097895
341,481,3.0,5,,2,2,8,0.392455,0.282697,0.686569
341,482,3.0,1,,2,2,7,0.054268,0.039091,0.060036
341,483,3.0,2,,2,2,7,0.062338,0.045065,0.089201
341,484,3.0,1,,2,2,7,1.492486,1.075083,1.664797
341,485,3.0,5,,2,2,8,0.064013,0.046111,0.140707
341,486,3.0,1,,2,2,7,0.0,0.0,0.0
341,486,3.0,2,,2,2,7,1.33411,0.961001,1.699525
341,487,3.0,5,,2,2,8,0.019253,0.013869,0.036113
341,488,3.0,5,,2,2,8,0.325496,0.234465,0.579048
341,489,3.0,1,,2,2,7,0.630067,0.453857,0.777886
341,491,3.0,1,,2,2,8,0.0,0.0,0.0
341,499,3.0,2,,2,2,8,0.0,0.0,0.0
341,511,3.0,1,,2,2,3,0.031929,0.034095,0.012131
341,511,3.0,5,,2,2,3,0.031929,0.034095,0.01328
341,512,3.0,1,,2,2,3,0.061228,0.06538,0.025567
341,513,3.0,2,,2,2,3,0.20577,0.219725,0.057437
341,519,3.0,1,,2,2,3,0.076059,0.081105,0.033774
341,531,3.0,5,,2,2,8,0.751266,0.738565,2.298238
341,532,3.0,2,,2,2,8,0.047875,0.047066,0.147997
341,539,3.0,5,,2,2,8,0.15173,0.149165,0.489241
341,551,3.0,1,,2,2,5,0.0,0.0,0.0
341,551,3.0,5,,2,2,6,0.0,0.0,0.0
341,559,3.0,1,,2,2,6,0.0,0.0,0.0
341,559,3.0,2,,2,2,6,0.0,0.0,0.0
341,559,3.0,5,,2,2,6,0.0,0.0,0.0
363,61,3.0,2,,2,2,8,0.0,0.0,0.0
363,62,3.0,2,,2,2,8,0.0,0.0,0.0
363,63,3.0,5,,2,2,8,0.0,0.0,0.0
363,64,3.0,5,,2,2,8,0.0,0.0,0.0
363,65,3.0,5,,2,2,8,0.0,0.0,0.0
363,69,3.0,2,,2,2,8,0.0,0.0,0.0
363,91,3.0,1,,2,2,2,0.0,0.0,0.0
363,92,3.0,1,,2,2,1,0.0,0.0,0.0
363,99,3.0,1,,2,2,2,0.0,0.0,0.0
363,122,3.0,3,,2,2,6,0.0,0.0,0.0
363,123,3.0,2,,2,2,6,0.0,0.0,0.0
363,124,3.0,2,,2,2,6,0.0,0.0,0.0
363,129,3.0,2,,2,2,6,0.0,0.0,0.0
363,241,3.0,1,,2,2,2,0.0,0.0,0.0
363,242,3.0,2,,2,2,3,0.0,0.0,0.0
363,249,3.0,1,,2,2,3,0.0,0.0,0.0
363,251,3.0,1,,2,2,2,0.0,0.0,0.0
363,261,3.0,2,,2,2,5,0.0,0.0,0.0
363,262,3.0,2,,2,2,5,0.0,0.0,0.0
363,269,3.0,2,,2,2,6,0.0,0.0,0.0
363,341,3.0,1,,2,2,1,0.0,0.0,0.0
363,341,4.0,1,,2,2,1,0.0,0.0,0.0
363,342,3.0,1,,2,2,2,0.0,0.0,0.0
363,342,4.0,1,,2,2,2,0.0,0.0,0.0
363,342,3.0,5,,2,2,2,0.0,0.0,0.0
363,361,3.0,1,,2,2,2,0.0,0.0,0.0
363,362,3.0,1,,2,2,3,0.0,0.0,0.0
363,363,3.0,1,,2,2,1,0.0,0.0,0.0
363,363,4.0,1,,2,2,1,0.0,0.0,0.0
363,363,3.0,5,,2,2,1,0.0,0.0,0.0
363,364,3.0,1,,2,2,3,0.0,0.0,0.0
363,369,3.0,1,,2,2,3,0.0,0.0,0.0
363,369,3.0,5,,2,2,3,0.0,0.0,0.0
363,371,3.0,2,,2,2,4,0.0,0.0,0.0
363,372,3.0,2,,2,2,4,0.0,0.0,0.0
363,373,3.0,2,,2,2,4,0.0,0.0,0.0
363,379,3.0,2,,2,2,4,0.0,0.0,0.0
363,421,3.0,1,,2,2,2,0.0,0.0,0.0
363,421,3.0,5,,2,2,2,0.0,0.0,0.0
363,422,3.0,1,,2,2,3,0.0,0.0,0.0
363,423,3.0,1,,2,2,1,0.0,0.0,0.0
363,429,3.0,1,,2,2,2,0.0,0.0,0.0
363,471,3.0,2,,2,2,6,0.0,0.0,0.0
363,472,3.0,2,,2,2,6,0.0,0.0,0.0
363,473,3.0,2,,2,2,4,0.0,0.0,0.0
363,479,3.0,2,,2,2,6,0.0,0.0,0.0
363,481,3.0,2,,2,2,7,0.0,0.0,0.0
363,484,3.0,2,,2,2,7,0.0,0.0,0.0
363,486,3.0,2,,2,2,7,0.0,0.0,0.0
363,488,3.0,2,,2,2,7,0.0,0.0,0.0
363,489,3.0,2,,2,2,7,0.0,0.0,0.0
363,513,3.0,1,,2,2,3,0.0,0.0,0.0
363,519,3.0,2,,2,2,3,0.0,0.0,0.0
363,531,3.0,2,,2,2,8,0.0,0.0,0.0
363,532,3.0,2,,2,2,8,0.0,0.0,0.0
363,539,3.0,2,,2,2,8,0.0,0.0,0.0
371,452,4.0,1,,2,2,2,0.0,0.0,0.0
371,459,4.0,1,,2,2,2,0.0,0.0,0.0
379,311,3.0,2,,2,2,7,0.0,0.0,0.0
379,319,3.0,2,,2,2,7,0.0,0.0,0.0
379,341,3.0,2,,2,2,4,0.0,0.0,0.0
379,342,3.0,2,,2,2,4,0.0,0.0,0.0
379,371,3.0,1,,2,2,2,1.868797,7.401559,1.815204
379,372,3.0,1,,2,2,2,1.009507,3.998256,0.939352
379,373,3.0,1,,2,2,2,1.613431,6.390158,1.01204
379,379,3.0,1,,2,2,2,1.550298,6.140111,1.147912
379,379,3.0,5,,2,2,2,0.0,0.0,0.0
392,391,3.0,2,,2,2,3,0.0,0.0,0.0
392,392,3.0,1,,2,2,1,0.0,0.0,0.0
392,393,3.0,1,,2,2,2,0.0,0.0,0.0
392,394,3.0,1,,2,2,2,0.0,0.0,0.0
392,399,3.0,1,,2,2,2,0.0,0.0,0.0
401,401,4.0,1,,2,2,1,0.006403,0.000542,1.6e-05
401,402,4.0,1,,2,2,2,0.005884,0.000498,6.3e-05
401,409,4.0,1,,2,2,2,0.003495,0.000296,4e-05
402,401,4.0,1,,2,2,2,0.001684,0.000143,1.7e-05
402,402,4.0,1,,2,2,1,0.001001,8.5e-05,3e-06
411,61,3.0,3,,2,2,6,0.0,0.0,0.0
411,63,3.0,3,,2,2,6,0.0,0.0,0.0
411,64,3.0,3,,2,2,5,0.0,0.0,0.0
411,69,3.0,2,,2,2,4,0.0,0.0,0.0
411,380,3.0,2,,2,2,7,0.0,0.0,0.0
411,411,3.0,1,,2,2,1,0.0,0.0,0.0
411,411,3.0,2,,2,2,1,0.0,0.0,0.0
411,411,3.0,3,,2,2,1,0.0,0.0,0.0
411,419,3.0,1,,2,2,2,0.0,0.0,0.0
421,61,3.0,2,,2,2,8,0.227543,0.237276,0.719881
421,61,4.0,4,,2,2,8,0.0,0.0,0.0
421,62,3.0,2,,2,2,8,0.025684,0.026783,0.080115
421,62,4.0,4,,2,2,8,0.0,0.0,0.0
421,63,3.0,2,,2,2,8,0.044224,0.046116,0.142814
421,63,4.0,4,,2,2,8,0.0,0.0,0.0
421,64,4.0,4,,2,2,8,0.0,0.0,0.0
421,64,3.0,5,,2,2,8,0.214111,0.22327,1.25729
421,65,3.0,5,,2,2,8,0.007555,0.007878,0.024703
421,69,3.0,2,,2,2,8,0.030635,0.031946,0.099217
421,69,4.0,4,,2,2,8,0.0,0.0,0.0
421,341,3.0,1,,2,2,1,0.0,0.0,0.0
421,342,3.0,1,,2,2,1,0.0,0.0,0.0
421,361,3.0,2,,2,2,3,0.0,0.0,0.0
421,362,3.0,2,,2,2,3,0.0,0.0,0.0
421,363,3.0,3,,2,2,3,0.0,0.0,0.0
421,364,3.0,2,,2,2,3,0.0,0.0,0.0
421,369,3.0,1,,2,2,3,0.0,0.0,0.0
421,421,3.0,1,,2,2,1,7.848354,8.075905,0.198349
421,421,3.0,2,,2,2,1,3.462509,21.92337,0.703181
421,421,3.0,3,,2,2,1,3.462509,3.562899,0.077841
421,422,3.0,1,,2,2,3,7.181925,7.390155,2.419387
421,423,3.0,1,,2,2,1,2.131498,2.193298,0.186075
421,429,3.0,1,,2,2,2,9.342151,9.613013,1.857325
421,531,4.0,4,,2,2,8,0.0,0.0,0.0
451,41,3.0,5,,2,2,8,0.015879,0.010956,0.031491
451,42,3.0,5,,2,2,8,0.00302,0.001877,0.005246
451,49,3.0,5,,2,2,8,0.002281,0.00162,0.004325
451,61,3.0,5,,2,2,8,0.014177,0.006449,0.030187
451,62,3.0,2,,2,2,8,0.0016,0.000728,0.002206
451,63,3.0,2,,2,2,8,0.002826,0.001304,0.003912
451,64,3.0,2,,2,2,8,0.013509,0.006252,0.019858
451,65,3.0,2,,2,2,8,0.0,0.0,0.0
451,69,3.0,2,,2,2,8,0.002932,0.001677,0.005149
451,91,3.0,2,,2,2,6,0.0,0.0,0.0
451,92,3.0,2,,2,2,6,0.0,0.0,0.0
451,99,3.0,2,,2,2,6,0.0,0.0,0.0
451,121,3.0,2,,2,2,3,0.0,0.0,0.0
451,122,3.0,1,,2,2,4,0.0,0.0,0.0
451,123,3.0,1,,2,2,3,0.0,0.0,0.0
451,124,3.0,2,,2,2,3,0.0,0.0,0.0
451,129,3.0,1,,2,2,3,0.0,0.0,0.0
451,129,3.0,5,,2,2,4,0.0,0.0,0.0
451,131,3.0,1,,2,2,3,0.037262,0.036549,0.011799
451,132,3.0,2,,2,2,2,0.002737,0.002497,0.000394
451,139,3.0,1,,2,2,3,0.009088,0.008802,0.002453
451,171,3.0,2,,2,2,6,0.0,0.0,0.0
451,179,3.0,2,,2,2,6,0.0,0.0,0.0
451,219,3.0,2,,2,2,4,0.0,0.0,0.0
451,221,3.0,2,,2,2,5,0.0,0.0,0.0
451,222,3.0,2,,2,2,6,0.0,0.0,0.0
451,223,3.0,2,,2,2,5,0.0,0.0,0.0
451,229,3.0,2,,2,2,6,0.0,0.0,0.0
451,341,3.0,1,,2,2,5,0.0,0.0,0.0
451,341,3.0,2,,2,2,4,0.002229,0.001531,0.00113
451,342,3.0,2,,2,2,4,0.0,0.0,0.0
451,361,3.0,2,,2,2,5,0.0,0.0,0.0
451,362,3.0,2,,2,2,6,0.0,0.0,0.0
451,363,3.0,1,,2,2,5,0.0,0.0,0.0
451,363,3.0,2,,2,2,5,0.001583,0.001947,0.001577
451,364,3.0,1,,2,2,5,0.0,0.0,0.0
451,369,3.0,1,,2,2,5,0.0,0.0,0.0
451,369,3.0,2,,2,2,6,0.0,0.0,0.0
451,371,3.0,1,,2,2,2,0.011582,0.006833,0.00153
451,372,3.0,1,,2,2,3,0.006074,0.003671,0.001061
451,373,3.0,1,,2,2,3,0.009708,0.005867,0.00167
451,373,3.0,5,,2,2,3,0.0,0.0,0.0
451,379,3.0,1,,2,2,3,0.009328,0.005637,0.001601
451,451,3.0,1,,2,2,1,0.021372,0.025773,0.000432
451,451,3.0,2,,2,2,1,0.003865,0.004674,0.000121
451,452,3.0,1,,2,2,2,0.04166,0.050377,0.01043
451,452,3.0,2,,2,2,2,0.003618,0.004314,0.001066
451,459,3.0,1,,2,2,2,0.056909,0.068657,0.008314
451,459,3.0,2,,2,2,2,0.003331,0.004028,0.000529
451,459,3.0,5,,2,2,2,0.006662,0.008055,0.001056
451,471,3.0,1,,2,2,4,0.009669,0.010248,0.00733
451,471,3.0,2,,2,2,5,0.002016,0.002103,0.001772
451,471,3.0,5,,2,2,5,0.002141,0.002212,0.001866
451,472,3.0,1,,2,2,4,0.026531,0.028161,0.015717
451,472,3.0,5,,2,2,4,0.0,0.0,0.0
451,473,3.0,1,,2,2,3,0.010553,0.011049,0.004097
451,473,3.0,5,,2,2,4,0.0,0.0,0.0
451,479,3.0,1,,2,2,4,0.010804,0.011469,0.006086
451,479,3.0,2,,2,2,4,0.00377,0.003842,0.002325
451,479,3.0,5,,2,2,4,0.003601,0.003823,0.002432
451,484,3.0,5,,2,2,7,0.00342,0.002702,0.004928
451,486,3.0,2,,2,2,6,0.003057,0.002416,0.003002
451,489,3.0,2,,2,2,6,0.001444,0.001141,0.001677
451,531,3.0,5,,2,2,8,0.042285,0.033635,0.224591
451,532,3.0,2,,2,2,8,0.002827,0.002148,0.00674
451,539,3.0,2,,2,2,8,0.008445,0.00675,0.02062
452,363,4.0,4,,2,2,4,0.0,0.0,0.0
486,41,3.0,1,,2,2,6,0.188584,0.267063,0.311103
486,42,3.0,1,,2,2,6,0.03068,0.043448,0.047114
486,49,3.0,1,,2,2,6,0.022221,0.031468,0.037401
486,61,3.0,1,,2,2,7,0.256584,0.21593,0.330255
486,61,3.0,5,,2,2,7,0.256584,0.21593,0.352054
486,62,3.0,1,,2,2,7,0.057924,0.048746,0.095712
486,63,3.0,1,,2,2,6,0.099737,0.083934,0.123699
486,64,3.0,1,,2,2,7,0.448386,0.377341,0.726958
486,64,3.0,5,,2,2,8,0.034491,0.029026,0.059617
486,65,3.0,1,,2,2,7,0.017039,0.014339,0.025537
486,69,3.0,1,,2,2,7,0.069091,0.058144,0.108958
486,121,3.0,2,,2,2,5,0.0,0.0,0.0
486,122,3.0,3,,2,2,6,0.0,0.0,0.0
486,123,3.0,2,,2,2,6,0.0,0.0,0.0
486,124,3.0,2,,2,2,6,0.0,0.0,0.0
486,129,3.0,5,,2,2,5,0.0,0.0,0.0
486,131,3.0,1,,2,2,5,0.018515,0.02361,0.019594
486,132,3.0,2,,2,2,6,0.000974,0.001242,0.001368
486,139,3.0,2,,2,2,5,0.004566,0.005823,0.005641
486,171,3.0,1,,2,2,6,0.017806,0.018177,0.019926
486,172,3.0,1,,2,2,5,0.0,0.0,0.0
486,179,3.0,1,,2,2,5,0.002606,0.002739,0.002588
486,179,3.0,5,,2,2,6,0.001523,0.001555,0.001594
486,181,3.0,2,,2,2,6,0.0,0.0,0.0
486,182,3.0,2,,2,2,6,0.0,0.0,0.0
486,183,3.0,2,,2,2,6,0.0,0.0,0.0
486,189,3.0,2,,2,2,6,0.0,0.0,0.0
486,221,3.0,1,,2,2,3,0.005064,0.005862,0.001726
486,223,3.0,1,,2,2,3,0.007593,0.008791,0.003117
486,229,3.0,1,,2,2,3,0.007136,0.008261,0.002388
486,229,3.0,2,,2,2,3,0.001019,0.00118,0.000335
486,241,3.0,2,,2,2,7,0.0,0.0,0.0
486,242,3.0,2,,2,2,7,0.0,0.0,0.0
486,249,3.0,2,,2,2,7,0.0,0.0,0.0
486,251,3.0,2,,2,2,8,0.076349,0.081316,0.16333
486,259,3.0,2,,2,2,7,0.005256,0.005598,0.010538
486,261,3.0,2,,2,2,6,0.0,0.0,0.0
486,262,3.0,2,,2,2,6,0.0,0.0,0.0
486,269,3.0,2,,2,2,6,0.0,0.0,0.0
486,271,3.0,2,,2,2,6,0.0,0.0,0.0
486,271,4.0,4,,2,2,6,0.0,0.0,0.0
486,279,3.0,2,,2,2,7,0.0,0.0,0.0
486,279,4.0,4,,2,2,6,0.0,0.0,0.0
486,341,3.0,1,,2,2,7,0.278107,0.334809,0.54837
486,342,3.0,1,,2,2,7,0.046603,0.056104,0.088655
486,350,3.0,1,,2,2,5,0.013455,0.004441,0.00371
486,361,3.0,2,,2,2,7,0.009048,0.009963,0.018024
486,362,3.0,1,,2,2,7,0.009532,0.010496,0.015844
486,363,3.0,1,,2,2,7,0.0,0.0,0.0
486,363,3.0,2,,2,2,7,0.186365,0.205215,0.373047
486,364,3.0,1,,2,2,7,0.009316,0.010258,0.016476
486,369,3.0,2,,2,2,7,0.01454,0.016011,0.027608
486,371,3.0,2,,2,2,6,0.0,0.0,0.0
486,372,3.0,2,,2,2,6,0.0,0.0,0.0
486,373,3.0,2,,2,2,6,0.0,0.0,0.0
486,379,3.0,2,,2,2,6,0.0,0.0,0.0
486,421,3.0,2,,2,2,7,0.0,0.0,0.0
486,422,3.0,2,,2,2,7,0.0,0.0,0.0
486,423,3.0,2,,2,2,7,0.0,0.0,0.0
486,429,3.0,2,,2,2,7,0.0,0.0,0.0
486,451,3.0,3,,2,2,7,0.0,0.0,0.0
486,452,3.0,2,,2,2,6,0.0,0.0,0.0
486,459,3.0,2,,2,2,6,0.0,0.0,0.0
486,471,3.0,3,,2,2,5,0.0,0.0,0.0
486,472,3.0,3,,2,2,6,0.0,0.0,0.0
486,473,3.0,1,,2,2,5,0.0,0.0,0.0
486,479,3.0,3,,2,2,6,0.0,0.0,0.0
486,481,3.0,1,,2,2,2,1.78408,1.902329,0.317904
486,481,4.0,1,,2,2,2,0.0,0.0,0.0
486,482,3.0,1,,2,2,2,0.211456,0.225472,0.024231
486,482,3.0,2,,2,2,2,0.0,0.0,0.0
486,482,3.0,3,,2,2,2,0.0,0.0,0.0
486,482,3.0,5,,2,2,2,0.035243,0.037579,0.00385
486,483,3.0,1,,2,2,2,0.279821,0.298367,0.06703
486,483,3.0,3,,2,2,3,0.0,0.0,0.0
486,484,3.0,1,,2,2,3,4.848064,5.16788,1.422423
486,484,4.0,1,,2,2,3,0.0,0.0,0.0
486,484,3.0,2,,2,2,3,1.292337,1.377993,0.428348
486,484,3.0,5,,2,2,3,0.646169,0.688997,0.216881
486,485,3.0,1,,2,2,4,0.291001,0.310288,0.230932
486,485,4.0,4,,2,2,4,0.0,0.0,0.0
486,486,3.0,1,,2,2,1,0.001815,0.00041,1.8e-05
486,486,4.0,1,,2,2,1,0.0,0.0,0.0
486,486,3.0,2,,2,2,1,3.032403,19.20009,1.012755
486,486,3.0,3,,2,2,1,3.032403,3.23339,0.182495
486,487,3.0,1,,2,2,3,0.087523,0.093324,0.030732
486,488,3.0,1,,2,2,2,1.356381,1.446282,0.310468
486,488,4.0,1,,2,2,2,0.0,0.0,0.0
486,488,3.0,5,,2,2,2,0.123307,0.13148,0.030453
486,489,3.0,1,,2,2,3,2.213288,2.359984,0.769284
486,489,4.0,1,,2,2,3,0.0,0.0,0.0
486,489,3.0,2,,2,2,3,0.39058,0.416468,0.137376
486,489,3.0,3,,2,2,3,0.0,0.0,0.0
486,489,3.0,5,,2,2,3,0.260387,0.277645,0.105387
486,511,3.0,2,,2,2,6,0.017107,0.016292,0.023654
486,512,3.0,3,,2,2,8,0.015261,0.01438,0.028984
486,513,3.0,2,,2,2,6,0.051288,0.048328,0.072378
486,519,3.0,3,,2,2,8,0.018762,0.017679,0.036506
486,531,3.0,2,,2,2,8,0.0,0.0,0.0
486,532,3.0,2,,2,2,8,0.0,0.0,0.0
486,539,3.0,2,,2,2,8,0.0,0.0,0.0
491,491,4.0,1,,2,2,1,0.005907,0.0005,2e-05
491,499,4.0,1,,2,2,2,0.0,0.0,0.0
511,131,3.0,5,,2,2,4,0.006652,0.002339,0.001414
511,139,3.0,2,,2,2,4,0.001569,0.00055,0.000357
511,511,4.0,1,,2,2,1,0.0,0.0,0.0
511,512,4.0,1,,2,2,1,0.0,0.0,0.0
511,513,4.0,1,,2,2,1,0.003459,0.000298,2.9e-05
511,519,4.0,1,,2,2,2,0.0,0.0,0.0
512,50,3.0,3,,2,2,8,0.0,0.0,0.0
512,61,3.0,5,,2,2,8,0.11405,0.018699,0.098858
512,62,3.0,2,,2,2,8,0.012873,0.002494,0.007867
512,63,3.0,5,,2,2,8,0.022177,0.003669,0.020301
512,64,3.0,5,,2,2,8,0.107317,0.017596,0.10605
512,65,3.0,5,,2,2,8,0.003953,0.000676,0.002616
512,69,3.0,5,,2,2,8,0.015355,0.002518,0.010274
512,81,3.0,2,,2,2,8,0.0,0.0,0.0
512,89,3.0,2,,2,2,8,0.0,0.0,0.0
512,122,3.0,3,,2,2,5,0.003929,0.001039,0.00091
512,123,3.0,1,,2,2,4,0.001852,0.00021,0.000156
512,124,3.0,2,,2,2,5,0.001847,0.000358,0.000307
512,129,3.0,2,,2,2,5,0.002433,0.000471,0.000397
512,131,3.0,1,,2,2,4,0.020021,0.005825,0.003444
512,132,3.0,2,,2,2,4,0.001053,0.000306,0.00017
512,139,3.0,1,,2,2,4,0.004947,0.001446,0.000878
512,171,3.0,1,,2,2,5,0.012283,0.002294,0.002092
512,171,3.0,5,,2,2,6,0.001024,0.000191,0.000197
512,172,3.0,2,,2,2,6,0.0,0.0,0.0
512,179,3.0,1,,2,2,5,0.002655,0.000496,0.000454
512,181,3.0,2,,2,2,5,0.0,0.0,0.0
512,182,3.0,2,,2,2,5,0.0,0.0,0.0
512,183,3.0,2,,2,2,5,0.0,0.0,0.0
512,189,3.0,2,,2,2,5,0.0,0.0,0.0
512,190,3.0,1,,2,2,6,0.005052,0.000854,0.001032
512,241,3.0,2,,2,2,3,0.003499,0.000678,0.000184
512,242,3.0,2,,2,2,2,0.002531,0.00049,0.000115
512,249,3.0,1,,2,2,2,0.0,0.0,0.0
512,271,3.0,2,,2,2,6,0.0,0.0,0.0
512,279,3.0,2,,2,2,7,0.0,0.0,0.0
512,291,3.0,1,,2,2,6,0.0,0.0,0.0
512,291,3.0,5,,2,2,6,0.0,0.0,0.0
512,292,3.0,1,,2,2,5,0.0,0.0,0.0
512,292,3.0,5,,2,2,6,0.0,0.0,0.0
512,299,3.0,1,,2,2,6,0.0,0.0,0.0
512,299,3.0,2,,2,2,6,0.0,0.0,0.0
512,299,3.0,5,,2,2,6,0.0,0.0,0.0
512,341,3.0,1,,2,2,3,0.055779,0.006772,0.002691
512,342,3.0,3,,2,2,3,0.009344,0.002471,0.000709
512,361,3.0,2,,2,2,4,0.001241,0.00034,0.000208
512,362,3.0,2,,2,2,5,0.001308,0.000358,0.000277
512,363,3.0,3,,2,2,3,0.025576,0.007008,0.002579
512,364,3.0,2,,2,2,5,0.00131,0.000384,0.000303
512,369,3.0,2,,2,2,4,0.001995,0.000546,0.000397
512,371,3.0,1,,2,2,3,0.092621,0.015046,0.005067
512,372,3.0,1,,2,2,3,0.036368,0.00589,0.001618
512,372,3.0,5,,2,2,3,0.014382,0.00278,0.000941
512,373,3.0,1,,2,2,2,0.08038,0.01303,0.002593
512,379,3.0,1,,2,2,2,0.059256,0.009686,0.002332
512,379,3.0,2,,2,2,3,0.004517,0.000875,0.000249
512,379,3.0,5,,2,2,3,0.013561,0.002205,0.000688
512,391,3.0,1,,2,2,4,0.00472,0.013859,0.008401
512,392,3.0,1,,2,2,4,0.007947,0.021913,0.012235
512,392,3.0,2,,2,2,4,0.000738,0.002167,0.001449
512,392,3.0,5,,2,2,4,0.0,0.0,0.0
512,393,3.0,1,,2,2,4,0.00376,0.011042,0.006142
512,393,3.0,2,,2,2,4,0.002193,0.003787,0.002651
512,393,3.0,5,,2,2,4,0.000627,0.00184,0.001293
512,394,3.0,1,,2,2,4,0.001689,0.004529,0.002854
512,394,3.0,5,,2,2,5,0.000716,0.002101,0.001586
512,399,3.0,1,,2,2,4,0.004632,0.013601,0.007802
512,421,3.0,3,,2,2,3,0.0,0.0,0.0
512,422,3.0,2,,2,2,4,0.0,0.0,0.0
512,429,3.0,2,,2,2,4,0.0,0.0,0.0
512,471,3.0,3,,2,2,8,0.0,0.0,0.0
512,472,3.0,3,,2,2,8,0.0,0.0,0.0
512,473,3.0,1,,2,2,4,0.0,0.0,0.0
512,481,3.0,5,,2,2,8,0.003405,0.001132,0.002474
512,484,3.0,5,,2,2,8,0.012884,0.004238,0.009247
512,486,3.0,3,,2,2,8,0.011985,0.003942,0.007901
512,488,3.0,5,,2,2,8,0.00281,0.000924,0.002057
512,489,3.0,1,,2,2,7,0.005439,0.001789,0.002739
512,511,3.0,1,,2,2,1,0.159294,0.026896,0.002534
512,511,4.0,1,,2,2,1,0.0,0.0,0.0
512,511,3.0,2,,2,2,1,0.0,0.0,0.0
512,511,3.0,5,,2,2,2,0.021793,0.004096,0.000411
512,512,3.0,1,,2,2,1,0.165818,0.071875,0.001949
512,512,4.0,1,,2,2,1,0.0,0.0,0.0
512,512,3.0,2,,2,2,1,0.0,0.0,0.0
512,512,3.0,3,,2,2,1,0.006633,0.001754,5.4e-05
512,513,3.0,1,,2,2,2,0.507115,0.085613,0.015022
512,513,4.0,1,,2,2,2,0.0,0.0,0.0
512,513,3.0,5,,2,2,2,0.072445,0.01223,0.002962
512,519,3.0,1,,2,2,2,0.183104,0.030912,0.006279
512,519,4.0,1,,2,2,2,0.0,0.0,0.0
512,519,3.0,2,,2,2,3,0.0,0.0,0.0
512,519,3.0,5,,2,2,3,0.029468,0.005067,0.001289
531,41,3.0,5,,2,2,7,0.063078,0.090365,0.174747
531,42,3.0,5,,2,2,7,0.010262,0.014701,0.028658
531,49,3.0,5,,2,2,7,0.007433,0.010648,0.020662
531,61,3.0,1,,2,2,6,0.093176,0.089161,0.103811
531,61,3.0,2,,2,2,6,0.186352,0.178321,0.229528
531,61,3.0,5,,2,2,6,0.186352,0.178321,0.255491
531,62,3.0,5,,2,2,5,0.052869,0.050522,0.048383
531,63,3.0,3,,2,2,7,0.090547,0.086645,0.130492
531,64,3.0,1,,2,2,5,0.21919,0.209744,0.170845
531,64,3.0,5,,2,2,6,0.21919,0.209744,0.220904
531,65,3.0,5,,2,2,6,0.015469,0.014802,0.015188
531,69,3.0,1,,2,2,5,0.062724,0.060021,0.04669
531,101,3.0,2,,2,2,8,0.0,0.0,0.0
531,109,3.0,2,,2,2,8,0.0,0.0,0.0
531,121,3.0,2,,2,2,8,0.0,0.0,0.0
531,122,3.0,2,,2,2,8,0.0,0.0,0.0
531,123,3.0,2,,2,2,8,0.0,0.0,0.0
531,124,3.0,2,,2,2,8,0.0,0.0,0.0
531,129,3.0,2,,2,2,8,0.0,0.0,0.0
531,171,3.0,2,,2,2,8,0.0,0.0,0.0
531,172,3.0,1,,2,2,8,0.0,0.0,0.0
531,179,3.0,1,,2,2,8,0.0,0.0,0.0
531,241,3.0,2,,2,2,8,0.0,0.0,0.0
531,251,3.0,2,,2,2,8,0.0,0.0,0.0
531,259,3.0,2,,2,2,8,0.0,0.0,0.0
531,261,3.0,2,,2,2,8,0.0,0.0,0.0
531,262,3.0,2,,2,2,8,0.0,0.0,0.0
531,269,3.0,2,,2,2,8,0.0,0.0,0.0
531,341,3.0,5,,2,2,8,0.01493,0.019861,0.061375
531,342,3.0,2,,2,2,8,0.00235,0.00322,0.009871
531,361,3.0,2,,2,2,8,0.003202,0.002577,0.007778
531,362,3.0,2,,2,2,8,0.003374,0.002715,0.007413
531,363,3.0,2,,2,2,8,0.065956,0.053077,0.165572
531,364,3.0,2,,2,2,8,0.003297,0.002653,0.007439
531,369,3.0,2,,2,2,8,0.005146,0.004141,0.012131
531,380,3.0,1,,2,2,6,0.10229,0.124214,0.161569
531,380,3.0,2,,2,2,6,0.026369,0.031623,0.044115
531,411,3.0,1,,2,2,2,0.068377,0.074092,0.014962
531,411,3.0,2,,2,2,2,0.003799,0.004116,0.000897
531,411,3.0,5,,2,2,2,0.03039,0.03293,0.007268
531,419,3.0,1,,2,2,3,0.029499,0.031964,0.011241
531,419,3.0,5,,2,2,3,0.003278,0.003552,0.001548
531,421,3.0,2,,2,2,8,0.0,0.0,0.0
531,422,3.0,2,,2,2,8,0.0,0.0,0.0
531,423,3.0,2,,2,2,8,0.0,0.0,0.0
531,429,3.0,2,,2,2,8,0.0,0.0,0.0
531,481,3.0,5,,2,2,8,0.005763,0.004117,0.010889
531,482,3.0,2,,2,2,8,0.0,0.0,0.0
531,483,3.0,2,,2,2,8,0.0,0.0,0.0
531,484,3.0,5,,2,2,8,0.021918,0.015656,0.037571
531,485,3.0,2,,2,2,8,0.0,0.0,0.0
531,486,3.0,1,,2,2,8,0.019592,0.013995,0.03426
531,487,3.0,2,,2,2,8,0.0,0.0,0.0
531,488,3.0,5,,2,2,8,0.00478,0.003414,0.009718
531,489,3.0,2,,2,2,8,0.009253,0.006609,0.015521
531,531,3.0,1,,2,2,1,1.382006,3.308158,0.179469
531,531,3.0,2,,2,2,1,0.688303,4.35809,0.272789
531,531,3.0,3,,2,2,1,0.688303,1.653732,0.074326
531,532,3.0,1,,2,2,2,0.137402,0.328537,0.054483
531,532,3.0,2,,2,2,2,0.019495,0.046838,0.008588
531,532,3.0,5,,2,2,2,0.019495,0.046838,0.008717
531,539,3.0,1,,2,2,2,0.278028,0.667996,0.132891
531,539,3.0,2,,2,2,2,0.278028,0.667996,0.161937
531,551,3.0,2,,2,2,8,0.0,0.0,0.0
531,559,3.0,2,,2,2,8,0.0,0.0,0.0
12,11,3.0,1,,2,2,3,0.0,0.0,0.0
12,12,3.0,1,,2,2,1,0.0,0.0,0.0
12,19,3.0,1,,2,2,2,0.0,0.0,0.0
12,61,3.0,1,,2,2,8,0.0,0.0,0.0
12,61,3.0,2,,2,2,8,0.0,0.0,0.0
12,62,3.0,2,,2,2,8,0.0,0.0,0.0
12,63,3.0,2,,2,2,8,0.0,0.0,0.0
12,64,3.0,2,,2,2,8,0.0,0.0,0.0
12,69,3.0,2,,2,2,8,0.0,0.0,0.0
12,131,3.0,2,,2,2,3,0.0,0.0,0.0
12,139,3.0,1,,2,2,3,0.0,0.0,0.0
12,171,3.0,2,,2,2,5,0.0,0.0,0.0
12,172,3.0,2,,2,2,5,0.0,0.0,0.0
12,179,3.0,2,,2,2,5,0.0,0.0,0.0
12,280,3.0,1,,2,2,2,0.0,0.0,0.0
20,41,4.0,4,,2,2,8,0.0,0.0,0.0
20,42,4.0,4,,2,2,8,0.0,0.0,0.0
20,49,4.0,4,,2,2,8,0.0,0.0,0.0
61,41,3.0,1,,2,2,3,0.0,0.0,0.0
61,41,3.0,2,,2,2,4,0.0,0.0,0.0
61,41,4.0,4,,2,2,3,0.0,0.0,0.0
61,41,3.0,5,,2,2,4,0.0,0.0,0.0
61,42,3.0,1,,2,2,4,0.0,0.0,0.0
61,49,3.0,1,,2,2,3,0.0,0.0,0.0
61,50,3.0,1,,2,2,7,0.0,0.0,0.0
61,50,3.0,5,,2,2,7,0.0,0.0,0.0
61,61,3.0,1,,2,2,1,0.932574,0.585114,0.028607
61,61,4.0,1,,2,2,1,0.0,0.0,0.0
61,61,3.0,2,,2,2,1,0.299807,0.568299,0.043156
61,61,3.0,3,,2,2,1,0.066652,0.041846,0.002286
61,61,3.0,5,,2,2,1,0.233303,0.146488,0.011472
61,62,3.0,1,,2,2,3,0.173043,0.108576,0.046096
61,63,3.0,1,,2,2,2,0.280284,0.175842,0.022818
61,63,3.0,5,,2,2,2,0.017958,0.011103,0.001626
61,64,3.0,1,,2,2,3,0.901031,0.565323,0.218862
61,64,3.0,3,,2,2,3,0.180307,0.11309,0.053181
61,64,4.0,4,,2,2,3,0.0,0.0,0.0
61,64,3.0,5,,2,2,3,0.361279,0.22644,0.106018
61,65,3.0,1,,2,2,2,0.051094,0.031997,0.007735
61,65,3.0,5,,2,2,3,0.0,0.0,0.0
61,69,3.0,1,,2,2,3,0.19154,0.120175,0.046357
61,69,3.0,2,,2,2,3,0.014734,0.009244,0.003618
61,81,3.0,5,,2,2,6,0.00317,0.00069,0.000887
61,89,3.0,1,,2,2,5,0.0,0.0,0.0
61,89,3.0,2,,2,2,6,0.0,0.0,0.0
61,121,3.0,2,,2,2,8,0.0,0.0,0.0
61,121,3.0,5,,2,2,8,0.0,0.0,0.0
61,122,3.0,2,,2,2,8,0.0,0.0,0.0
61,122,3.0,5,,2,2,8,0.0,0.0,0.0
61,123,3.0,5,,2,2,8,0.0,0.0,0.0
61,124,3.0,5,,2,2,8,0.0,0.0,0.0
61,129,3.0,5,,2,2,8,0.0,0.0,0.0
61,131,3.0,1,,2,2,8,0.002065,0.001405,0.003107
61,131,3.0,5,,2,2,8,0.0,0.0,0.0
61,139,3.0,1,,2,2,8,0.0,0.0,0.0
61,151,4.0,4,,2,2,8,0.0,0.0,0.0
61,159,4.0,4,,2,2,8,0.0,0.0,0.0
61,171,3.0,2,,2,2,8,0.003197,0.001114,0.002435
61,172,3.0,1,,2,2,7,0.0,0.0,0.0
61,172,3.0,5,,2,2,8,0.0,0.0,0.0
61,179,3.0,1,,2,2,7,0.0,0.0,0.0
61,179,3.0,2,,2,2,8,0.0,0.0,0.0
61,179,3.0,5,,2,2,8,0.0,0.0,0.0
61,190,3.0,1,,2,2,7,0.465656,0.213528,0.372115
61,190,3.0,2,,2,2,7,0.136958,0.062802,0.124536
61,190,3.0,5,,2,2,7,0.109566,0.050242,0.100351
61,221,3.0,1,,2,2,7,0.0,0.0,0.0
61,221,3.0,2,,2,2,7,0.0,0.0,0.0
61,221,3.0,5,,2,2,7,0.0,0.0,0.0
61,222,3.0,1,,2,2,7,0.0,0.0,0.0
61,222,3.0,2,,2,2,7,0.0,0.0,0.0
61,223,3.0,1,,2,2,7,0.0,0.0,0.0
61,223,3.0,2,,2,2,8,0.0,0.0,0.0
61,229,3.0,1,,2,2,7,0.0,0.0,0.0
61,229,3.0,2,,2,2,7,0.0,0.0,0.0
61,229,3.0,5,,2,2,7,0.0,0.0,0.0
61,271,3.0,1,,2,2,7,0.0,0.0,0.0
61,271,3.0,5,,2,2,8,0.02052,0.034923,0.07771
61,279,3.0,1,,2,2,7,0.0,0.0,0.0
61,279,3.0,5,,2,2,8,0.006528,0.009095,0.021243
61,291,3.0,1,,2,2,7,0.004661,0.006986,0.011607
61,291,3.0,2,,2,2,7,0.0,0.0,0.0
61,291,3.0,5,,2,2,7,0.001695,0.00254,0.004595
61,292,3.0,1,,2,2,7,0.010229,0.015196,0.02809
61,292,3.0,2,,2,2,8,0.001258,0.001885,0.003844
61,292,3.0,5,,2,2,8,0.001258,0.001885,0.00385
61,299,3.0,1,,2,2,7,0.003542,0.005308,0.009295
61,299,3.0,2,,2,2,7,0.001796,0.002658,0.005055
61,299,3.0,5,,2,2,7,0.001181,0.001769,0.003393
61,311,3.0,2,,2,2,7,0.0,0.0,0.0
61,319,3.0,2,,2,2,7,0.0,0.0,0.0
61,321,4.0,1,,2,2,3,0.0,0.0,0.0
61,329,4.0,4,,2,2,3,0.0,0.0,0.0
61,341,3.0,5,,2,2,8,0.0,0.0,0.0
61,342,3.0,5,,2,2,8,0.0,0.0,0.0
61,361,3.0,2,,2,2,8,0.0,0.0,0.0
61,362,3.0,5,,2,2,8,0.0,0.0,0.0
61,363,3.0,2,,2,2,8,0.003516,0.001262,0.003951
61,363,3.0,5,,2,2,8,0.005513,0.001901,0.008074
61,364,3.0,5,,2,2,8,0.0,0.0,0.0
61,369,3.0,5,,2,2,8,0.0,0.0,0.0
61,371,3.0,2,,2,2,8,0.0,0.0,0.0
61,372,3.0,2,,2,2,8,0.0,0.0,0.0
61,373,3.0,2,,2,2,8,0.0,0.0,0.0
61,379,3.0,2,,2,2,8,0.0,0.0,0.0
61,380,3.0,2,,2,2,8,0.0,0.0,0.0
61,391,3.0,1,,2,2,8,0.0,0.0,0.0
61,391,3.0,5,,2,2,8,0.0,0.0,0.0
61,392,3.0,2,,2,2,8,0.0,0.0,0.0
61,392,3.0,5,,2,2,8,0.0,0.0,0.0
61,393,3.0,1,,2,2,8,0.0,0.0,0.0
61,393,3.0,5,,2,2,8,0.0,0.0,0.0
61,394,3.0,1,,2,2,8,0.0,0.0,0.0
61,399,3.0,1,,2,2,8,0.0,0.0,0.0
61,399,3.0,2,,2,2,8,0.0,0.0,0.0
61,399,3.0,5,,2,2,8,0.0,0.0,0.0
61,411,3.0,1,,2,2,5,0.0,0.0,0.0
61,419,3.0,1,,2,2,5,0.0,0.0,0.0
61,471,3.0,1,,2,2,7,0.0,0.0,0.0
61,471,3.0,2,,2,2,8,0.0,0.0,0.0
61,471,3.0,5,,2,2,8,0.0,0.0,0.0
61,472,3.0,1,,2,2,8,0.0,0.0,0.0
61,472,3.0,5,,2,2,8,0.0,0.0,0.0
61,473,3.0,1,,2,2,8,0.0,0.0,0.0
61,479,3.0,1,,2,2,8,0.0,0.0,0.0
61,479,3.0,2,,2,2,8,0.0,0.0,0.0
61,479,3.0,5,,2,2,8,0.0,0.0,0.0
61,481,3.0,1,,2,2,6,0.000865,0.001134,0.001595
61,481,3.0,5,,2,2,7,0.000865,0.001134,0.001721
61,484,3.0,1,,2,2,6,0.004337,0.005473,0.007878
61,484,3.0,2,,2,2,6,0.001371,0.001798,0.002695
61,484,3.0,5,,2,2,7,0.001097,0.001438,0.002164
61,485,3.0,1,,2,2,5,0.0,0.0,0.0
61,486,3.0,1,,2,2,7,0.003539,0.004641,0.007209
61,486,3.0,2,,2,2,7,0.003193,0.003792,0.006271
61,486,3.0,5,,2,2,7,0.0,0.0,0.0
61,488,3.0,1,,2,2,6,0.001435,0.001882,0.002574
61,488,3.0,5,,2,2,6,0.0,0.0,0.0
61,489,3.0,1,,2,2,6,0.003463,0.003889,0.005096
61,489,3.0,5,,2,2,6,0.0,0.0,0.0
61,491,3.0,1,,2,2,4,0.007517,0.000637,0.000438
61,491,3.0,5,,2,2,5,0.001413,7.7e-05,6e-05
61,531,3.0,1,,2,2,6,0.0,0.0,0.0
61,531,3.0,5,,2,2,6,0.0,0.0,0.0
61,532,3.0,1,,2,2,6,0.0,0.0,0.0
61,539,3.0,1,,2,2,6,0.0,0.0,0.0
62,61,4.0,4,,2,2,3,0.0,0.0,0.0
62,64,4.0,1,,2,2,2,0.0,0.0,0.0
62,69,4.0,1,,2,2,2,0.0,0.0,0.0
64,61,3.0,1,,2,2,3,0.708411,0.615582,0.244789
64,61,4.0,4,,2,2,3,0.0,0.0,0.0
64,61,3.0,5,,2,2,3,0.354205,0.307791,0.149324
64,62,3.0,1,,2,2,2,0.119943,0.104226,0.012405
64,63,3.0,1,,2,2,3,0.206526,0.179463,0.086702
64,64,3.0,1,,2,2,1,0.999892,0.868868,0.041464
64,65,3.0,1,,2,2,2,0.03293,0.028615,0.004744
64,65,3.0,2,,2,2,2,0.002352,0.002044,0.000382
64,69,3.0,1,,2,2,2,0.135536,0.117776,0.025508
64,69,3.0,2,,2,2,2,0.00753,0.006543,0.001529
64,171,3.0,1,,2,2,8,0.0,0.0,0.0
64,172,3.0,2,,2,2,8,0.0,0.0,0.0
64,179,3.0,1,,2,2,8,0.0,0.0,0.0
64,361,3.0,2,,2,2,8,0.0,0.0,0.0
64,362,3.0,2,,2,2,8,0.0,0.0,0.0
64,363,3.0,2,,2,2,8,0.0,0.0,0.0
64,363,3.0,5,,2,2,8,0.0,0.0,0.0
64,364,3.0,2,,2,2,8,0.0,0.0,0.0
64,369,3.0,2,,2,2,8,0.0,0.0,0.0
64,491,3.0,2,,2,2,5,0.0,0.0,0.0
64,499,3.0,2,,2,2,5,0.0,0.0,0.0
81,81,4.0,1,,2,2,1,0.003507,0.000297,9e-06
81,89,4.0,1,,2,2,2,0.0,0.0,0.0
111,61,3.0,1,,2,2,8,0.0,0.0,0.0
111,190,4.0,4,,2,2,5,0.0,0.0,0.0
111,241,4.0,1,,2,2,1,0.0,0.0,0.0
111,242,4.0,1,,2,2,1,0.0,0.0,0.0
111,363,4.0,1,,2,2,3,0.0,0.0,0.0
111,513,4.0,1,,2,2,1,0.0,0.0,0.0
111,519,4.0,1,,2,2,2,0.0,0.0,0.0
121,121,3.0,1,,2,2,1,0.0,0.0,0.0
121,122,3.0,1,,2,2,3,0.0,0.0,0.0
121,122,3.0,2,,2,2,3,0.0,0.0,0.0
121,122,3.0,5,,2,2,3,0.0,0.0,0.0
121,123,3.0,1,,2,2,2,0.0,0.0,0.0
121,124,3.0,1,,2,2,2,0.0,0.0,0.0
121,129,3.0,1,,2,2,2,0.0,0.0,0.0
121,129,3.0,5,,2,2,3,0.0,0.0,0.0
122,61,3.0,5,,2,2,8,0.0,0.0,0.0
122,62,3.0,5,,2,2,8,0.0,0.0,0.0
122,63,3.0,5,,2,2,8,0.0,0.0,0.0
122,64,3.0,5,,2,2,8,0.0,0.0,0.0
122,65,3.0,5,,2,2,8,0.0,0.0,0.0
122,69,3.0,2,,2,2,8,0.0,0.0,0.0
122,121,3.0,1,,2,2,3,0.0,0.0,0.0
122,121,3.0,5,,2,2,3,0.012725,0.014685,0.005325
122,122,3.0,1,,2,2,1,0.03546,0.140757,0.006943
122,122,3.0,2,,2,2,1,0.0,0.0,0.0
122,122,3.0,3,,2,2,1,0.01773,0.020462,0.00118
122,123,3.0,1,,2,2,2,0.020063,0.023154,0.005529
122,123,3.0,2,,2,2,3,0.005016,0.005789,0.001517
122,124,3.0,1,,2,2,3,0.025007,0.02886,0.007418
122,129,3.0,1,,2,2,3,0.032947,0.038022,0.01215
122,129,3.0,5,,2,2,3,0.0,0.0,0.0
131,61,4.0,1,,2,2,8,0.002281,0.000193,0.000423
131,61,4.0,4,,2,2,7,0.0,0.0,0.0
131,62,4.0,4,,2,2,8,0.0,0.0,0.0
131,63,4.0,4,,2,2,7,0.0,0.0,0.0
131,64,4.0,1,,2,2,8,0.00298,0.000252,0.000631
131,64,4.0,4,,2,2,8,0.0,0.0,0.0
131,69,4.0,4,,2,2,8,0.0,0.0,0.0
131,81,4.0,4,,2,2,6,0.0,0.0,0.0
131,89,4.0,4,,2,2,6,0.0,0.0,0.0
131,131,4.0,1,,2,2,1,0.083703,0.007091,0.000332
131,132,4.0,1,,2,2,2,0.00449,0.00038,9.5e-05
131,139,4.0,1,,2,2,2,0.020615,0.001746,0.00029
131,171,4.0,4,,2,2,4,0.0,0.0,0.0
131,181,4.0,4,,2,2,4,0.0,0.0,0.0
131,182,4.0,4,,2,2,3,0.0,0.0,0.0
131,183,4.0,4,,2,2,4,0.0,0.0,0.0
131,189,4.0,4,,2,2,3,0.0,0.0,0.0
131,190,4.0,1,,2,2,5,0.002757,0.000234,0.000221
131,190,4.0,4,,2,2,5,0.0,0.0,0.0
131,261,4.0,4,,2,2,4,0.0,0.0,0.0
131,269,4.0,4,,2,2,4,0.0,0.0,0.0
131,280,4.0,4,,2,2,3,0.0,0.0,0.0
131,341,4.0,4,,2,2,4,0.0,0.0,0.0
131,342,4.0,4,,2,2,4,0.0,0.0,0.0
131,391,4.0,1,,2,2,3,0.001522,0.000129,6.2e-05
131,391,4.0,4,,2,2,3,0.0,0.0,0.0
131,392,4.0,1,,2,2,4,0.002626,0.000222,0.000156
131,392,4.0,4,,2,2,4,0.0,0.0,0.0
131,393,4.0,1,,2,2,4,0.0018,0.000152,8.8e-05
131,393,4.0,4,,2,2,3,0.0,0.0,0.0
131,394,4.0,4,,2,2,3,0.0,0.0,0.0
131,399,4.0,1,,2,2,4,0.001917,0.000162,9.9e-05
131,399,4.0,4,,2,2,3,0.0,0.0,0.0
131,411,4.0,4,,2,2,8,0.0,0.0,0.0
131,419,4.0,4,,2,2,8,0.0,0.0,0.0
131,451,4.0,1,,2,2,3,0.0,0.0,0.0
131,452,4.0,1,,2,2,2,0.0,0.0,0.0
131,459,4.0,1,,2,2,3,0.0,0.0,0.0
131,471,4.0,4,,2,2,3,0.0,0.0,0.0
131,472,4.0,1,,2,2,3,0.0,0.0,0.0
131,473,4.0,1,,2,2,2,0.0,0.0,0.0
131,479,4.0,1,,2,2,3,0.0,0.0,0.0
131,481,4.0,1,,2,2,5,0.003001,0.000254,0.00024
131,481,4.0,4,,2,2,5,0.0,0.0,0.0
131,482,4.0,4,,2,2,4,0.0,0.0,0.0
131,483,4.0,4,,2,2,5,0.0,0.0,0.0
131,484,4.0,1,,2,2,5,0.010289,0.000872,0.000715
131,484,4.0,4,,2,2,4,0.0,0.0,0.0
131,485,4.0,4,,2,2,6,0.0,0.0,0.0
131,486,4.0,1,,2,2,5,0.00875,0.000741,0.000617
131,486,4.0,4,,2,2,4,0.0,0.0,0.0
131,488,4.0,1,,2,2,6,0.002595,0.00022,0.000222
131,488,4.0,4,,2,2,5,0.0,0.0,0.0
131,489,4.0,1,,2,2,5,0.005543,0.00047,0.000454
131,489,4.0,4,,2,2,5,0.0,0.0,0.0
132,50,3.0,1,,2,2,5,0.0,0.0,0.0
132,50,3.0,2,,2,2,5,0.0,0.0,0.0
132,61,3.0,5,,2,2,8,0.163399,0.047642,0.223427
132,62,3.0,2,,2,2,8,0.01873,0.005456,0.016472
132,63,3.0,2,,2,2,8,0.032038,0.009398,0.026733
132,64,3.0,2,,2,2,8,0.153465,0.044738,0.138988
132,65,3.0,5,,2,2,8,0.006095,0.002328,0.00812
132,69,3.0,2,,2,2,8,0.021964,0.006413,0.019118
132,101,3.0,2,,2,2,5,0.0,0.0,0.0
132,122,3.0,1,,2,2,3,0.002439,0.000627,0.000277
132,124,3.0,1,,2,2,3,0.001357,0.000353,0.000119
132,129,3.0,1,,2,2,3,0.001511,0.000388,0.000129
132,131,3.0,1,,2,2,3,2.691249,0.670889,0.172366
132,131,3.0,2,,2,2,3,0.128417,0.032244,0.009749
132,131,3.0,5,,2,2,3,0.0,0.0,0.0
132,132,3.0,1,,2,2,1,0.131832,0.032861,0.001107
132,132,3.0,2,,2,2,1,0.016477,0.004107,0.000144
132,139,3.0,1,,2,2,2,0.546283,0.136179,0.025369
132,139,3.0,2,,2,2,2,0.099364,0.024771,0.005204
132,139,3.0,5,,2,2,2,0.049662,0.01238,0.002806
132,171,3.0,2,,2,2,6,0.009715,0.002428,0.002553
132,172,3.0,2,,2,2,5,0.0,0.0,0.0
132,179,3.0,2,,2,2,5,0.001938,0.000484,0.000479
132,182,3.0,2,,2,2,5,0.0,0.0,0.0
132,189,3.0,2,,2,2,5,0.0,0.0,0.0
132,212,3.0,1,,2,2,4,0.001869,0.000262,0.00017
132,219,3.0,1,,2,2,4,0.002401,0.000339,0.000198
132,221,3.0,2,,2,2,5,0.0,0.0,0.0
132,222,3.0,2,,2,2,5,0.0,0.0,0.0
132,223,3.0,2,,2,2,5,0.0,0.0,0.0
132,229,3.0,2,,2,2,5,0.0,0.0,0.0
132,271,3.0,2,,2,2,6,0.0,0.0,0.0
132,279,3.0,2,,2,2,7,0.0,0.0,0.0
132,280,3.0,2,,2,2,4,0.0,0.0,0.0
132,291,3.0,2,,2,2,6,0.010747,0.002082,0.002561
132,292,3.0,2,,2,2,5,0.019383,0.003755,0.003741
132,299,3.0,1,,2,2,5,0.010106,0.001632,0.001504
132,341,3.0,1,,2,2,5,0.0,0.0,0.0
132,341,3.0,2,,2,2,5,0.016647,0.007505,0.0063
132,342,3.0,2,,2,2,5,0.002789,0.001258,0.000987
132,361,3.0,2,,2,2,6,0.0,0.0,0.0
132,362,3.0,2,,2,2,6,0.0,0.0,0.0
132,363,3.0,1,,2,2,5,0.0,0.0,0.0
132,363,3.0,2,,2,2,5,0.004516,0.001337,0.00122
132,364,3.0,2,,2,2,6,0.0,0.0,0.0
132,369,3.0,1,,2,2,5,0.0,0.0,0.0
132,371,3.0,1,,2,2,3,0.022317,0.001891,0.000512
132,372,3.0,1,,2,2,3,0.012838,0.001081,0.000364
132,373,3.0,1,,2,2,3,0.01898,0.001608,0.000541
132,379,3.0,1,,2,2,3,0.013022,0.001103,0.000377
132,379,3.0,5,,2,2,3,0.005201,0.000363,0.000141
132,391,3.0,2,,2,2,5,0.002956,0.002565,0.002005
132,392,3.0,2,,2,2,5,0.005084,0.004412,0.004195
132,393,3.0,1,,2,2,4,0.003533,0.003066,0.002173
132,394,3.0,5,,2,2,5,0.001807,0.001297,0.001104
132,399,3.0,1,,2,2,4,0.002929,0.002521,0.00187
132,441,3.0,2,,2,2,6,0.036118,0.013026,0.015502
132,451,3.0,1,,2,2,2,0.00315,0.003406,0.000413
132,452,3.0,1,,2,2,2,0.005686,0.006127,0.001487
132,459,3.0,1,,2,2,2,0.006963,0.007427,0.001168
132,459,3.0,5,,2,2,2,0.002055,0.001715,0.000301
132,471,3.0,1,,2,2,4,0.0,0.0,0.0
132,472,3.0,1,,2,2,4,0.003269,0.002991,0.001527
132,472,3.0,5,,2,2,4,0.0,0.0,0.0
132,473,3.0,1,,2,2,3,0.001278,0.001122,0.000472
132,479,3.0,1,,2,2,3,0.001634,0.0018,0.000899
132,479,3.0,2,,2,2,4,0.0,0.0,0.0
132,479,3.0,5,,2,2,4,0.0,0.0,0.0
132,481,3.0,5,,2,2,7,0.002458,0.00114,0.002056
132,484,3.0,2,,2,2,6,0.004946,0.002467,0.002962
132,484,3.0,5,,2,2,6,0.004674,0.002168,0.00323
132,486,3.0,2,,2,2,6,0.004178,0.001938,0.002198
132,486,3.0,5,,2,2,7,0.004776,0.002092,0.003394
132,488,3.0,5,,2,2,7,0.002283,0.001078,0.001988
132,489,3.0,2,,2,2,6,0.003946,0.00183,0.002473
132,511,3.0,2,,2,2,4,0.0,0.0,0.0
132,512,3.0,2,,2,2,4,0.0,0.0,0.0
132,513,3.0,2,,2,2,4,0.0,0.0,0.0
132,519,3.0,2,,2,2,4,0.0,0.0,0.0
132,531,3.0,2,,2,2,8,0.0,0.0,0.0
132,539,3.0,2,,2,2,8,0.0,0.0,0.0
151,61,3.0,5,,2,2,8,0.003881,0.001423,0.003739
151,64,3.0,3,,2,2,8,0.003652,0.001339,0.003294
151,151,3.0,1,,2,2,1,0.357992,0.905673,0.004268
151,151,4.0,1,,2,2,1,0.0,0.0,0.0
151,151,3.0,3,,2,2,1,0.071554,0.113134,0.00215
151,151,3.0,5,,2,2,1,0.035842,0.05659,0.001355
151,159,3.0,3,,2,2,2,0.971315,1.53573,0.279994
151,159,4.0,4,,2,2,2,0.0,0.0,0.0
151,159,3.0,5,,2,2,2,0.487573,0.768568,0.146363
171,61,3.0,1,,2,2,8,0.017749,0.061738,0.127224
171,61,3.0,2,,2,2,8,0.0,0.0,0.0
171,62,3.0,2,,2,2,8,0.002003,0.00658,0.014091
171,63,3.0,1,,2,2,8,0.0,0.0,0.0
171,63,3.0,2,,2,2,8,0.00345,0.01133,0.025448
171,64,3.0,1,,2,2,8,0.0,0.0,0.0
171,64,3.0,2,,2,2,8,0.016702,0.054853,0.123898
171,65,3.0,5,,2,2,8,0.000589,0.00164,0.003744
171,69,3.0,2,,2,2,8,0.00239,0.007848,0.017765
171,131,3.0,5,,2,2,5,0.0,0.0,0.0
171,139,3.0,2,,2,2,5,0.0,0.0,0.0
171,171,3.0,1,,2,2,1,0.135894,0.922002,0.03334
171,171,4.0,1,,2,2,1,0.0,0.0,0.0
171,171,3.0,3,,2,2,1,0.135894,0.15054,0.004577
171,172,3.0,1,,2,2,3,0.0,0.0,0.0
171,172,4.0,1,,2,2,3,0.0,0.0,0.0
171,172,3.0,5,,2,2,3,0.00938,0.009646,0.002717
171,179,3.0,1,,2,2,2,0.031306,0.053069,0.011727
171,179,4.0,1,,2,2,2,0.0,0.0,0.0
171,179,3.0,5,,2,2,2,0.02293,0.012176,0.002555
171,181,3.0,1,,2,2,1,0.0,0.0,0.0
171,182,3.0,1,,2,2,2,0.0,0.0,0.0
171,189,3.0,1,,2,2,2,0.0,0.0,0.0
171,189,3.0,5,,2,2,2,0.0,0.0,0.0
171,190,3.0,1,,2,2,3,0.0,0.0,0.0
171,190,3.0,5,,2,2,3,0.0,0.0,0.0
171,271,3.0,1,,2,2,3,0.0,0.0,0.0
171,271,3.0,5,,2,2,3,0.0,0.0,0.0
171,279,3.0,5,,2,2,4,0.0,0.0,0.0
171,341,3.0,3,,2,2,7,0.0,0.0,0.0
171,342,3.0,3,,2,2,7,0.0,0.0,0.0
171,361,3.0,2,,2,2,5,0.0,0.0,0.0
171,362,3.0,2,,2,2,4,0.0,0.0,0.0
171,363,3.0,3,,2,2,7,0.0,0.0,0.0
171,363,3.0,5,,2,2,5,0.0,0.0,0.0
171,364,3.0,5,,2,2,4,0.0,0.0,0.0
171,369,3.0,5,,2,2,5,0.0,0.0,0.0
171,380,3.0,5,,2,2,5,0.0165,0.022311,0.0193
171,551,3.0,3,,2,2,2,0.0,0.0,0.0
171,559,3.0,3,,2,2,4,0.0,0.0,0.0
190,311,4.0,1,,2,2,2,0.0,0.0,0.0
190,319,4.0,1,,2,2,3,0.0,0.0,0.0
190,341,4.0,1,,2,2,6,0.007903,0.000669,0.000771
190,342,4.0,1,,2,2,6,0.001324,0.000112,0.000132
212,61,4.0,4,,2,2,7,0.0,0.0,0.0
212,363,4.0,4,,2,2,4,0.0,0.0,0.0
223,221,3.0,3,,2,2,2,0.0,0.0,0.0
223,223,3.0,2,,2,2,1,0.0,0.0,0.0
223,223,3.0,3,,2,2,1,0.0,0.0,0.0
223,229,3.0,1,,2,2,2,0.0,0.0,0.0
241,61,3.0,2,,2,2,8,0.0,0.0,0.0
241,63,3.0,2,,2,2,8,0.0,0.0,0.0
241,64,3.0,2,,2,2,8,0.0,0.0,0.0
241,69,3.0,2,,2,2,8,0.0,0.0,0.0
241,241,3.0,1,,2,2,1,0.222081,0.183421,0.004654
241,241,3.0,2,,2,2,1,0.024195,0.017121,0.000694
241,242,3.0,1,,2,2,1,0.178153,0.14507,0.006889
241,249,3.0,1,,2,2,1,0.038467,0.031323,0.002992
241,341,3.0,1,,2,2,2,0.012836,0.012462,0.002448
241,342,3.0,2,,2,2,2,0.002151,0.002088,0.000309
241,363,3.0,2,,2,2,3,0.0,0.0,0.0
241,511,3.0,2,,2,2,2,0.0,0.0,0.0
241,512,3.0,1,,2,2,2,0.0,0.0,0.0
241,513,3.0,1,,2,2,1,0.0,0.0,0.0
241,519,3.0,1,,2,2,2,0.0,0.0,0.0
241,531,3.0,2,,2,2,8,0.0,0.0,0.0
241,532,3.0,2,,2,2,8,0.0,0.0,0.0
241,539,3.0,2,,2,2,8,0.0,0.0,0.0
251,251,3.0,1,,2,2,1,0.0,0.0,0.0
251,251,3.0,2,,2,2,1,0.0,0.0,0.0
251,259,3.0,1,,2,2,2,0.0,0.0,0.0
261,261,3.0,1,,2,2,1,0.0,0.0,0.0
261,262,3.0,1,,2,2,2,0.0,0.0,0.0
261,269,3.0,1,,2,2,2,0.0,0.0,0.0
261,269,3.0,2,,2,2,2,0.0,0.0,0.0
261,363,3.0,2,,2,2,5,0.0,0.0,0.0
271,271,4.0,1,,2,2,1,0.0,0.0,0.0
271,279,4.0,1,,2,2,2,0.0,0.0,0.0
321,61,4.0,1,,2,2,3,0.003684,0.000312,8.2e-05
321,64,4.0,1,,2,2,4,0.001952,0.000165,9.3e-05
321,64,4.0,4,,2,2,3,0.0,0.0,0.0
321,321,4.0,1,,2,2,1,0.0,0.0,0.0
321,341,4.0,4,,2,2,8,0.0,0.0,0.0
321,342,4.0,4,,2,2,8,0.0,0.0,0.0
341,61,3.0,5,,2,2,8,0.075219,0.048467,0.251458
341,62,3.0,2,,2,2,8,0.00849,0.005471,0.016689
341,63,3.0,2,,2,2,8,0.014619,0.00942,0.029759
341,63,3.0,5,,2,2,8,0.0,0.0,0.0
341,64,3.0,5,,2,2,8,0.070779,0.045606,0.270085
341,65,3.0,5,,2,2,8,0.002497,0.001609,0.005525
341,69,3.0,5,,2,2,8,0.010127,0.006525,0.024869
341,122,3.0,3,,2,2,6,0.0,0.0,0.0
341,129,3.0,1,,2,2,6,0.0,0.0,0.0
341,160,3.0,5,,2,2,8,0.0,0.0,0.0
341,171,3.0,1,,2,2,5,0.0,0.0,0.0
341,171,3.0,2,,2,2,5,0.0,0.0,0.0
341,171,3.0,5,,2,2,5,0.0,0.0,0.0
341,172,3.0,2,,2,2,6,0.0,0.0,0.0
341,179,3.0,1,,2,2,5,0.0,0.0,0.0
341,179,3.0,2,,2,2,6,0.0,0.0,0.0
341,179,3.0,5,,2,2,6,0.0,0.0,0.0
341,221,3.0,1,,2,2,6,0.0,0.0,0.0
341,223,3.0,3,,2,2,7,0.0,0.0,0.0
341,229,3.0,1,,2,2,6,0.0,0.0,0.0
341,241,3.0,1,,2,2,2,0.0,0.0,0.0
341,242,3.0,1,,2,2,2,0.0,0.0,0.0
341,249,3.0,1,,2,2,2,0.0,0.0,0.0
341,280,3.0,2,,2,2,6,0.0,0.0,0.0
341,291,3.0,5,,2,2,6,0.0,0.0,0.0
341,292,3.0,1,,2,2,6,0.0,0.0,0.0
341,299,3.0,2,,2,2,6,0.0,0.0,0.0
341,299,3.0,5,,2,2,6,0.0,0.0,0.0
341,341,3.0,1,,2,2,1,1.598245,1.479763,0.048834
341,341,3.0,2,,2,2,1,0.07433,0.058407,0.002254
341,341,3.0,3,,2,2,1,0.037322,0.029351,0.002552
341,341,3.0,5,,2,2,1,0.0,0.0,0.0
341,342,3.0,1,,2,2,1,0.260434,0.204644,0.019362
341,342,3.0,5,,2,2,2,0.026043,0.020464,0.002249
341,361,3.0,1,,2,2,2,0.048605,0.034677,0.00648
341,361,3.0,5,,2,2,2,0.006897,0.00491,0.001041
341,362,3.0,1,,2,2,3,0.050861,0.036208,0.013476
341,362,3.0,5,,2,2,3,0.007266,0.005173,0.00245
341,363,3.0,1,,2,2,1,1.049022,0.746797,0.038193
341,363,3.0,2,,2,2,1,0.087418,0.062233,0.004647
341,364,3.0,1,,2,2,3,0.056808,0.040442,0.012768
341,364,3.0,5,,2,2,3,0.0,0.0,0.0
341,369,3.0,1,,2,2,3,0.088665,0.06312,0.015915
341,369,3.0,5,,2,2,3,0.0,0.0,0.0
341,380,3.0,1,,2,2,7,0.0335,0.044622,0.081259
341,380,3.0,5,,2,2,7,0.0,0.0,0.0
341,481,3.0,5,,2,2,8,0.002001,0.001885,0.004578
341,483,3.0,2,,2,2,7,0.0,0.0,0.0
341,484,3.0,1,,2,2,7,0.007609,0.007168,0.0111
341,485,3.0,5,,2,2,8,0.0,0.0,0.0
341,486,3.0,2,,2,2,7,0.006802,0.006407,0.011331
341,488,3.0,5,,2,2,8,0.001659,0.001563,0.00386
341,489,3.0,1,,2,2,7,0.003587,0.003379,0.005791
341,512,3.0,1,,2,2,3,0.0,0.0,0.0
341,513,3.0,2,,2,2,3,0.0,0.0,0.0
341,519,3.0,1,,2,2,3,0.0,0.0,0.0
341,531,3.0,5,,2,2,8,0.014549,0.017462,0.054338
341,532,3.0,2,,2,2,8,0.000927,0.001113,0.0035
341,539,3.0,5,,2,2,8,0.002938,0.003527,0.011568
341,551,3.0,1,,2,2,5,0.0,0.0,0.0
341,551,3.0,5,,2,2,6,0.0,0.0,0.0
341,559,3.0,1,,2,2,6,0.0,0.0,0.0
341,559,3.0,2,,2,2,6,0.0,0.0,0.0
341,559,3.0,5,,2,2,6,0.0,0.0,0.0
363,341,3.0,1,,2,2,1,0.010805,0.002125,7.9e-05
363,342,3.0,1,,2,2,2,0.001811,0.000356,4e-05
363,342,3.0,5,,2,2,2,0.0,0.0,0.0
363,361,3.0,1,,2,2,2,0.003504,0.001107,0.000201
363,362,3.0,1,,2,2,3,0.003691,0.001167,0.000448
363,363,3.0,1,,2,2,1,0.069429,0.021429,0.000549
363,363,4.0,1,,2,2,1,0.0,0.0,0.0
363,363,3.0,5,,2,2,1,0.005551,0.001754,4.9e-05
363,364,3.0,1,,2,2,3,0.003607,0.00114,0.000368
363,369,3.0,1,,2,2,3,0.00563,0.00178,0.000453
363,369,4.0,1,,2,2,3,0.0,0.0,0.0
371,371,4.0,1,,2,2,1,0.001839,0.000156,4e-06
371,372,4.0,1,,2,2,1,0.0,0.0,0.0
371,373,4.0,1,,2,2,2,0.001722,0.000146,2.3e-05
371,379,4.0,1,,2,2,2,0.001996,0.000169,3.1e-05
371,459,4.0,1,,2,2,2,0.0,0.0,0.0
392,391,3.0,2,,2,2,3,0.0,0.0,0.0
392,392,3.0,1,,2,2,1,0.0,0.0,0.0
392,393,3.0,1,,2,2,2,0.0,0.0,0.0
392,394,3.0,1,,2,2,2,0.0,0.0,0.0
392,399,3.0,1,,2,2,2,0.0,0.0,0.0
394,391,4.0,1,,2,2,1,0.001976,0.000167,8e-06
394,392,4.0,1,,2,2,2,0.003399,0.000288,6.2e-05
394,393,4.0,1,,2,2,1,0.00326,0.000276,2.7e-05
394,394,4.0,1,,2,2,1,0.0,0.0,0.0
394,399,4.0,1,,2,2,2,0.001939,0.000164,2.4e-05
411,411,3.0,1,,2,2,1,0.036717,0.194263,0.00755
411,411,4.0,1,,2,2,1,0.0,0.0,0.0
411,411,3.0,2,,2,2,1,0.0,0.0,0.0
411,411,3.0,3,,2,2,1,0.018421,0.02459,0.001378
411,419,3.0,1,,2,2,2,0.01762,0.037856,0.007932
411,419,4.0,1,,2,2,2,0.0,0.0,0.0
421,131,3.0,2,,2,2,5,0.0,0.0,0.0
421,139,3.0,2,,2,2,5,0.0,0.0,0.0
421,421,3.0,1,,2,2,1,0.0,0.0,0.0
421,421,3.0,2,,2,2,1,0.0,0.0,0.0
421,421,3.0,3,,2,2,1,0.0,0.0,0.0
421,422,3.0,1,,2,2,3,0.0,0.0,0.0
421,423,3.0,1,,2,2,1,0.0,0.0,0.0
421,429,3.0,1,,2,2,2,0.0,0.0,0.0
421,511,3.0,1,,2,2,3,0.0,0.0,0.0
421,512,3.0,1,,2,2,3,0.0,0.0,0.0
421,513,3.0,1,,2,2,2,0.0,0.0,0.0
421,519,3.0,1,,2,2,3,0.0,0.0,0.0
451,50,3.0,1,,2,2,5,0.0,0.0,0.0
451,61,3.0,5,,2,2,8,0.013572,0.018324,0.085772
451,62,3.0,2,,2,2,8,0.00252,0.002648,0.008024
451,63,3.0,2,,2,2,8,0.002861,0.003598,0.010793
451,64,3.0,2,,2,2,8,0.012878,0.017344,0.05509
451,65,3.0,2,,2,2,8,0.0,0.0,0.0
451,69,3.0,2,,2,2,8,0.001854,0.00248,0.007615
451,131,3.0,1,,2,2,3,0.00387,0.000733,0.000237
451,139,3.0,1,,2,2,3,0.0,0.0,0.0
451,291,3.0,2,,2,2,6,0.07448,0.044726,0.059506
451,292,3.0,2,,2,2,6,0.147398,0.088513,0.092565
451,299,3.0,2,,2,2,6,0.076137,0.045719,0.052825
451,363,3.0,2,,2,2,5,0.0,0.0,0.0
451,371,3.0,1,,2,2,2,0.003508,0.001061,0.000238
451,372,3.0,1,,2,2,3,0.001633,0.000552,0.00016
451,373,3.0,1,,2,2,3,0.002685,0.000881,0.000251
451,373,3.0,5,,2,2,3,0.0,0.0,0.0
451,379,3.0,1,,2,2,3,0.003304,0.000857,0.000243
451,391,3.0,2,,2,2,5,0.0,0.0,0.0
451,392,3.0,2,,2,2,5,0.0,0.0,0.0
451,393,3.0,1,,2,2,4,0.0,0.0,0.0
451,394,3.0,5,,2,2,5,0.0,0.0,0.0
451,399,3.0,2,,2,2,5,0.0,0.0,0.0
451,451,3.0,1,,2,2,1,0.010021,0.003289,5.5e-05
451,451,3.0,2,,2,2,1,0.001938,0.000645,1.7e-05
451,452,3.0,1,,2,2,2,0.019659,0.006448,0.001335
451,452,3.0,2,,2,2,2,0.001685,0.000566,0.00014
451,459,3.0,1,,2,2,2,0.026691,0.008759,0.001061
451,459,3.0,2,,2,2,2,0.001691,0.000616,8.1e-05
451,459,3.0,5,,2,2,2,0.003168,0.001032,0.000135
451,472,3.0,1,,2,2,4,0.0,0.0,0.0
451,479,3.0,1,,2,2,4,0.0,0.0,0.0
452,61,4.0,4,,2,2,8,0.002406,0.000217,0.000441
452,64,4.0,1,,2,2,8,0.002645,0.000224,0.000596
471,61,4.0,4,,2,2,7,0.0,0.0,0.0
471,64,4.0,4,,2,2,7,0.0,0.0,0.0
471,363,4.0,4,,2,2,5,0.0,0.0,0.0
481,484,4.0,1,,2,2,2,0.0,0.0,0.0
481,486,4.0,1,,2,2,2,0.0,0.0,0.0
481,489,4.0,1,,2,2,3,0.0,0.0,0.0
486,341,3.0,1,,2,2,7,0.0,0.0,0.0
486,342,3.0,1,,2,2,7,0.0,0.0,0.0
486,481,3.0,1,,2,2,2,0.03322,0.011015,0.001841
486,482,3.0,1,,2,2,2,0.004619,0.001533,0.000165
486,483,3.0,1,,2,2,2,0.00521,0.001728,0.000388
486,484,3.0,1,,2,2,3,0.09024,0.029921,0.008236
486,484,3.0,2,,2,2,3,0.024064,0.007979,0.00248
486,484,3.0,5,,2,2,3,0.012058,0.003999,0.001259
486,485,3.0,1,,2,2,4,0.005419,0.001797,0.001337
486,486,3.0,1,,2,2,1,0.0,0.0,0.0
486,486,3.0,2,,2,2,1,0.056465,0.357514,0.018858
486,486,3.0,3,,2,2,1,0.056465,0.018722,0.001057
486,487,3.0,1,,2,2,3,0.00163,0.00054,0.000178
486,488,3.0,1,,2,2,2,0.025758,0.008568,0.001839
486,488,3.0,5,,2,2,2,0.002296,0.000761,0.000176
486,489,3.0,1,,2,2,3,0.041212,0.013665,0.004454
486,489,3.0,2,,2,2,3,0.007297,0.002421,0.000799
486,489,3.0,5,,2,2,3,0.004888,0.001623,0.000616
486,511,3.0,2,,2,2,6,0.0,0.0,0.0
486,512,3.0,3,,2,2,8,0.0,0.0,0.0
486,513,3.0,2,,2,2,6,0.0,0.0,0.0
486,519,3.0,3,,2,2,8,0.0,0.0,0.0
491,61,4.0,1,,2,2,4,0.002653,0.000225,0.000152
491,61,4.0,4,,2,2,4,0.0,0.0,0.0
491,64,4.0,1,,2,2,5,0.003457,0.000293,0.00022
491,64,4.0,4,,2,2,4,0.0,0.0,0.0
491,69,4.0,4,,2,2,4,0.0,0.0,0.0
491,341,4.0,4,,2,2,7,0.0,0.0,0.0
491,342,4.0,4,,2,2,7,0.0,0.0,0.0
491,491,4.0,1,,2,2,1,0.002728,0.000231,9e-06
491,499,4.0,1,,2,2,2,0.0,0.0,0.0
511,511,3.0,2,,2,2,1,0.001652,0.000345,1e-05
511,512,3.0,2,,2,2,2,0.001584,0.00033,3.5e-05
511,513,3.0,2,,2,2,2,0.005323,0.00111,0.000173
511,519,3.0,2,,2,2,2,0.001947,0.000406,7.5e-05
512,50,3.0,3,,2,2,8,0.0,0.0,0.0
512,61,3.0,5,,2,2,8,0.0835,0.030846,0.163077
512,62,3.0,2,,2,2,8,0.009742,0.00359,0.011324
512,63,3.0,5,,2,2,8,0.01646,0.006064,0.033552
512,64,3.0,5,,2,2,8,0.078822,0.029084,0.175288
512,65,3.0,5,,2,2,8,0.002772,0.001024,0.003962
512,69,3.0,5,,2,2,8,0.011415,0.004223,0.017231
512,131,3.0,1,,2,2,4,0.070695,0.033728,0.01994
512,132,3.0,2,,2,2,4,0.003697,0.001757,0.000978
512,139,3.0,1,,2,2,4,0.017332,0.008239,0.005
512,151,3.0,5,,2,2,8,0.0,0.0,0.0
512,171,3.0,1,,2,2,5,0.002549,0.001751,0.001597
512,179,3.0,1,,2,2,5,0.0,0.0,0.0
512,212,3.0,1,,2,2,4,0.003038,0.000344,0.000225
512,219,3.0,1,,2,2,4,0.003905,0.000445,0.000287
512,221,3.0,2,,2,2,6,0.0,0.0,0.0
512,222,3.0,2,,2,2,6,0.0,0.0,0.0
512,223,3.0,2,,2,2,6,0.0,0.0,0.0
512,229,3.0,2,,2,2,6,0.0,0.0,0.0
512,241,3.0,2,,2,2,3,0.0,0.0,0.0
512,242,3.0,2,,2,2,2,0.0,0.0,0.0
512,249,3.0,1,,2,2,2,0.0,0.0,0.0
512,251,3.0,2,,2,2,5,0.0,0.0,0.0
512,271,3.0,2,,2,2,6,0.0,0.0,0.0
512,341,3.0,1,,2,2,3,0.013932,0.00656,0.002607
512,342,3.0,3,,2,2,3,0.002325,0.001092,0.000314
512,362,3.0,2,,2,2,5,0.0,0.0,0.0
512,363,3.0,3,,2,2,3,0.0,0.0,0.0
512,369,3.0,2,,2,2,4,0.0,0.0,0.0
512,371,3.0,1,,2,2,3,0.018573,0.005841,0.001967
512,372,3.0,1,,2,2,3,0.007258,0.002305,0.000633
512,372,3.0,5,,2,2,3,0.002687,0.000851,0.000288
512,373,3.0,1,,2,2,2,0.015842,0.005027,0.001
512,379,3.0,1,,2,2,2,0.013356,0.0041,0.000987
512,379,3.0,2,,2,2,3,0.0,0.0,0.0
512,379,3.0,5,,2,2,3,0.002742,0.000859,0.000268
512,391,3.0,1,,2,2,4,0.001134,0.000394,0.000239
512,391,3.0,5,,2,2,4,0.0,0.0,0.0
512,392,3.0,1,,2,2,4,0.001951,0.000677,0.000378
512,392,3.0,2,,2,2,4,0.0,0.0,0.0
512,392,3.0,5,,2,2,4,0.0,0.0,0.0
512,393,3.0,1,,2,2,4,0.0,0.0,0.0
512,393,3.0,2,,2,2,4,0.0,0.0,0.0
512,393,3.0,5,,2,2,4,0.0,0.0,0.0
512,394,3.0,1,,2,2,4,0.0,0.0,0.0
512,394,3.0,2,,2,2,5,0.0,0.0,0.0
512,394,3.0,5,,2,2,5,0.0,0.0,0.0
512,399,3.0,1,,2,2,4,0.001113,0.000386,0.000221
512,399,3.0,2,,2,2,4,0.0,0.0,0.0
512,399,3.0,5,,2,2,4,0.0,0.0,0.0
512,421,3.0,3,,2,2,3,0.0,0.0,0.0
512,422,3.0,2,,2,2,4,0.0,0.0,0.0
512,429,3.0,2,,2,2,4,0.0,0.0,0.0
512,441,3.0,2,,2,2,5,0.0,0.0,0.0
512,451,3.0,2,,2,2,3,0.003062,0.000593,0.000241
512,452,3.0,5,,2,2,4,0.004257,0.000438,0.000221
512,459,3.0,2,,2,2,3,0.005722,0.001109,0.000457
512,511,3.0,1,,2,2,1,0.293961,0.075189,0.007084
512,511,3.0,2,,2,2,1,0.0,0.0,0.0
512,511,3.0,5,,2,2,2,0.039188,0.010024,0.001005
512,512,3.0,1,,2,2,1,0.307575,0.162047,0.004393
512,512,3.0,2,,2,2,1,0.0,0.0,0.0
512,512,3.0,3,,2,2,1,0.01277,0.003377,0.000105
512,513,3.0,1,,2,2,2,0.939671,0.240733,0.042241
512,513,3.0,5,,2,2,2,0.134632,0.034402,0.008331
512,519,3.0,1,,2,2,2,0.339283,0.086757,0.017624
512,519,3.0,2,,2,2,3,0.0,0.0,0.0
512,519,3.0,5,,2,2,3,0.054185,0.013823,0.003517
531,61,3.0,1,,2,2,6,0.001171,0.001797,0.002092
531,61,3.0,2,,2,2,6,0.002342,0.003594,0.004626
531,61,3.0,5,,2,2,6,0.002342,0.003594,0.005149
531,62,3.0,5,,2,2,5,0.000661,0.001014,0.000971
531,63,3.0,3,,2,2,7,0.001332,0.002045,0.00308
531,64,3.0,1,,2,2,5,0.002755,0.004227,0.003443
531,64,3.0,5,,2,2,6,0.002755,0.004227,0.004452
531,69,3.0,1,,2,2,5,0.000788,0.00121,0.000941
531,131,3.0,2,,2,2,8,0.0,0.0,0.0
531,139,3.0,2,,2,2,8,0.0,0.0,0.0
531,341,3.0,5,,2,2,8,0.0,0.0,0.0
531,380,3.0,1,,2,2,6,0.0,0.0,0.0
531,380,3.0,2,,2,2,6,0.0,0.0,0.0
531,411,3.0,1,,2,2,2,0.0,0.0,0.0
531,411,4.0,1,,2,2,2,0.0,0.0,0.0
531,411,3.0,5,,2,2,2,0.0,0.0,0.0
531,419,3.0,1,,2,2,3,0.0,0.0,0.0
531,419,4.0,1,,2,2,3,0.0,0.0,0.0
531,531,3.0,1,,2,2,1,0.048038,0.125126,0.006788
531,531,4.0,1,,2,2,1,0.0,0.0,0.0
531,531,3.0,2,,2,2,1,0.0,0.0,0.0
531,531,3.0,3,,2,2,1,0.016013,0.008242,0.00037
531,532,3.0,1,,2,2,2,0.004082,0.002101,0.000348
531,532,3.0,2,,2,2,2,0.0,0.0,0.0
531,532,3.0,5,,2,2,2,0.0,0.0,0.0
531,539,3.0,1,,2,2,2,0.006468,0.003329,0.000662
531,539,4.0,1,,2,2,2,0.0,0.0,0.0
531,539,3.0,2,,2,2,2,0.006468,0.003329,0.000807
12,11,3.0,1,,2,2,3,0.0,0.0,0.0
12,12,3.0,1,,2,2,1,0.0,0.0,0.0
12,19,3.0,1,,2,2,2,0.002135,0.000385,8.6e-05
12,61,3.0,1,,2,2,8,0.0,0.0,0.0
12,61,3.0,2,,2,2,8,0.004422,0.001258,0.002679
12,62,3.0,2,,2,2,8,0.0,0.0,0.0
12,63,3.0,2,,2,2,8,0.0,0.0,0.0
12,64,3.0,1,,2,2,8,0.003823,0.00114,0.002706
12,64,3.0,2,,2,2,8,0.0,0.0,0.0
12,65,3.0,2,,2,2,8,0.0,0.0,0.0
12,69,3.0,2,,2,2,8,0.0,0.0,0.0
12,171,3.0,2,,2,2,5,0.0,0.0,0.0
12,172,3.0,2,,2,2,5,0.0,0.0,0.0
12,179,3.0,2,,2,2,5,0.0,0.0,0.0
12,341,3.0,5,,2,2,7,0.002513,0.000428,0.00079
12,342,3.0,2,,2,2,6,0.0,0.0,0.0
41,491,4.0,4,,2,2,4,0.0,0.0,0.0
61,19,3.0,1,,2,2,8,0.001854,0.000843,0.001753
61,41,3.0,1,,2,2,3,0.0,0.0,0.0
61,41,3.0,2,,2,2,4,0.0,0.0,0.0
61,41,3.0,5,,2,2,4,0.0,0.0,0.0
61,42,3.0,1,,2,2,4,0.0,0.0,0.0
61,49,3.0,1,,2,2,3,0.0,0.0,0.0
61,50,3.0,1,,2,2,7,1.224604,1.388545,2.315827
61,50,3.0,5,,2,2,7,0.326433,0.370246,0.693084
61,61,3.0,1,,2,2,1,28.869049,53.070038,2.594648
61,61,4.0,1,,2,2,1,0.0,0.0,0.0
61,61,3.0,2,,2,2,1,7.136688,10.550379,0.80118
61,61,3.0,3,,2,2,1,1.923084,2.857654,0.156109
61,61,3.0,5,,2,2,1,6.730795,10.00179,0.78329
61,62,3.0,1,,2,2,3,5.040872,7.482417,3.176653
61,62,4.0,4,,2,2,3,0.0,0.0,0.0
61,63,3.0,1,,2,2,2,8.17404,12.132311,1.574327
61,63,4.0,1,,2,2,2,0.0,0.0,0.0
61,63,3.0,2,,2,2,2,0.0,0.0,0.0
61,63,3.0,5,,2,2,2,0.505679,0.751426,0.11007
61,64,3.0,1,,2,2,3,26.033289,38.667858,14.970069
61,64,3.0,3,,2,2,3,5.584885,8.247202,3.878283
61,64,4.0,4,,2,2,3,0.0,0.0,0.0
61,64,3.0,5,,2,2,3,10.405016,15.461588,7.239028
61,65,3.0,1,,2,2,2,1.482072,2.20051,0.531964
61,65,4.0,1,,2,2,2,0.0,0.0,0.0
61,65,3.0,5,,2,2,3,0.0,0.0,0.0
61,69,3.0,1,,2,2,3,5.532673,8.218987,3.170435
61,69,4.0,1,,2,2,3,0.0,0.0,0.0
61,69,3.0,2,,2,2,3,0.480009,0.705937,0.276307
61,81,3.0,5,,2,2,6,0.539565,0.631435,0.811429
61,89,3.0,1,,2,2,5,0.166298,0.194612,0.190688
61,89,3.0,2,,2,2,6,0.023757,0.027802,0.034728
61,121,3.0,2,,2,2,8,0.0,0.0,0.0
61,121,3.0,5,,2,2,8,0.00725,0.011032,0.0327
61,122,3.0,2,,2,2,8,0.030305,0.046112,0.135715
61,122,3.0,5,,2,2,8,0.0,0.0,0.0
61,123,3.0,5,,2,2,8,0.014289,0.021742,0.05841
61,124,3.0,5,,2,2,8,0.014248,0.021679,0.053997
61,129,3.0,5,,2,2,8,0.018771,0.028562,0.072645
61,131,3.0,1,,2,2,8,0.0,0.0,0.0
61,131,3.0,5,,2,2,8,0.0,0.0,0.0
61,132,3.0,2,,2,2,8,0.0,0.0,0.0
61,139,3.0,1,,2,2,8,0.0,0.0,0.0
61,151,3.0,3,,2,2,8,0.0,0.0,0.0
61,151,4.0,4,,2,2,8,0.0,0.0,0.0
61,159,3.0,3,,2,2,8,0.0,0.0,0.0
61,171,3.0,2,,2,2,8,0.787128,1.032502,2.257262
61,172,3.0,1,,2,2,7,0.022639,0.029696,0.056466
61,172,3.0,5,,2,2,8,0.004528,0.005939,0.012379
61,179,3.0,1,,2,2,7,0.119375,0.156589,0.307097
61,179,3.0,2,,2,2,8,0.018849,0.024725,0.052925
61,179,3.0,5,,2,2,8,0.018849,0.024725,0.05315
61,181,3.0,2,,2,2,8,0.0,0.0,0.0
61,182,3.0,2,,2,2,8,0.0,0.0,0.0
61,183,3.0,2,,2,2,8,0.0,0.0,0.0
61,189,3.0,2,,2,2,8,0.0,0.0,0.0
61,190,3.0,1,,2,2,7,0.0,0.0,0.0
61,190,3.0,2,,2,2,7,0.0,0.0,0.0
61,201,3.0,1,,2,2,7,0.015043,0.03051,0.049466
61,202,3.0,1,,2,2,6,0.00655,0.013326,0.019301
61,202,3.0,5,,2,2,7,0.000936,0.001904,0.002988
61,209,3.0,1,,2,2,6,0.009444,0.019213,0.026547
61,211,3.0,1,,2,2,8,0.002424,0.002564,0.005728
61,212,3.0,1,,2,2,8,0.006115,0.006467,0.013871
61,212,3.0,5,,2,2,8,0.002038,0.002156,0.005052
61,219,3.0,1,,2,2,8,0.006452,0.006823,0.014664
61,219,3.0,2,,2,2,8,0.001985,0.0021,0.00499
61,219,3.0,5,,2,2,8,0.001985,0.0021,0.005096
61,221,3.0,1,,2,2,7,0.024844,0.050276,0.092812
61,221,3.0,2,,2,2,7,0.008281,0.016759,0.032161
61,221,3.0,5,,2,2,7,0.008281,0.016759,0.032171
61,222,3.0,1,,2,2,7,0.00474,0.009524,0.016374
61,222,3.0,2,,2,2,7,0.004706,0.009523,0.017068
61,223,3.0,1,,2,2,7,0.062092,0.125655,0.239808
61,223,3.0,2,,2,2,8,0.0,0.0,0.0
61,229,3.0,1,,2,2,7,0.047651,0.096397,0.1695
61,229,3.0,2,,2,2,7,0.009527,0.019279,0.035228
61,229,3.0,5,,2,2,7,0.009527,0.019279,0.03623
61,241,3.0,2,,2,2,8,0.0,0.0,0.0
61,242,3.0,2,,2,2,8,0.0,0.0,0.0
61,249,3.0,2,,2,2,8,0.0,0.0,0.0
61,261,3.0,2,,2,2,8,0.0,0.0,0.0
61,262,3.0,2,,2,2,8,0.0,0.0,0.0
61,269,3.0,2,,2,2,8,0.0,0.0,0.0
61,271,3.0,1,,2,2,7,0.121364,0.168127,0.324445
61,271,3.0,2,,2,2,8,0.016182,0.022417,0.049393
61,271,3.0,5,,2,2,8,0.439421,0.63035,1.402642
61,279,3.0,1,,2,2,7,0.019506,0.027022,0.051483
61,279,3.0,2,,2,2,8,0.014629,0.020266,0.046436
61,279,3.0,5,,2,2,8,0.114897,0.164751,0.384801
61,291,3.0,1,,2,2,7,0.048825,0.064972,0.107952
61,291,3.0,2,,2,2,7,0.004439,0.005907,0.010658
61,291,3.0,5,,2,2,7,0.013316,0.01772,0.032054
61,292,3.0,1,,2,2,7,0.105411,0.14027,0.259295
61,292,3.0,2,,2,2,8,0.013176,0.017534,0.035759
61,292,3.0,5,,2,2,8,0.013176,0.017534,0.035815
61,299,3.0,1,,2,2,7,0.037097,0.049365,0.086446
61,299,3.0,2,,2,2,7,0.018548,0.024682,0.046938
61,299,3.0,5,,2,2,7,0.012366,0.016455,0.031559
61,311,3.0,2,,2,2,7,0.0,0.0,0.0
61,319,3.0,2,,2,2,7,0.0,0.0,0.0
61,321,3.0,1,,2,2,3,0.0,0.0,0.0
61,329,3.0,1,,2,2,4,0.0,0.0,0.0
61,341,3.0,5,,2,2,8,0.256423,0.457066,1.865233
61,342,3.0,5,,2,2,8,0.042969,0.076591,0.319848
61,361,3.0,2,,2,2,8,0.003607,0.006355,0.019251
61,362,3.0,5,,2,2,8,0.0038,0.006694,0.018373
61,363,3.0,2,,2,2,8,0.0,0.0,0.0
61,363,4.0,4,,2,2,8,0.0,0.0,0.0
61,363,3.0,5,,2,2,8,0.074298,0.130884,0.555913
61,364,3.0,5,,2,2,8,0.003714,0.006543,0.018442
61,369,3.0,5,,2,2,8,0.005797,0.010212,0.030931
61,371,3.0,2,,2,2,8,0.0,0.0,0.0
61,372,3.0,2,,2,2,8,0.0,0.0,0.0
61,373,3.0,2,,2,2,8,0.0,0.0,0.0
61,379,3.0,2,,2,2,8,0.0,0.0,0.0
61,391,3.0,1,,2,2,8,0.011392,0.021153,0.047271
61,391,3.0,5,,2,2,8,0.004327,0.007563,0.018543
61,392,3.0,2,,2,2,8,0.002799,0.005198,0.013288
61,392,3.0,5,,2,2,8,0.023792,0.04418,0.113147
61,393,3.0,1,,2,2,8,0.013137,0.023246,0.053713
61,393,3.0,5,,2,2,8,0.006159,0.011437,0.029144
61,394,3.0,1,,2,2,8,0.007032,0.013057,0.029139
61,399,3.0,1,,2,2,8,0.01138,0.021131,0.048895
61,399,3.0,2,,2,2,8,0.000948,0.001761,0.004438
61,399,3.0,5,,2,2,8,0.002845,0.005283,0.013358
61,401,3.0,1,,2,2,6,0.414834,0.506659,0.682949
61,402,3.0,1,,2,2,6,0.333522,0.407348,0.592244
61,402,3.0,5,,2,2,7,0.047646,0.058193,0.09615
61,409,3.0,1,,2,2,6,0.194083,0.237044,0.321449
61,409,3.0,2,,2,2,7,0.016174,0.019754,0.030492
61,409,3.0,5,,2,2,7,0.016174,0.019754,0.03114
61,411,3.0,1,,2,2,5,0.0,0.0,0.0
61,419,3.0,1,,2,2,5,0.0,0.0,0.0
61,421,3.0,2,,2,2,8,0.0,0.0,0.0
61,422,3.0,2,,2,2,8,0.0,0.0,0.0
61,423,3.0,2,,2,2,8,0.0,0.0,0.0
61,429,3.0,2,,2,2,8,0.0,0.0,0.0
61,460,3.0,2,,2,2,8,0.0,0.0,0.0
61,471,3.0,1,,2,2,7,0.227501,0.242963,0.444273
61,471,3.0,2,,2,2,8,0.075834,0.080988,0.164604
61,471,3.0,5,,2,2,8,0.227501,0.242963,0.495101
61,472,3.0,1,,2,2,8,0.927681,0.990727,2.011627
61,472,3.0,5,,2,2,8,0.11596,0.123841,0.283019
61,473,3.0,1,,2,2,8,0.408963,0.436757,0.962085
61,479,3.0,1,,2,2,8,0.590568,0.630685,1.285214
61,479,3.0,2,,2,2,8,0.059055,0.063068,0.142403
61,479,3.0,5,,2,2,8,0.059055,0.063068,0.145684
61,481,3.0,1,,2,2,6,0.14776,0.222584,0.312994
61,481,3.0,5,,2,2,7,0.14776,0.222584,0.33788
61,482,3.0,1,,2,2,7,0.013621,0.020519,0.033781
61,482,3.0,2,,2,2,7,0.027243,0.041038,0.071107
61,483,3.0,1,,2,2,7,0.04635,0.069821,0.105088
61,484,3.0,1,,2,2,6,0.702407,1.058094,1.523006
61,484,3.0,2,,2,2,6,0.234136,0.352698,0.52867
61,484,3.0,5,,2,2,7,0.187308,0.282158,0.424527
61,485,3.0,1,,2,2,5,0.048202,0.072611,0.059479
61,486,3.0,1,,2,2,7,0.558108,0.840724,1.305871
61,486,3.0,2,,2,2,7,0.334865,0.504434,0.834244
61,486,3.0,5,,2,2,7,0.112031,0.168331,0.278808
61,487,3.0,5,,2,2,7,0.014498,0.021839,0.033982
61,488,3.0,1,,2,2,6,0.183825,0.276911,0.378795
61,488,3.0,5,,2,2,6,0.061275,0.092304,0.133433
61,489,3.0,1,,2,2,6,0.355833,0.536021,0.702398
61,489,3.0,2,,2,2,6,0.029653,0.044668,0.061749
61,489,3.0,5,,2,2,6,0.088958,0.134005,0.195333
61,491,3.0,1,,2,2,4,0.004176,0.001078,0.000741
61,491,4.0,4,,2,2,4,0.0,0.0,0.0
61,491,3.0,5,,2,2,5,0.0,0.0,0.0
61,499,3.0,1,,2,2,4,0.0,0.0,0.0
61,499,4.0,4,,2,2,4,0.0,0.0,0.0
61,511,3.0,2,,2,2,8,0.0,0.0,0.0
61,512,3.0,2,,2,2,8,0.0,0.0,0.0
61,513,3.0,2,,2,2,8,0.0,0.0,0.0
61,519,3.0,2,,2,2,8,0.0,0.0,0.0
61,531,3.0,1,,2,2,6,0.0,0.0,0.0
61,531,3.0,5,,2,2,6,0.0,0.0,0.0
61,532,3.0,1,,2,2,6,0.0,0.0,0.0
61,539,3.0,1,,2,2,6,0.0,0.0,0.0
61,551,3.0,2,,2,2,8,0.0,0.0,0.0
61,559,3.0,2,,2,2,8,0.0,0.0,0.0
64,61,3.0,1,,2,2,3,14.050461,19.870377,7.901539
64,61,3.0,5,,2,2,3,7.02523,9.935188,4.820036
64,62,3.0,1,,2,2,2,2.378919,3.364304,0.400422
64,63,3.0,1,,2,2,3,4.097012,5.79309,2.798765
64,64,3.0,1,,2,2,1,19.832012,28.046808,1.338449
64,65,3.0,1,,2,2,2,0.653122,0.923656,0.153118
64,65,3.0,2,,2,2,2,0.046652,0.065975,0.012318
64,69,3.0,1,,2,2,2,2.688197,3.80169,0.823367
64,69,3.0,2,,2,2,2,0.149344,0.211205,0.049356
64,91,3.0,2,,2,2,8,0.004055,0.000993,0.003193
64,92,3.0,5,,2,2,8,0.006945,0.0017,0.009945
64,121,3.0,2,,2,2,8,0.0,0.0,0.0
64,122,3.0,2,,2,2,8,0.0,0.0,0.0
64,123,3.0,5,,2,2,8,0.0,0.0,0.0
64,124,3.0,2,,2,2,8,0.0,0.0,0.0
64,129,3.0,2,,2,2,8,0.0,0.0,0.0
64,131,3.0,5,,2,2,8,0.303548,0.501864,1.426849
64,132,3.0,2,,2,2,8,0.016149,0.026694,0.082357
64,139,3.0,2,,2,2,8,0.074861,0.12377,0.364085
64,151,3.0,3,,2,2,8,0.0,0.0,0.0
64,159,3.0,3,,2,2,8,0.0,0.0,0.0
64,160,3.0,2,,2,2,6,0.0,0.0,0.0
64,171,3.0,1,,2,2,8,0.011106,0.017804,0.037688
64,172,3.0,2,,2,2,8,0.0,0.0,0.0
64,179,3.0,1,,2,2,8,0.002216,0.003553,0.007468
64,221,3.0,1,,2,2,8,0.005664,0.016058,0.034766
64,222,3.0,2,,2,2,8,0.001287,0.00365,0.008026
64,223,3.0,2,,2,2,8,0.008654,0.024341,0.058659
64,229,3.0,2,,2,2,8,0.009122,0.025863,0.057903
64,261,3.0,2,,2,2,8,0.0,0.0,0.0
64,262,3.0,2,,2,2,8,0.0,0.0,0.0
64,269,3.0,2,,2,2,8,0.0,0.0,0.0
64,271,3.0,1,,2,2,8,0.021107,0.035936,0.07248
64,279,3.0,1,,2,2,7,0.005452,0.009282,0.018155
64,341,3.0,5,,2,2,8,0.0,0.0,0.0
64,342,3.0,2,,2,2,8,0.0,0.0,0.0
64,361,3.0,2,,2,2,8,0.001336,0.002748,0.008493
64,362,3.0,2,,2,2,8,0.001408,0.002895,0.008106
64,363,3.0,2,,2,2,8,0.0,0.0,0.0
64,363,3.0,5,,2,2,8,0.027577,0.056696,0.351858
64,364,3.0,2,,2,2,8,0.001565,0.003137,0.009023
64,369,3.0,2,,2,2,8,0.002147,0.004416,0.013265
64,371,3.0,2,,2,2,8,0.0,0.0,0.0
64,372,3.0,2,,2,2,8,0.0,0.0,0.0
64,373,3.0,2,,2,2,8,0.0,0.0,0.0
64,379,3.0,2,,2,2,8,0.0,0.0,0.0
64,380,3.0,5,,2,2,8,0.082997,0.086227,0.181388
64,411,3.0,3,,2,2,5,0.0,0.0,0.0
64,419,3.0,1,,2,2,4,0.0,0.0,0.0
64,421,3.0,2,,2,2,8,0.0,0.0,0.0
64,422,3.0,2,,2,2,8,0.0,0.0,0.0
64,423,3.0,2,,2,2,8,0.0,0.0,0.0
64,429,3.0,2,,2,2,8,0.0,0.0,0.0
64,481,3.0,5,,2,2,7,0.001163,0.001883,0.003625
64,484,3.0,5,,2,2,7,0.004422,0.00716,0.01359
64,485,3.0,5,,2,2,6,0.0,0.0,0.0
64,486,3.0,1,,2,2,7,0.0,0.0,0.0
64,486,3.0,2,,2,2,8,0.003953,0.006401,0.01318
64,488,3.0,5,,2,2,7,0.000964,0.001562,0.002894
64,489,3.0,1,,2,2,7,0.001867,0.003023,0.004903
64,491,3.0,2,,2,2,5,0.0,0.0,0.0
64,499,3.0,2,,2,2,5,0.0,0.0,0.0
64,531,3.0,1,,2,2,5,0.0,0.0,0.0
64,532,3.0,2,,2,2,5,0.0,0.0,0.0
64,539,3.0,1,,2,2,5,0.0,0.0,0.0
81,81,4.0,1,,2,2,1,0.00218,0.000185,6e-06
81,89,4.0,1,,2,2,2,0.0,0.0,0.0
111,101,3.0,1,,2,2,2,0.004548,0.00047,4.9e-05
111,101,4.0,1,,2,2,2,0.0,0.0,0.0
111,122,4.0,4,,2,2,5,0.0,0.0,0.0
111,129,4.0,4,,2,2,5,0.0,0.0,0.0
111,190,4.0,4,,2,2,5,0.0,0.0,0.0
111,241,4.0,1,,2,2,1,0.0,0.0,0.0
111,242,4.0,1,,2,2,1,0.0,0.0,0.0
111,249,4.0,1,,2,2,2,0.0,0.0,0.0
111,481,4.0,4,,2,2,6,0.0,0.0,0.0
111,482,4.0,4,,2,2,6,0.0,0.0,0.0
111,483,4.0,4,,2,2,6,0.0,0.0,0.0
111,484,4.0,4,,2,2,6,0.0,0.0,0.0
111,485,4.0,4,,2,2,7,0.0,0.0,0.0
111,486,4.0,4,,2,2,6,0.0,0.0,0.0
111,487,4.0,4,,2,2,7,0.0,0.0,0.0
111,488,4.0,4,,2,2,6,0.0,0.0,0.0
111,489,4.0,4,,2,2,6,0.0,0.0,0.0
111,513,4.0,1,,2,2,1,0.00248,0.000217,8e-06
111,519,4.0,1,,2,2,2,0.0,0.0,0.0
121,61,3.0,5,,2,2,8,0.006566,0.009761,0.040071
121,62,3.0,5,,2,2,8,0.001553,0.001851,0.008068
121,63,3.0,2,,2,2,8,0.001088,0.001723,0.004975
121,64,3.0,5,,2,2,8,0.005265,0.008342,0.047626
121,65,3.0,2,,2,2,8,0.0,0.0,0.0
121,69,3.0,5,,2,2,8,0.000753,0.001194,0.004907
121,91,3.0,1,,2,2,6,0.282126,0.366507,0.432384
121,91,3.0,5,,2,2,6,0.056235,0.073126,0.079825
121,92,3.0,1,,2,2,6,0.577871,0.75144,0.844385
121,99,3.0,1,,2,2,6,0.068757,0.089408,0.107925
121,121,3.0,1,,2,2,1,0.459322,0.622292,0.025882
121,122,3.0,1,,2,2,3,1.919982,2.601203,0.794766
121,122,3.0,2,,2,2,3,0.0,0.0,0.0
121,122,3.0,5,,2,2,3,0.0,0.0,0.0
121,123,3.0,1,,2,2,2,0.905268,1.226463,0.158349
121,124,3.0,1,,2,2,2,0.902668,1.22294,0.255396
121,129,3.0,1,,2,2,2,1.189249,1.611202,0.357901
121,129,3.0,5,,2,2,3,0.0,0.0,0.0
121,131,3.0,1,,2,2,3,0.172566,0.227838,0.082311
121,132,3.0,1,,2,2,2,0.009077,0.011984,0.001721
121,139,3.0,1,,2,2,2,0.042558,0.056189,0.013234
121,151,3.0,5,,2,2,8,0.0,0.0,0.0
121,159,3.0,5,,2,2,8,0.0,0.0,0.0
121,171,3.0,2,,2,2,6,0.0,0.0,0.0
121,172,3.0,2,,2,2,6,0.0,0.0,0.0
121,179,3.0,2,,2,2,6,0.0,0.0,0.0
121,241,3.0,2,,2,2,5,0.0,0.0,0.0
121,242,3.0,2,,2,2,5,0.0,0.0,0.0
121,249,3.0,2,,2,2,6,0.0,0.0,0.0
121,251,3.0,1,,2,2,6,0.04358,0.040244,0.051556
121,259,3.0,2,,2,2,6,0.003,0.00277,0.003383
121,341,3.0,2,,2,2,6,0.0,0.0,0.0
121,342,3.0,2,,2,2,5,0.0,0.0,0.0
121,361,3.0,2,,2,2,6,0.0,0.0,0.0
121,362,3.0,2,,2,2,6,0.0,0.0,0.0
121,363,3.0,1,,2,2,6,0.01897,0.017518,0.018259
121,364,3.0,2,,2,2,6,0.0,0.0,0.0
121,369,3.0,1,,2,2,6,0.00148,0.001367,0.001509
121,371,3.0,2,,2,2,4,0.0,0.0,0.0
121,372,3.0,2,,2,2,4,0.0,0.0,0.0
121,373,3.0,2,,2,2,4,0.0,0.0,0.0
121,379,3.0,2,,2,2,4,0.0,0.0,0.0
121,421,3.0,2,,2,2,5,0.0,0.0,0.0
121,422,3.0,2,,2,2,6,0.0,0.0,0.0
121,423,3.0,2,,2,2,6,0.0,0.0,0.0
121,429,3.0,2,,2,2,6,0.0,0.0,0.0
121,481,3.0,1,,2,2,6,0.198141,0.300364,0.316697
121,482,3.0,2,,2,2,5,0.027399,0.041534,0.038244
121,483,3.0,2,,2,2,6,0.031077,0.04711,0.057914
121,484,3.0,1,,2,2,6,0.628121,0.952185,1.013098
121,484,3.0,5,,2,2,7,0.125587,0.190378,0.297708
121,485,3.0,1,,2,2,7,0.032319,0.048992,0.079739
121,486,3.0,1,,2,2,5,0.53885,0.816846,0.748784
121,486,3.0,2,,2,2,6,0.134712,0.204211,0.208975
121,487,3.0,5,,2,2,7,0.00972,0.014735,0.026985
121,488,3.0,1,,2,2,6,0.123252,0.186838,0.206309
121,488,3.0,5,,2,2,7,0.041084,0.062279,0.105696
121,489,3.0,2,,2,2,6,0.318106,0.48222,0.608338
122,61,3.0,5,,2,2,8,0.111129,0.174164,0.6273
122,62,3.0,5,,2,2,8,0.012544,0.019659,0.080496
122,63,3.0,5,,2,2,8,0.021599,0.03385,0.168637
122,64,3.0,5,,2,2,8,0.104569,0.163883,0.897394
122,65,3.0,5,,2,2,8,0.00369,0.005783,0.017688
122,69,3.0,2,,2,2,8,0.014962,0.023449,0.07723
122,91,3.0,2,,2,2,7,0.0,0.0,0.0
122,92,3.0,2,,2,2,7,0.0,0.0,0.0
122,99,3.0,2,,2,2,7,0.0,0.0,0.0
122,121,3.0,1,,2,2,3,0.0,0.0,0.0
122,121,3.0,2,,2,2,3,0.0,0.0,0.0
122,121,3.0,5,,2,2,3,1.209856,1.709847,0.619968
122,122,3.0,1,,2,2,1,1.685748,2.389635,0.117875
122,122,3.0,2,,2,2,1,1.685748,10.673551,0.635652
122,122,3.0,3,,2,2,1,1.685748,2.385695,0.137568
122,123,3.0,1,,2,2,2,1.907585,2.7041,0.645681
122,123,3.0,2,,2,2,3,0.477711,0.675487,0.177063
122,124,3.0,1,,2,2,3,2.378279,3.370443,0.866272
122,124,3.0,5,,2,2,3,0.0,0.0,0.0
122,129,3.0,1,,2,2,3,3.132488,4.440465,1.418965
122,129,3.0,5,,2,2,3,0.0,0.0,0.0
122,221,3.0,2,,2,2,6,0.0,0.0,0.0
122,222,3.0,2,,2,2,6,0.0,0.0,0.0
122,223,3.0,2,,2,2,5,0.0,0.0,0.0
122,229,3.0,2,,2,2,6,0.0,0.0,0.0
122,241,3.0,2,,2,2,6,0.0,0.0,0.0
122,242,3.0,2,,2,2,6,0.0,0.0,0.0
122,249,3.0,2,,2,2,6,0.0,0.0,0.0
122,261,3.0,1,,2,2,6,0.002943,0.000249,0.00034
122,261,3.0,5,,2,2,7,0.001962,7.6e-05,0.000114
122,262,3.0,1,,2,2,6,0.0,0.0,0.0
122,262,3.0,2,,2,2,7,0.0,0.0,0.0
122,262,3.0,5,,2,2,7,0.0,0.0,0.0
122,269,3.0,1,,2,2,7,0.0,0.0,0.0
122,269,3.0,2,,2,2,7,0.0,0.0,0.0
122,269,3.0,5,,2,2,7,0.0,0.0,0.0
122,341,3.0,1,,2,2,6,0.179681,0.326664,0.430027
122,342,3.0,1,,2,2,6,0.029893,0.054731,0.065314
122,361,3.0,1,,2,2,6,0.152529,0.224523,0.335083
122,362,3.0,1,,2,2,6,0.160474,0.236525,0.33007
122,363,3.0,1,,2,2,6,3.137438,4.624317,6.336414
122,364,3.0,1,,2,2,6,0.156834,0.23116,0.326911
122,369,3.0,1,,2,2,6,0.244985,0.360795,0.517502
122,371,3.0,2,,2,2,5,0.0,0.0,0.0
122,372,3.0,2,,2,2,5,0.0,0.0,0.0
122,373,3.0,2,,2,2,5,0.0,0.0,0.0
122,379,3.0,2,,2,2,5,0.0,0.0,0.0
122,421,3.0,1,,2,2,6,0.005988,0.009785,0.011774
122,422,3.0,1,,2,2,6,0.002911,0.004757,0.00559
122,423,3.0,1,,2,2,6,0.000864,0.001412,0.001813
122,429,3.0,1,,2,2,6,0.003786,0.006188,0.007639
122,531,3.0,2,,2,2,8,0.0,0.0,0.0
122,532,3.0,2,,2,2,8,0.0,0.0,0.0
122,539,3.0,2,,2,2,8,0.0,0.0,0.0
124,61,3.0,2,,2,2,8,0.0,0.0,0.0
124,62,3.0,2,,2,2,8,0.0,0.0,0.0
124,63,3.0,2,,2,2,8,0.0,0.0,0.0
124,64,3.0,2,,2,2,8,0.0,0.0,0.0
124,65,3.0,5,,2,2,8,0.0,0.0,0.0
124,69,3.0,2,,2,2,8,0.0,0.0,0.0
124,91,3.0,5,,2,2,7,0.005436,0.007565,0.012711
124,92,3.0,2,,2,2,7,0.00931,0.012956,0.019535
124,99,3.0,1,,2,2,6,0.001108,0.001541,0.002194
124,121,3.0,2,,2,2,2,0.141432,0.212209,0.047915
124,122,3.0,1,,2,2,2,0.59119,0.88704,0.2011
124,123,3.0,2,,2,2,2,0.278745,0.418238,0.050996
124,124,3.0,1,,2,2,1,0.23162,0.347531,0.008029
124,124,3.0,2,,2,2,1,0.046324,0.069506,0.00212
124,129,3.0,1,,2,2,2,0.366187,0.549438,0.107701
124,221,3.0,2,,2,2,5,0.150844,0.227274,0.202692
124,222,3.0,2,,2,2,6,0.034287,0.05166,0.052116
124,223,3.0,2,,2,2,5,0.226203,0.340816,0.282924
124,229,3.0,2,,2,2,5,0.242943,0.366039,0.36381
124,341,3.0,2,,2,2,6,0.0,0.0,0.0
124,342,3.0,2,,2,2,6,0.0,0.0,0.0
124,361,3.0,2,,2,2,6,0.0,0.0,0.0
124,362,3.0,2,,2,2,7,0.0,0.0,0.0
124,363,3.0,2,,2,2,6,0.0,0.0,0.0
124,364,3.0,2,,2,2,7,0.0,0.0,0.0
124,369,3.0,2,,2,2,6,0.0,0.0,0.0
131,50,4.0,4,,2,2,3,0.0,0.0,0.0
131,61,4.0,4,,2,2,7,0.0,0.0,0.0
131,64,4.0,4,,2,2,8,0.0,0.0,0.0
131,131,4.0,1,,2,2,1,0.0,0.0,0.0
131,132,4.0,1,,2,2,2,0.0,0.0,0.0
131,139,4.0,1,,2,2,2,0.0,0.0,0.0
131,261,4.0,4,,2,2,4,0.0,0.0,0.0
131,269,4.0,4,,2,2,4,0.0,0.0,0.0
131,379,4.0,1,,2,2,3,0.0,0.0,0.0
131,391,4.0,4,,2,2,3,0.0,0.0,0.0
131,392,4.0,4,,2,2,4,0.0,0.0,0.0
131,393,4.0,4,,2,2,3,0.0,0.0,0.0
131,394,4.0,4,,2,2,3,0.0,0.0,0.0
131,399,4.0,4,,2,2,3,0.0,0.0,0.0
131,401,4.0,4,,2,2,4,0.0,0.0,0.0
131,402,4.0,4,,2,2,4,0.0,0.0,0.0
131,409,4.0,4,,2,2,5,0.0,0.0,0.0
131,411,4.0,4,,2,2,8,0.0,0.0,0.0
131,419,4.0,4,,2,2,8,0.0,0.0,0.0
131,452,4.0,1,,2,2,2,0.0,0.0,0.0
131,459,4.0,1,,2,2,3,0.0,0.0,0.0
131,471,4.0,4,,2,2,3,0.0,0.0,0.0
131,472,4.0,1,,2,2,3,0.0,0.0,0.0
131,473,4.0,1,,2,2,2,0.0,0.0,0.0
131,479,4.0,1,,2,2,3,0.0,0.0,0.0
132,11,3.0,1,,2,2,3,0.0,0.0,0.0
132,12,3.0,1,,2,2,4,0.0,0.0,0.0
132,19,3.0,1,,2,2,3,0.0,0.0,0.0
132,41,3.0,5,,2,2,8,0.0,0.0,0.0
132,42,3.0,2,,2,2,8,0.0,0.0,0.0
132,49,3.0,2,,2,2,8,0.0,0.0,0.0
132,50,3.0,1,,2,2,5,0.0,0.0,0.0
132,50,3.0,2,,2,2,5,0.0,0.0,0.0
132,61,3.0,5,,2,2,8,0.767555,0.384737,1.804302
132,62,3.0,1,,2,2,8,0.0,0.0,0.0
132,62,3.0,2,,2,2,8,0.086636,0.043427,0.131107
132,63,3.0,2,,2,2,8,0.149176,0.074776,0.2127
132,64,3.0,2,,2,2,8,0.72232,0.362041,1.124756
132,65,3.0,5,,2,2,8,0.025485,0.012774,0.044555
132,69,3.0,2,,2,2,8,0.103348,0.051801,0.154422
132,81,3.0,2,,2,2,7,0.0,0.0,0.0
132,89,3.0,2,,2,2,7,0.0,0.0,0.0
132,121,3.0,1,,2,2,2,0.006707,0.000988,0.000156
132,122,3.0,1,,2,2,3,0.028203,0.004182,0.001848
132,123,3.0,1,,2,2,3,0.011331,0.001669,0.000441
132,123,3.0,5,,2,2,3,0.001888,0.000278,7.9e-05
132,124,3.0,1,,2,2,3,0.013181,0.001942,0.000654
132,129,3.0,1,,2,2,3,0.014209,0.002093,0.000697
132,129,3.0,2,,2,2,3,0.001579,0.000306,0.000103
132,129,3.0,5,,2,2,3,0.001579,0.000233,9.8e-05
132,131,3.0,1,,2,2,3,7.856643,2.18527,0.561444
132,131,3.0,2,,2,2,3,0.371137,0.103702,0.031354
132,131,3.0,5,,2,2,3,0.0,0.0,0.0
132,132,3.0,1,,2,2,1,0.385968,0.107106,0.003609
132,132,3.0,2,,2,2,1,0.04772,0.013334,0.000467
132,139,3.0,1,,2,2,2,1.598448,0.444016,0.082717
132,139,3.0,2,,2,2,2,0.287776,0.080413,0.016893
132,139,3.0,5,,2,2,2,0.143832,0.040189,0.009109
132,171,3.0,1,,2,2,5,0.0,0.0,0.0
132,171,3.0,2,,2,2,6,0.012553,0.002511,0.00264
132,172,3.0,2,,2,2,5,0.0,0.0,0.0
132,179,3.0,2,,2,2,5,0.002505,0.000501,0.000496
132,182,3.0,2,,2,2,5,0.0,0.0,0.0
132,189,3.0,2,,2,2,5,0.0,0.0,0.0
132,211,3.0,2,,2,2,5,0.0,0.0,0.0
132,212,3.0,1,,2,2,4,0.0,0.0,0.0
132,219,3.0,1,,2,2,4,0.0,0.0,0.0
132,221,3.0,2,,2,2,5,0.0,0.0,0.0
132,222,3.0,2,,2,2,5,0.0,0.0,0.0
132,223,3.0,2,,2,2,5,0.0,0.0,0.0
132,229,3.0,2,,2,2,5,0.0,0.0,0.0
132,241,3.0,2,,2,2,4,0.0,0.0,0.0
132,242,3.0,2,,2,2,4,0.0,0.0,0.0
132,249,3.0,2,,2,2,5,0.0,0.0,0.0
132,280,3.0,2,,2,2,4,0.0,0.0,0.0
132,291,3.0,2,,2,2,6,0.049173,0.018556,0.022829
132,292,3.0,2,,2,2,5,0.097316,0.036722,0.036583
132,299,3.0,1,,2,2,5,0.051019,0.019202,0.017692
132,311,3.0,2,,2,2,6,0.0,0.0,0.0
132,319,3.0,2,,2,2,7,0.0,0.0,0.0
132,341,3.0,1,,2,2,5,0.0,0.0,0.0
132,341,3.0,2,,2,2,5,0.025983,0.005034,0.004226
132,342,3.0,2,,2,2,5,0.004179,0.00081,0.000635
132,361,3.0,2,,2,2,6,0.0,0.0,0.0
132,362,3.0,2,,2,2,6,0.0,0.0,0.0
132,363,3.0,1,,2,2,5,0.0,0.0,0.0
132,363,3.0,2,,2,2,5,0.016303,0.003636,0.003318
132,364,3.0,2,,2,2,6,0.0,0.0,0.0
132,369,3.0,1,,2,2,5,0.001286,0.000284,0.000275
132,371,3.0,1,,2,2,3,0.005222,0.001548,0.000419
132,372,3.0,1,,2,2,3,0.002449,0.000783,0.000264
132,373,3.0,1,,2,2,3,0.003914,0.001251,0.000421
132,379,3.0,1,,2,2,3,0.00269,0.000859,0.000294
132,379,3.0,5,,2,2,3,0.001075,0.000343,0.000133
132,401,3.0,5,,2,2,6,0.00901,0.012586,0.017631
132,402,3.0,2,,2,2,6,0.008279,0.011565,0.013589
132,409,3.0,2,,2,2,6,0.005514,0.006956,0.009059
132,421,3.0,2,,2,2,5,0.0,0.0,0.0
132,422,3.0,2,,2,2,5,0.0,0.0,0.0
132,423,3.0,2,,2,2,5,0.0,0.0,0.0
132,429,3.0,2,,2,2,5,0.0,0.0,0.0
132,451,3.0,1,,2,2,2,0.0,0.0,0.0
132,452,3.0,1,,2,2,2,0.001003,0.000146,3.5e-05
132,459,3.0,1,,2,2,2,0.001897,0.000346,5.4e-05
132,459,3.0,5,,2,2,2,0.0,0.0,0.0
132,471,3.0,1,,2,2,4,0.0,0.0,0.0
132,472,3.0,1,,2,2,4,0.002236,0.000634,0.000324
132,472,3.0,5,,2,2,4,0.0,0.0,0.0
132,473,3.0,1,,2,2,3,0.0,0.0,0.0
132,479,3.0,1,,2,2,3,0.0,0.0,0.0
132,479,3.0,2,,2,2,4,0.0,0.0,0.0
132,479,3.0,5,,2,2,4,0.0,0.0,0.0
132,481,3.0,5,,2,2,7,0.026872,0.039249,0.070784
132,482,3.0,2,,2,2,6,0.004149,0.005514,0.005689
132,483,3.0,2,,2,2,6,0.00432,0.006189,0.008296
132,484,3.0,2,,2,2,6,0.051097,0.074631,0.089606
132,484,3.0,5,,2,2,6,0.051097,0.074631,0.111185
132,485,3.0,5,,2,2,8,0.004445,0.006414,0.015562
132,486,3.0,2,,2,2,6,0.045675,0.066711,0.075677
132,486,3.0,5,,2,2,7,0.04576,0.066724,0.108256
132,487,3.0,5,,2,2,7,0.002637,0.002274,0.0045
132,488,3.0,5,,2,2,7,0.022287,0.032552,0.060041
132,489,3.0,2,,2,2,6,0.043142,0.063012,0.085154
132,511,3.0,2,,2,2,4,0.003565,0.000691,0.00035
132,512,3.0,2,,2,2,4,0.003418,0.000662,0.000341
132,513,3.0,2,,2,2,4,0.011489,0.002226,0.001384
132,519,3.0,2,,2,2,4,0.004203,0.000814,0.000461
132,531,3.0,2,,2,2,8,0.0,0.0,0.0
132,532,3.0,2,,2,2,8,0.0,0.0,0.0
132,539,3.0,2,,2,2,8,0.0,0.0,0.0
132,551,3.0,2,,2,2,6,0.002223,0.0005,0.000567
132,559,3.0,2,,2,2,6,0.002606,0.000638,0.000825
151,61,3.0,5,,2,2,8,1.312706,1.828372,4.804252
151,62,3.0,5,,2,2,8,0.148172,0.206378,0.528351
151,63,3.0,3,,2,2,8,0.255132,0.355355,0.953275
151,64,3.0,3,,2,2,8,1.23522,1.720446,4.232558
151,65,3.0,5,,2,2,8,0.043586,0.060707,0.159508
151,69,3.0,5,,2,2,8,0.176737,0.246164,0.655455
151,151,3.0,1,,2,2,1,1.401186,3.331816,0.0157
151,151,4.0,1,,2,2,1,0.0,0.0,0.0
151,151,3.0,3,,2,2,1,0.280237,0.389364,0.007398
151,151,3.0,5,,2,2,1,0.140119,0.194682,0.004662
151,159,3.0,3,,2,2,2,3.804073,5.285411,0.963634
151,159,3.0,5,,2,2,2,1.902037,2.642705,0.503265
171,61,3.0,1,,2,2,8,0.0,0.0,0.0
171,61,3.0,2,,2,2,8,0.095486,0.194917,0.426682
171,62,3.0,2,,2,2,8,0.010778,0.022001,0.047117
171,63,3.0,1,,2,2,8,0.018558,0.038863,0.082287
171,63,3.0,2,,2,2,8,0.0,0.0,0.0
171,64,3.0,1,,2,2,8,0.0,0.0,0.0
171,64,3.0,2,,2,2,8,0.089849,0.183411,0.414276
171,65,3.0,5,,2,2,8,0.00317,0.006039,0.013787
171,69,3.0,2,,2,2,8,0.012856,0.026243,0.059406
171,91,3.0,2,,2,2,5,0.0,0.0,0.0
171,92,3.0,2,,2,2,6,0.0,0.0,0.0
171,99,3.0,2,,2,2,6,0.0,0.0,0.0
171,121,3.0,2,,2,2,6,0.0,0.0,0.0
171,122,3.0,3,,2,2,8,0.0,0.0,0.0
171,123,3.0,2,,2,2,6,0.0,0.0,0.0
171,124,3.0,2,,2,2,6,0.0,0.0,0.0
171,129,3.0,2,,2,2,6,0.0,0.0,0.0
171,171,3.0,1,,2,2,1,3.48563,23.649094,0.855169
171,171,4.0,1,,2,2,1,0.037375,0.003166,0.000114
171,171,3.0,3,,2,2,1,3.48563,5.162767,0.156985
171,172,3.0,1,,2,2,3,0.0,0.0,0.0
171,172,4.0,1,,2,2,3,0.00129,0.000109,3.2e-05
171,172,3.0,5,,2,2,3,0.240604,0.355824,0.100209
171,179,3.0,1,,2,2,2,0.814651,1.207638,0.266851
171,179,4.0,1,,2,2,2,0.0,0.0,0.0
171,179,3.0,5,,2,2,2,0.583934,0.856932,0.179843
171,181,3.0,1,,2,2,1,0.099908,0.170522,0.01368
171,182,3.0,1,,2,2,2,0.424673,0.724827,0.160116
171,183,3.0,1,,2,2,2,0.041841,0.071413,0.01332
171,183,3.0,5,,2,2,2,0.053795,0.091817,0.015624
171,189,3.0,1,,2,2,2,0.249051,0.425077,0.098098
171,189,3.0,5,,2,2,2,0.117971,0.201352,0.049608
171,241,3.0,2,,2,2,5,0.0,0.0,0.0
171,242,3.0,2,,2,2,5,0.0,0.0,0.0
171,249,3.0,2,,2,2,5,0.0,0.0,0.0
171,261,4.0,1,,2,2,3,0.438646,0.037159,0.011036
171,261,3.0,3,,2,2,4,0.0,0.0,0.0
171,261,4.0,4,,2,2,2,0.0,0.0,0.0
171,262,4.0,1,,2,2,2,0.109269,0.009256,0.001952
171,262,3.0,3,,2,2,2,0.0,0.0,0.0
171,269,4.0,1,,2,2,3,0.173311,0.014682,0.00458
171,269,3.0,3,,2,2,3,0.0,0.0,0.0
171,271,3.0,1,,2,2,3,0.031986,0.046537,0.020449
171,271,3.0,5,,2,2,3,0.0,0.0,0.0
171,279,3.0,5,,2,2,4,0.008262,0.012021,0.006872
171,341,3.0,3,,2,2,7,0.7047,0.655967,1.019681
171,342,3.0,3,,2,2,7,0.118087,0.109921,0.191114
171,361,3.0,2,,2,2,5,0.0,0.0,0.0
171,362,3.0,2,,2,2,4,0.0,0.0,0.0
171,363,3.0,5,,2,2,5,0.0,0.0,0.0
171,364,3.0,5,,2,2,4,0.0,0.0,0.0
171,369,3.0,5,,2,2,5,0.0,0.0,0.0
171,471,3.0,2,,2,2,4,0.0,0.0,0.0
171,472,3.0,2,,2,2,4,0.0,0.0,0.0
171,473,3.0,2,,2,2,4,0.0,0.0,0.0
171,479,3.0,2,,2,2,4,0.0,0.0,0.0
171,481,3.0,5,,2,2,6,0.073005,0.10682,0.123846
171,482,3.0,3,,2,2,6,0.010095,0.014771,0.021903
171,483,3.0,3,,2,2,7,0.01145,0.016754,0.029471
171,484,3.0,5,,2,2,5,0.277635,0.406232,0.395156
171,485,3.0,5,,2,2,6,0.011908,0.017423,0.024791
171,486,3.0,3,,2,2,7,0.0,0.0,0.0
171,486,3.0,5,,2,2,6,0.248173,0.363125,0.419679
171,487,3.0,5,,2,2,6,0.003581,0.00524,0.007232
171,488,3.0,1,,2,2,6,0.060549,0.088595,0.109508
171,489,3.0,3,,2,2,7,0.117206,0.171495,0.300234
171,511,3.0,5,,2,2,5,0.003589,0.018514,0.016942
171,512,3.0,5,,2,2,5,0.003441,0.017751,0.017744
171,513,3.0,5,,2,2,5,0.011563,0.059657,0.050735
171,519,3.0,5,,2,2,5,0.00423,0.021824,0.018255
171,531,3.0,2,,2,2,8,0.0,0.0,0.0
171,532,3.0,2,,2,2,8,0.0,0.0,0.0
171,539,3.0,2,,2,2,8,0.0,0.0,0.0
212,122,4.0,4,,2,2,5,0.0,0.0,0.0
212,129,4.0,4,,2,2,4,0.0,0.0,0.0
223,151,3.0,5,,2,2,8,0.0,0.0,0.0
223,159,3.0,5,,2,2,8,0.0,0.0,0.0
223,171,3.0,5,,2,2,6,0.0,0.0,0.0
223,172,3.0,2,,2,2,5,0.0,0.0,0.0
223,179,3.0,2,,2,2,5,0.0,0.0,0.0
223,221,3.0,3,,2,2,2,0.052903,0.089522,0.011119
223,222,3.0,1,,2,2,2,0.012025,0.020349,0.004301
223,223,3.0,1,,2,2,1,0.039666,0.269122,0.008891
223,223,3.0,2,,2,2,1,0.0,0.0,0.0
223,223,3.0,3,,2,2,1,0.039666,0.067123,0.002496
223,229,3.0,1,,2,2,2,0.068162,0.115344,0.02507
223,229,3.0,3,,2,2,3,0.017041,0.028836,0.007547
223,341,3.0,2,,2,2,6,0.0,0.0,0.0
223,342,3.0,2,,2,2,6,0.0,0.0,0.0
223,361,3.0,2,,2,2,7,0.0,0.0,0.0
223,362,3.0,2,,2,2,6,0.0,0.0,0.0
223,363,3.0,2,,2,2,6,0.0,0.0,0.0
223,364,3.0,2,,2,2,6,0.0,0.0,0.0
223,369,3.0,2,,2,2,7,0.0,0.0,0.0
229,471,3.0,2,,2,2,3,0.0,0.0,0.0
229,472,3.0,2,,2,2,4,0.0,0.0,0.0
229,473,3.0,2,,2,2,4,0.0,0.0,0.0
229,479,3.0,2,,2,2,4,0.0,0.0,0.0
241,61,3.0,2,,2,2,8,0.218504,0.338701,1.009208
241,62,3.0,2,,2,2,8,0.024664,0.038231,0.111892
241,63,3.0,2,,2,2,8,0.042468,0.065829,0.200441
241,64,3.0,2,,2,2,8,0.205607,0.318708,0.970116
241,65,3.0,5,,2,2,8,0.007255,0.011246,0.034638
241,69,3.0,2,,2,2,8,0.029419,0.045601,0.138865
241,91,3.0,2,,2,2,3,0.0,0.0,0.0
241,92,3.0,1,,2,2,3,0.0,0.0,0.0
241,99,3.0,1,,2,2,3,0.0,0.0,0.0
241,111,3.0,2,,2,2,1,0.868771,1.17485,0.04215
241,121,3.0,2,,2,2,5,0.0,0.0,0.0
241,122,3.0,2,,2,2,6,0.0,0.0,0.0
241,123,3.0,2,,2,2,5,0.0,0.0,0.0
241,124,3.0,2,,2,2,5,0.0,0.0,0.0
241,129,3.0,2,,2,2,5,0.0,0.0,0.0
241,171,3.0,1,,2,2,5,0.0,0.0,0.0
241,171,3.0,2,,2,2,5,0.0,0.0,0.0
241,172,3.0,2,,2,2,5,0.0,0.0,0.0
241,179,3.0,1,,2,2,5,0.0,0.0,0.0
241,201,3.0,2,,2,2,6,0.0,0.0,0.0
241,202,3.0,2,,2,2,6,0.0,0.0,0.0
241,209,3.0,2,,2,2,6,0.0,0.0,0.0
241,241,3.0,1,,2,2,1,7.286727,10.52586,0.267066
241,241,3.0,2,,2,2,1,0.809636,1.16954,0.047401
241,242,3.0,1,,2,2,1,5.856821,8.460326,0.401752
241,249,3.0,1,,2,2,1,1.264602,1.826749,0.174476
241,251,3.0,2,,2,2,4,0.0,0.0,0.0
241,259,3.0,2,,2,2,3,0.0,0.0,0.0
241,341,3.0,1,,2,2,2,0.02029,0.039001,0.007661
241,342,3.0,2,,2,2,2,0.0034,0.006535,0.000967
241,361,3.0,2,,2,2,3,0.007026,0.012575,0.004852
241,362,3.0,2,,2,2,4,0.007402,0.013247,0.006688
241,363,3.0,2,,2,2,3,0.144721,0.259001,0.07066
241,364,3.0,2,,2,2,4,0.007234,0.012947,0.006829
241,369,3.0,1,,2,2,3,0.011291,0.020207,0.007123
241,371,3.0,5,,2,2,3,0.0,0.0,0.0
241,372,3.0,5,,2,2,3,0.0,0.0,0.0
241,373,3.0,1,,2,2,3,0.0,0.0,0.0
241,379,3.0,1,,2,2,3,0.0,0.0,0.0
241,421,3.0,1,,2,2,2,1.846213,2.608178,0.299371
241,421,3.0,2,,2,2,2,0.0,0.0,0.0
241,422,3.0,1,,2,2,3,0.897518,1.267939,0.321517
241,422,3.0,2,,2,2,3,0.0,0.0,0.0
241,423,3.0,1,,2,2,2,0.266371,0.376307,0.069574
241,429,3.0,1,,2,2,2,1.050731,1.484387,0.281597
241,429,3.0,2,,2,2,3,0.116748,0.164932,0.041884
241,481,3.0,5,,2,2,8,0.444135,0.651476,1.518268
241,482,3.0,2,,2,2,6,0.061414,0.090085,0.1323
241,483,3.0,2,,2,2,7,0.069659,0.10218,0.181613
241,484,3.0,5,,2,2,8,1.689022,2.477533,5.413175
241,485,3.0,5,,2,2,8,0.072443,0.106262,0.313829
241,486,3.0,2,,2,2,7,1.509792,2.214629,3.463809
241,487,3.0,5,,2,2,8,0.021788,0.03196,0.080084
241,488,3.0,5,,2,2,8,0.368358,0.540324,1.28139
241,489,3.0,2,,2,2,7,0.713037,1.045914,1.746475
241,511,3.0,2,,2,2,2,0.010171,0.014189,0.002465
241,512,3.0,1,,2,2,2,0.009752,0.013604,0.002838
241,513,3.0,1,,2,2,1,0.032773,0.04572,0.003534
241,519,3.0,1,,2,2,2,0.011989,0.016725,0.003867
251,61,3.0,2,,2,2,8,0.097243,0.142083,0.45627
251,62,3.0,2,,2,2,8,0.010976,0.016038,0.050655
251,63,3.0,2,,2,2,8,0.0189,0.027615,0.090485
251,64,3.0,2,,2,2,8,0.091503,0.133696,0.437932
251,65,3.0,5,,2,2,8,0.003229,0.004718,0.017526
251,69,3.0,2,,2,2,8,0.013092,0.01913,0.062681
251,121,3.0,2,,2,2,6,0.0,0.0,0.0
251,122,3.0,2,,2,2,7,0.0,0.0,0.0
251,123,3.0,2,,2,2,6,0.0,0.0,0.0
251,124,3.0,2,,2,2,7,0.0,0.0,0.0
251,129,3.0,2,,2,2,7,0.0,0.0,0.0
251,171,3.0,2,,2,2,6,0.009683,0.015447,0.016326
251,179,3.0,1,,2,2,6,0.001932,0.003082,0.003557
251,241,3.0,2,,2,2,4,0.0,0.0,0.0
251,242,3.0,2,,2,2,4,0.0,0.0,0.0
251,249,3.0,2,,2,2,4,0.0,0.0,0.0
251,251,3.0,1,,2,2,1,0.45047,0.449689,0.01915
251,251,3.0,2,,2,2,1,0.112952,0.112955,0.005861
251,259,3.0,1,,2,2,2,0.038765,0.038697,0.00422
251,341,3.0,2,,2,2,3,1.917018,1.621013,0.586565
251,342,3.0,2,,2,2,3,0.321237,0.271635,0.123031
251,401,3.0,2,,2,2,7,0.0,0.0,0.0
251,402,3.0,2,,2,2,7,0.0,0.0,0.0
251,409,3.0,2,,2,2,7,0.0,0.0,0.0
251,531,3.0,2,,2,2,8,0.0,0.0,0.0
251,532,3.0,2,,2,2,8,0.0,0.0,0.0
251,539,3.0,2,,2,2,8,0.0,0.0,0.0
261,61,3.0,2,,2,2,8,0.0,0.0,0.0
261,62,3.0,2,,2,2,8,0.0,0.0,0.0
261,63,3.0,2,,2,2,8,0.0,0.0,0.0
261,64,3.0,2,,2,2,8,0.0,0.0,0.0
261,65,3.0,2,,2,2,8,0.0,0.0,0.0
261,69,3.0,2,,2,2,8,0.0,0.0,0.0
261,261,3.0,1,,2,2,1,0.0,0.0,0.0
261,261,3.0,5,,2,2,1,0.0,0.0,0.0
261,262,3.0,1,,2,2,2,0.0,0.0,0.0
261,269,3.0,1,,2,2,2,0.0,0.0,0.0
261,269,3.0,2,,2,2,2,0.0,0.0,0.0
271,371,4.0,4,,2,2,5,0.0,0.0,0.0
271,372,4.0,4,,2,2,5,0.0,0.0,0.0
271,373,4.0,4,,2,2,5,0.0,0.0,0.0
271,379,4.0,4,,2,2,5,0.0,0.0,0.0
311,190,4.0,1,,2,2,2,0.0,0.0,0.0
341,61,3.0,1,,2,2,8,0.0,0.0,0.0
341,61,3.0,5,,2,2,8,3.677011,6.044616,31.360889
341,62,3.0,2,,2,2,8,0.415043,0.682286,2.081263
341,63,3.0,2,,2,2,8,0.714649,1.174807,3.711372
341,63,3.0,5,,2,2,8,0.0,0.0,0.0
341,64,3.0,5,,2,2,8,3.459964,5.687812,33.683964
341,65,3.0,5,,2,2,8,0.122087,0.200699,0.68917
341,69,3.0,5,,2,2,8,0.495057,0.813821,3.101793
341,91,3.0,1,,2,2,2,0.781181,1.045042,0.161881
341,92,3.0,1,,2,2,2,1.003419,1.342346,0.139257
341,92,3.0,2,,2,2,2,0.222982,0.298299,0.071819
341,92,3.0,5,,2,2,2,0.111491,0.14915,0.017612
341,99,3.0,1,,2,2,2,0.132655,0.177462,0.032133
341,99,3.0,2,,2,2,3,0.0,0.0,0.0
341,99,3.0,5,,2,2,2,0.026531,0.035492,0.005826
341,121,3.0,1,,2,2,6,0.005453,0.007541,0.007579
341,122,3.0,3,,2,2,6,0.022796,0.031521,0.035251
341,123,3.0,1,,2,2,6,0.005374,0.007431,0.008233
341,123,3.0,5,,2,2,6,0.005374,0.007431,0.008199
341,124,3.0,1,,2,2,6,0.010717,0.014819,0.01748
341,129,3.0,1,,2,2,6,0.01412,0.019524,0.02261
341,131,3.0,1,,2,2,5,0.009126,0.018225,0.015798
341,132,3.0,2,,2,2,5,0.0,0.0,0.0
341,139,3.0,2,,2,2,5,0.002251,0.004495,0.004285
341,151,3.0,5,,2,2,8,0.0,0.0,0.0
341,159,3.0,5,,2,2,8,0.0,0.0,0.0
341,171,3.0,1,,2,2,5,0.02792,0.050766,0.044439
341,171,3.0,2,,2,2,5,0.0,0.0,0.0
341,171,3.0,5,,2,2,5,0.009253,0.016914,0.016022
341,172,3.0,2,,2,2,6,0.001277,0.002335,0.002536
341,179,3.0,1,,2,2,5,0.004924,0.009,0.008425
341,179,3.0,2,,2,2,6,0.001231,0.00225,0.002354
341,179,3.0,5,,2,2,6,0.001231,0.00225,0.002372
341,221,3.0,1,,2,2,6,0.003399,0.005615,0.007585
341,222,3.0,1,,2,2,6,0.000773,0.001276,0.001887
341,223,3.0,3,,2,2,7,0.005577,0.009379,0.018698
341,229,3.0,1,,2,2,6,0.005475,0.009044,0.012354
341,241,3.0,1,,2,2,2,0.0,0.0,0.0
341,241,3.0,5,,2,2,2,0.0,0.0,0.0
341,242,3.0,1,,2,2,2,0.0,0.0,0.0
341,249,3.0,1,,2,2,2,0.0,0.0,0.0
341,251,3.0,1,,2,2,3,0.014054,0.01802,0.004547
341,251,3.0,5,,2,2,3,0.001562,0.002002,0.000595
341,259,3.0,1,,2,2,2,0.001724,0.001478,0.000369
341,259,3.0,2,,2,2,2,0.0,0.0,0.0
341,259,3.0,5,,2,2,2,0.0,0.0,0.0
341,261,3.0,1,,2,2,4,0.0,0.0,0.0
341,261,3.0,5,,2,2,5,0.0,0.0,0.0
341,262,3.0,1,,2,2,4,0.0,0.0,0.0
341,269,3.0,1,,2,2,5,0.0,0.0,0.0
341,269,3.0,2,,2,2,5,0.0,0.0,0.0
341,271,3.0,1,,2,2,6,0.0,0.0,0.0
341,279,3.0,1,,2,2,6,0.0,0.0,0.0
341,291,3.0,5,,2,2,6,0.0,0.0,0.0
341,292,3.0,1,,2,2,6,0.0,0.0,0.0
341,299,3.0,2,,2,2,6,0.0,0.0,0.0
341,341,3.0,1,,2,2,1,25.452805,33.723263,1.112899
341,341,3.0,2,,2,2,1,1.818283,5.444394,0.210096
341,341,3.0,3,,2,2,1,0.606245,0.802969,0.06982
341,341,3.0,5,,2,2,1,0.0,0.0,0.0
341,342,3.0,1,,2,2,1,4.246693,5.626585,0.532351
341,342,3.0,5,,2,2,2,0.424669,0.562658,0.061845
341,361,3.0,1,,2,2,2,1.250984,1.80499,0.337293
341,361,3.0,5,,2,2,2,0.178712,0.257856,0.054678
341,362,3.0,1,,2,2,3,1.317902,1.901543,0.707743
341,362,3.0,5,,2,2,3,0.188272,0.271649,0.128667
341,363,3.0,1,,2,2,1,27.182106,39.219875,2.005795
341,363,3.0,2,,2,2,1,2.265175,3.268323,0.244051
341,364,3.0,1,,2,2,3,1.472006,2.123893,0.670557
341,364,3.0,5,,2,2,3,0.0,0.0,0.0
341,369,3.0,1,,2,2,3,2.297466,3.314914,0.835817
341,369,3.0,5,,2,2,3,0.0,0.0,0.0
341,380,3.0,1,,2,2,7,0.0,0.0,0.0
341,380,3.0,5,,2,2,7,0.0,0.0,0.0
341,391,3.0,1,,2,2,4,0.0,0.0,0.0
341,392,3.0,1,,2,2,3,0.001706,0.000261,0.000118
341,393,3.0,1,,2,2,4,0.001185,0.000181,9.8e-05
341,394,3.0,1,,2,2,4,0.0,0.0,0.0
341,399,3.0,1,,2,2,4,0.0,0.0,0.0
341,401,3.0,2,,2,2,7,0.0,0.0,0.0
341,402,3.0,2,,2,2,7,0.0,0.0,0.0
341,409,3.0,2,,2,2,7,0.0,0.0,0.0
341,421,3.0,1,,2,2,1,0.236336,0.201038,0.016774
341,421,3.0,5,,2,2,1,0.039389,0.033506,0.003014
341,422,3.0,1,,2,2,3,0.076595,0.065155,0.023403
341,422,3.0,2,,2,2,3,0.019149,0.016289,0.006886
341,422,3.0,5,,2,2,3,0.038297,0.032578,0.013842
341,423,3.0,1,,2,2,1,0.039782,0.03384,0.002754
341,429,3.0,1,,2,2,2,0.160946,0.136909,0.029766
341,429,3.0,2,,2,2,3,0.013412,0.011409,0.003164
341,429,3.0,5,,2,2,3,0.0,0.0,0.0
341,471,3.0,1,,2,2,6,0.001272,0.000689,0.000737
341,471,3.0,3,,2,2,8,0.033102,0.017043,0.044965
341,472,3.0,1,,2,2,5,0.06856,0.035393,0.031446
341,473,3.0,1,,2,2,4,0.025502,0.01313,0.00917
341,479,3.0,1,,2,2,5,0.001698,0.00092,0.000784
341,479,3.0,3,,2,2,8,0.044191,0.022753,0.058588
341,481,3.0,5,,2,2,8,0.0,0.0,0.0
341,482,3.0,1,,2,2,7,0.0,0.0,0.0
341,483,3.0,2,,2,2,7,0.0,0.0,0.0
341,484,3.0,1,,2,2,7,0.0,0.0,0.0
341,485,3.0,5,,2,2,8,0.0,0.0,0.0
341,486,3.0,2,,2,2,7,0.0,0.0,0.0
341,488,3.0,5,,2,2,8,0.0,0.0,0.0
341,489,3.0,1,,2,2,7,0.0,0.0,0.0
341,511,3.0,1,,2,2,3,0.016535,0.020743,0.00738
341,511,3.0,5,,2,2,3,0.016535,0.020743,0.00808
341,512,3.0,1,,2,2,3,0.031708,0.039776,0.015554
341,513,3.0,2,,2,2,3,0.106563,0.133678,0.034944
341,519,3.0,1,,2,2,3,0.038983,0.048902,0.020364
341,531,3.0,5,,2,2,8,0.0324,0.035686,0.111046
341,532,3.0,2,,2,2,8,0.002065,0.002274,0.00715
341,539,3.0,5,,2,2,8,0.006544,0.007207,0.023638
341,551,3.0,1,,2,2,5,0.01648,0.02904,0.027067
341,559,3.0,1,,2,2,6,0.011324,0.021327,0.023593
341,559,3.0,2,,2,2,6,0.003775,0.007109,0.008396
341,559,3.0,5,,2,2,6,0.00755,0.014218,0.017297
363,61,3.0,2,,2,2,8,0.051547,0.093429,0.289974
363,62,3.0,2,,2,2,8,0.005818,0.010546,0.032281
363,63,3.0,5,,2,2,8,0.010018,0.018159,0.104865
363,64,3.0,5,,2,2,8,0.048504,0.087914,0.551115
363,65,3.0,5,,2,2,8,0.001712,0.003102,0.010386
363,69,3.0,2,,2,2,8,0.00694,0.012579,0.039944
363,121,3.0,2,,2,2,6,0.0,0.0,0.0
363,122,3.0,3,,2,2,6,0.0,0.0,0.0
363,123,3.0,2,,2,2,6,0.0,0.0,0.0
363,124,3.0,2,,2,2,6,0.0,0.0,0.0
363,129,3.0,2,,2,2,6,0.0,0.0,0.0
363,241,3.0,1,,2,2,2,0.0,0.0,0.0
363,242,3.0,2,,2,2,3,0.0,0.0,0.0
363,249,3.0,1,,2,2,3,0.0,0.0,0.0
363,251,3.0,1,,2,2,2,0.0,0.0,0.0
363,251,3.0,5,,2,2,3,0.0,0.0,0.0
363,259,3.0,1,,2,2,2,0.0,0.0,0.0
363,341,3.0,1,,2,2,1,0.0,0.0,0.0
363,341,4.0,1,,2,2,1,0.0,0.0,0.0
363,342,3.0,1,,2,2,2,0.0,0.0,0.0
363,342,4.0,1,,2,2,2,0.0,0.0,0.0
363,342,3.0,5,,2,2,2,0.0,0.0,0.0
363,361,3.0,1,,2,2,2,0.000878,0.001687,0.000306
363,362,3.0,1,,2,2,3,0.000925,0.001777,0.000682
363,363,3.0,1,,2,2,1,0.018966,0.03291,0.000844
363,363,3.0,5,,2,2,1,0.001391,0.002672,7.4e-05
363,364,3.0,1,,2,2,3,0.000904,0.001737,0.00056
363,369,3.0,1,,2,2,3,0.001411,0.00271,0.000689
363,369,3.0,5,,2,2,3,0.0,0.0,0.0
363,421,3.0,1,,2,2,2,0.009215,0.007363,0.000778
363,421,3.0,5,,2,2,2,0.002764,0.002209,0.000228
363,422,3.0,1,,2,2,3,0.005824,0.004654,0.001754
363,423,3.0,1,,2,2,1,0.001728,0.001381,0.000134
363,429,3.0,1,,2,2,2,0.007575,0.006053,0.001444
371,131,4.0,1,,2,2,3,0.0,0.0,0.0
371,139,4.0,1,,2,2,3,0.0,0.0,0.0
379,361,3.0,2,,2,2,5,0.0,0.0,0.0
379,362,3.0,2,,2,2,6,0.0,0.0,0.0
379,363,3.0,2,,2,2,5,0.0,0.0,0.0
379,364,3.0,2,,2,2,5,0.0,0.0,0.0
379,369,3.0,2,,2,2,5,0.0,0.0,0.0
379,371,3.0,1,,2,2,2,0.0,0.0,0.0
379,372,3.0,1,,2,2,2,0.0,0.0,0.0
379,373,3.0,1,,2,2,2,0.0,0.0,0.0
379,379,3.0,1,,2,2,2,0.0,0.0,0.0
379,379,3.0,5,,2,2,2,0.0,0.0,0.0
379,511,3.0,1,,2,2,3,0.0,0.0,0.0
379,512,3.0,1,,2,2,3,0.0,0.0,0.0
379,513,3.0,2,,2,2,3,0.0,0.0,0.0
379,519,3.0,1,,2,2,3,0.0,0.0,0.0
392,61,3.0,2,,2,2,8,0.0,0.0,0.0
392,62,3.0,2,,2,2,8,0.0,0.0,0.0
392,63,3.0,2,,2,2,8,0.0,0.0,0.0
392,64,3.0,2,,2,2,8,0.0,0.0,0.0
392,69,3.0,2,,2,2,8,0.0,0.0,0.0
392,151,3.0,5,,2,2,8,0.0,0.0,0.0
392,159,3.0,5,,2,2,8,0.0,0.0,0.0
392,271,3.0,2,,2,2,5,0.0,0.0,0.0
392,279,3.0,3,,2,2,6,0.0,0.0,0.0
392,391,3.0,2,,2,2,3,0.0,0.0,0.0
392,392,3.0,1,,2,2,1,0.0,0.0,0.0
392,393,3.0,1,,2,2,2,0.0,0.0,0.0
392,394,3.0,1,,2,2,2,0.0,0.0,0.0
392,399,3.0,1,,2,2,2,0.0,0.0,0.0
401,401,4.0,1,,2,2,1,0.0,0.0,0.0
401,402,4.0,1,,2,2,2,0.0,0.0,0.0
401,409,4.0,1,,2,2,2,0.0,0.0,0.0
411,61,3.0,3,,2,2,6,0.020154,0.023405,0.028341
411,62,3.0,2,,2,2,4,0.002275,0.002642,0.001724
411,63,3.0,3,,2,2,6,0.003917,0.004549,0.00598
411,64,3.0,3,,2,2,5,0.018964,0.022024,0.018908
411,65,3.0,2,,2,2,5,0.0,0.0,0.0
411,69,3.0,2,,2,2,4,0.002713,0.003151,0.002196
411,171,3.0,2,,2,2,8,0.0,0.0,0.0
411,179,3.0,2,,2,2,8,0.0,0.0,0.0
411,221,3.0,2,,2,2,8,0.009607,0.025172,0.065683
411,222,3.0,2,,2,2,8,0.002853,0.006499,0.016746
411,223,3.0,5,,2,2,8,0.014407,0.037747,0.10387
411,229,3.0,1,,2,2,8,0.015473,0.040541,0.097704
411,261,4.0,1,,2,2,8,0.007714,0.000654,0.001558
411,262,4.0,1,,2,2,8,0.001922,0.000163,0.000374
411,269,4.0,1,,2,2,8,0.003048,0.000258,0.000585
411,341,3.0,2,,2,2,8,0.0,0.0,0.0
411,342,3.0,2,,2,2,8,0.0,0.0,0.0
411,411,3.0,1,,2,2,1,0.0,0.0,0.0
411,411,3.0,2,,2,2,1,0.363374,2.300757,0.10731
411,411,3.0,3,,2,2,1,0.363374,0.490595,0.02749
411,419,3.0,1,,2,2,2,0.232243,0.313554,0.065702
411,531,3.0,1,,2,2,2,0.012579,0.017871,0.003065
411,532,3.0,1,,2,2,1,0.000802,0.001139,4e-05
411,539,3.0,3,,2,2,3,0.002541,0.003609,0.001095
421,341,3.0,1,,2,2,1,0.0,0.0,0.0
421,342,3.0,1,,2,2,1,0.0,0.0,0.0
421,362,3.0,2,,2,2,3,0.0,0.0,0.0
421,363,3.0,3,,2,2,3,0.011135,0.017503,0.005311
421,369,3.0,1,,2,2,3,0.000869,0.001366,0.000386
421,401,3.0,5,,2,2,7,0.005328,0.008668,0.014129
421,402,3.0,3,,2,2,8,0.004896,0.007964,0.02287
421,409,3.0,2,,2,2,7,0.002908,0.004731,0.007748
421,421,3.0,1,,2,2,1,0.022637,0.021674,0.000532
421,421,3.0,2,,2,2,1,0.009736,0.061642,0.001977
421,421,3.0,3,,2,2,1,0.009736,0.009167,0.0002
421,422,3.0,1,,2,2,3,0.02075,0.019889,0.006511
421,423,3.0,1,,2,2,1,0.005993,0.005643,0.000479
421,429,3.0,1,,2,2,2,0.026808,0.025584,0.004943
451,61,3.0,5,,2,2,8,0.019074,0.004547,0.021284
451,62,3.0,2,,2,2,8,0.002069,0.000495,0.0015
451,63,3.0,2,,2,2,8,0.003598,0.000858,0.002574
451,64,3.0,2,,2,2,8,0.017251,0.004129,0.013115
451,65,3.0,2,,2,2,8,0.0,0.0,0.0
451,69,3.0,2,,2,2,8,0.002468,0.000591,0.001815
451,91,3.0,2,,2,2,6,0.0,0.0,0.0
451,92,3.0,2,,2,2,6,0.0,0.0,0.0
451,99,3.0,2,,2,2,6,0.0,0.0,0.0
451,122,3.0,1,,2,2,4,0.002429,0.000801,0.000449
451,131,3.0,1,,2,2,3,0.031582,0.010762,0.003474
451,132,3.0,2,,2,2,2,0.002814,0.00115,0.000181
451,139,3.0,1,,2,2,3,0.007789,0.002654,0.00074
451,151,3.0,5,,2,2,8,0.0,0.0,0.0
451,159,3.0,5,,2,2,8,0.0,0.0,0.0
451,171,3.0,2,,2,2,6,0.021561,0.004753,0.005091
451,172,3.0,2,,2,2,6,0.0,0.0,0.0
451,179,3.0,2,,2,2,6,0.004303,0.000948,0.000971
451,190,3.0,2,,2,2,6,0.0,0.0,0.0
451,211,3.0,2,,2,2,5,0.0,0.0,0.0
451,212,3.0,1,,2,2,4,0.002891,0.001228,0.000727
451,219,3.0,2,,2,2,4,0.003081,0.001475,0.001041
451,221,3.0,2,,2,2,5,0.0,0.0,0.0
451,222,3.0,2,,2,2,6,0.0,0.0,0.0
451,223,3.0,2,,2,2,5,0.0,0.0,0.0
451,229,3.0,2,,2,2,6,0.0,0.0,0.0
451,271,3.0,2,,2,2,7,0.0,0.0,0.0
451,279,3.0,2,,2,2,7,0.0,0.0,0.0
451,291,3.0,2,,2,2,6,0.013898,0.01124,0.014954
451,292,3.0,2,,2,2,6,0.027611,0.02233,0.023352
451,299,3.0,2,,2,2,6,0.014197,0.011481,0.013266
451,341,3.0,1,,2,2,5,0.0,0.0,0.0
451,341,3.0,2,,2,2,4,0.0,0.0,0.0
451,342,3.0,2,,2,2,4,0.0,0.0,0.0
451,361,3.0,2,,2,2,5,0.0,0.0,0.0
451,362,3.0,2,,2,2,6,0.0,0.0,0.0
451,363,3.0,1,,2,2,5,0.0,0.0,0.0
451,363,3.0,2,,2,2,5,0.010897,0.002587,0.002095
451,364,3.0,1,,2,2,5,0.0,0.0,0.0
451,369,3.0,1,,2,2,5,0.0,0.0,0.0
451,369,3.0,2,,2,2,6,0.0,0.0,0.0
451,371,3.0,1,,2,2,2,0.002464,0.000844,0.000189
451,372,3.0,1,,2,2,3,0.00203,0.000599,0.000173
451,373,3.0,1,,2,2,3,0.001886,0.000634,0.00018
451,373,3.0,5,,2,2,3,0.0,0.0,0.0
451,379,3.0,1,,2,2,3,0.001812,0.000609,0.000173
451,421,3.0,2,,2,2,4,0.0,0.0,0.0
451,422,3.0,2,,2,2,5,0.0,0.0,0.0
451,423,3.0,2,,2,2,5,0.0,0.0,0.0
451,429,3.0,2,,2,2,5,0.0,0.0,0.0
451,451,3.0,1,,2,2,1,0.114135,0.059362,0.000994
451,451,3.0,2,,2,2,1,0.020434,0.010674,0.000276
451,452,3.0,1,,2,2,2,0.220229,0.115041,0.023817
451,452,3.0,2,,2,2,2,0.018541,0.009616,0.002376
451,459,3.0,1,,2,2,2,0.299883,0.156491,0.01895
451,459,3.0,2,,2,2,2,0.017673,0.009208,0.001208
451,459,3.0,5,,2,2,2,0.03539,0.018422,0.002414
451,471,3.0,1,,2,2,4,0.0,0.0,0.0
451,472,3.0,1,,2,2,4,0.0,0.0,0.0
451,473,3.0,1,,2,2,3,0.0,0.0,0.0
451,479,3.0,1,,2,2,4,0.0,0.0,0.0
451,479,3.0,2,,2,2,4,0.0,0.0,0.0
451,481,3.0,5,,2,2,7,0.01332,0.00215,0.003921
451,482,3.0,2,,2,2,6,0.001842,0.000357,0.000407
451,483,3.0,2,,2,2,6,0.002089,0.000405,0.000587
451,484,3.0,5,,2,2,7,0.050757,0.008194,0.014945
451,485,3.0,5,,2,2,8,0.002173,0.000351,0.000859
451,486,3.0,2,,2,2,6,0.045281,0.008773,0.010901
451,488,3.0,5,,2,2,7,0.011577,0.001909,0.003559
451,489,3.0,2,,2,2,6,0.022129,0.004288,0.006303
451,511,3.0,2,,2,2,3,0.0,0.0,0.0
451,512,3.0,2,,2,2,3,0.0,0.0,0.0
451,513,3.0,2,,2,2,4,0.0,0.0,0.0
451,519,3.0,1,,2,2,3,0.0,0.0,0.0
451,531,3.0,5,,2,2,8,0.0,0.0,0.0
451,539,3.0,2,,2,2,8,0.0,0.0,0.0
451,551,3.0,2,,2,2,6,0.003638,0.000863,0.000998
451,559,3.0,2,,2,2,6,0.007034,0.001925,0.002532
471,471,4.0,1,,2,2,1,0.0,0.0,0.0
471,472,4.0,1,,2,2,2,0.0,0.0,0.0
471,473,4.0,4,,2,2,3,0.0,0.0,0.0
471,479,4.0,1,,2,2,2,0.0,0.0,0.0
486,50,3.0,1,,2,2,4,0.0,0.0,0.0
486,61,3.0,1,,2,2,7,0.093568,0.154199,0.23584
486,61,3.0,5,,2,2,7,0.093568,0.154199,0.251407
486,62,3.0,1,,2,2,7,0.021123,0.03481,0.068349
486,63,3.0,1,,2,2,6,0.036371,0.059939,0.088336
486,64,3.0,1,,2,2,7,0.163512,0.269466,0.519134
486,64,3.0,5,,2,2,8,0.012578,0.020728,0.042574
486,65,3.0,1,,2,2,7,0.006213,0.01024,0.018237
486,69,3.0,1,,2,2,7,0.025195,0.041521,0.077807
486,81,3.0,5,,2,2,6,0.0,0.0,0.0
486,89,3.0,1,,2,2,6,0.0,0.0,0.0
486,89,3.0,2,,2,2,6,0.0,0.0,0.0
486,89,3.0,5,,2,2,6,0.0,0.0,0.0
486,91,3.0,3,,2,2,8,0.0,0.0,0.0
486,92,3.0,3,,2,2,8,0.0,0.0,0.0
486,99,3.0,3,,2,2,8,0.0,0.0,0.0
486,111,3.0,2,,2,2,7,0.01531,0.021969,0.033239
486,121,3.0,2,,2,2,5,0.002457,0.003665,0.00365
486,122,3.0,3,,2,2,6,0.01027,0.01532,0.018008
486,123,3.0,2,,2,2,6,0.004842,0.007223,0.007956
486,124,3.0,2,,2,2,6,0.004829,0.007203,0.008306
486,129,3.0,5,,2,2,5,0.006362,0.009489,0.008667
486,131,3.0,1,,2,2,5,0.0,0.0,0.0
486,132,3.0,2,,2,2,6,0.0,0.0,0.0
486,139,3.0,2,,2,2,5,0.0,0.0,0.0
486,151,3.0,5,,2,2,8,0.0,0.0,0.0
486,159,3.0,5,,2,2,8,0.0,0.0,0.0
486,171,3.0,1,,2,2,6,0.010111,0.015862,0.017388
486,172,3.0,1,,2,2,5,0.0,0.0,0.0
486,179,3.0,1,,2,2,5,0.002018,0.003165,0.002991
486,179,3.0,5,,2,2,6,0.0,0.0,0.0
486,221,3.0,1,,2,2,3,0.053113,0.085312,0.025125
486,222,3.0,1,,2,2,2,0.006036,0.009696,0.001628
486,222,3.0,3,,2,2,2,0.006036,0.009696,0.001964
486,223,3.0,1,,2,2,3,0.079648,0.127933,0.045359
486,229,3.0,1,,2,2,3,0.07485,0.120226,0.03476
486,229,3.0,2,,2,2,3,0.010693,0.017175,0.004883
486,241,3.0,2,,2,2,7,0.0,0.0,0.0
486,242,3.0,2,,2,2,7,0.0,0.0,0.0
486,249,3.0,2,,2,2,7,0.0,0.0,0.0
486,321,3.0,2,,2,2,7,0.0,0.0,0.0
486,329,3.0,2,,2,2,8,0.0,0.0,0.0
486,341,3.0,1,,2,2,7,0.028973,0.040198,0.065839
486,342,3.0,1,,2,2,7,0.004797,0.006644,0.010499
486,361,3.0,2,,2,2,7,0.00116,0.001749,0.003164
486,362,3.0,1,,2,2,7,0.001222,0.001843,0.002782
486,363,3.0,1,,2,2,7,0.0,0.0,0.0
486,363,3.0,2,,2,2,7,0.023897,0.036029,0.065495
486,364,3.0,1,,2,2,7,0.001195,0.001801,0.002893
486,369,3.0,2,,2,2,7,0.001864,0.002811,0.004847
486,391,3.0,2,,2,2,6,0.0,0.0,0.0
486,392,3.0,2,,2,2,6,0.0,0.0,0.0
486,393,3.0,2,,2,2,6,0.0,0.0,0.0
486,394,3.0,2,,2,2,6,0.0,0.0,0.0
486,399,3.0,2,,2,2,6,0.0,0.0,0.0
486,401,3.0,1,,2,2,3,0.26767,0.344662,0.158861
486,401,3.0,5,,2,2,4,0.0,0.0,0.0
486,402,3.0,1,,2,2,4,0.147568,0.190014,0.09723
486,402,3.0,5,,2,2,4,0.098379,0.126676,0.071971
486,409,3.0,1,,2,2,3,0.146103,0.188128,0.092647
486,421,3.0,2,,2,2,7,0.0,0.0,0.0
486,422,3.0,2,,2,2,7,0.0,0.0,0.0
486,423,3.0,2,,2,2,7,0.0,0.0,0.0
486,429,3.0,2,,2,2,7,0.0,0.0,0.0
486,471,3.0,3,,2,2,5,0.0,0.0,0.0
486,472,3.0,3,,2,2,6,0.0,0.0,0.0
486,473,3.0,1,,2,2,5,0.0,0.0,0.0
486,479,3.0,3,,2,2,6,0.0,0.0,0.0
486,481,3.0,1,,2,2,2,1.831713,2.678682,0.447643
486,482,3.0,1,,2,2,2,0.217102,0.317488,0.03412
486,482,3.0,2,,2,2,2,0.0,0.0,0.0
486,482,3.0,3,,2,2,2,0.0,0.0,0.0
486,482,3.0,5,,2,2,2,0.036184,0.052915,0.005421
486,483,3.0,1,,2,2,2,0.287291,0.420133,0.094386
486,483,3.0,3,,2,2,3,0.0,0.0,0.0
486,484,3.0,1,,2,2,3,4.975654,7.276357,2.002766
486,484,3.0,2,,2,2,3,1.326841,1.940362,0.60316
486,484,3.0,5,,2,2,3,0.66342,0.970181,0.305392
486,485,3.0,1,,2,2,4,0.29877,0.436919,0.325177
486,486,3.0,1,,2,2,1,0.0,0.0,0.0
486,486,3.0,2,,2,2,1,3.113363,19.712706,1.039794
486,486,3.0,3,,2,2,1,3.113363,4.552959,0.256973
486,487,3.0,1,,2,2,3,0.08986,0.131411,0.043275
486,488,3.0,1,,2,2,2,1.392594,2.036519,0.437172
486,488,3.0,5,,2,2,2,0.126599,0.185138,0.042881
486,489,3.0,1,,2,2,3,2.27238,3.32311,1.083234
486,489,3.0,2,,2,2,3,0.401008,0.586431,0.19344
486,489,3.0,3,,2,2,3,0.0,0.0,0.0
486,489,3.0,5,,2,2,3,0.267339,0.390954,0.148397
486,511,3.0,2,,2,2,6,0.0,0.0,0.0
486,512,3.0,3,,2,2,8,0.0,0.0,0.0
486,513,3.0,2,,2,2,6,0.0,0.0,0.0
486,519,3.0,3,,2,2,8,0.0,0.0,0.0
488,292,4.0,4,,2,2,5,0.0,0.0,0.0
488,299,4.0,4,,2,2,4,0.0,0.0,0.0
491,491,4.0,1,,2,2,1,0.004415,0.000374,1.5e-05
491,499,4.0,1,,2,2,2,0.0,0.0,0.0
511,131,3.0,5,,2,2,4,0.001605,0.000685,0.000414
511,511,3.0,2,,2,2,1,0.003313,0.000642,1.9e-05
511,512,3.0,2,,2,2,2,0.00313,0.000607,6.4e-05
511,513,3.0,2,,2,2,2,0.010599,0.002054,0.00032
511,519,3.0,2,,2,2,2,0.003899,0.000755,0.000139
512,41,3.0,2,,2,2,8,0.0,0.0,0.0
512,50,3.0,3,,2,2,8,0.0,0.0,0.0
512,61,3.0,5,,2,2,8,0.668926,0.240758,1.272845
512,62,3.0,2,,2,2,8,0.075505,0.027176,0.085725
512,63,3.0,5,,2,2,8,0.13001,0.046793,0.258906
512,64,3.0,5,,2,2,8,0.62944,0.226546,1.365385
512,65,3.0,5,,2,2,8,0.02221,0.007994,0.030934
512,69,3.0,5,,2,2,8,0.090061,0.032415,0.132265
512,91,3.0,2,,2,2,4,0.0,0.0,0.0
512,92,3.0,2,,2,2,4,0.0,0.0,0.0
512,99,3.0,2,,2,2,4,0.0,0.0,0.0
512,121,3.0,2,,2,2,4,0.004056,0.000786,0.000538
512,122,3.0,3,,2,2,5,0.016954,0.004484,0.003926
512,123,3.0,1,,2,2,4,0.007994,0.000943,0.000701
512,124,3.0,2,,2,2,5,0.007971,0.001544,0.001322
512,129,3.0,2,,2,2,5,0.010502,0.002035,0.001716
512,131,3.0,1,,2,2,4,0.019421,0.006356,0.003758
512,132,3.0,2,,2,2,4,0.001022,0.000334,0.000186
512,139,3.0,1,,2,2,4,0.00479,0.001568,0.000952
512,151,3.0,5,,2,2,8,0.0,0.0,0.0
512,159,3.0,5,,2,2,8,0.0,0.0,0.0
512,171,3.0,1,,2,2,5,0.019435,0.002495,0.002276
512,171,3.0,5,,2,2,6,0.00162,0.000208,0.000215
512,172,3.0,2,,2,2,6,0.0,0.0,0.0
512,179,3.0,1,,2,2,5,0.004201,0.000539,0.000493
512,190,3.0,1,,2,2,6,0.0,0.0,0.0
512,190,3.0,2,,2,2,6,0.0,0.0,0.0
512,212,3.0,1,,2,2,4,0.001741,0.00024,0.000157
512,219,3.0,1,,2,2,4,0.001798,0.000247,0.000159
512,241,3.0,2,,2,2,3,0.021118,0.004092,0.001111
512,242,3.0,2,,2,2,2,0.015277,0.00296,0.000695
512,249,3.0,1,,2,2,2,0.003299,0.000279,6e-05
512,251,3.0,2,,2,2,5,0.0,0.0,0.0
512,271,3.0,2,,2,2,6,0.0,0.0,0.0
512,279,3.0,2,,2,2,7,0.0,0.0,0.0
512,291,3.0,5,,2,2,6,0.013229,0.002345,0.003355
512,292,3.0,1,,2,2,5,0.019635,0.003481,0.00338
512,292,3.0,5,,2,2,6,0.006545,0.00116,0.00129
512,299,3.0,1,,2,2,6,0.008446,0.001497,0.001617
512,299,3.0,2,,2,2,6,0.005068,0.000982,0.001226
512,341,3.0,1,,2,2,3,0.274116,0.040256,0.015999
512,342,3.0,3,,2,2,3,0.045934,0.012149,0.003488
512,361,3.0,2,,2,2,4,0.004353,0.000843,0.000517
512,362,3.0,2,,2,2,5,0.004586,0.000888,0.000686
512,363,3.0,3,,2,2,3,0.089653,0.023712,0.008726
512,364,3.0,2,,2,2,5,0.004565,0.000885,0.000697
512,369,3.0,2,,2,2,4,0.006995,0.001355,0.000985
512,371,3.0,1,,2,2,3,0.095576,0.014768,0.004973
512,372,3.0,1,,2,2,3,0.037549,0.005802,0.001594
512,372,3.0,5,,2,2,3,0.014081,0.002176,0.000736
512,373,3.0,1,,2,2,2,0.082516,0.01275,0.002537
512,379,3.0,1,,2,2,2,0.060631,0.009369,0.002256
512,379,3.0,2,,2,2,3,0.004664,0.000904,0.000257
512,379,3.0,5,,2,2,3,0.013992,0.002162,0.000675
512,391,3.0,1,,2,2,4,0.024472,0.004289,0.0026
512,392,3.0,1,,2,2,4,0.038265,0.006707,0.003745
512,392,3.0,2,,2,2,4,0.003827,0.000741,0.000496
512,393,3.0,1,,2,2,4,0.019498,0.003417,0.001901
512,393,3.0,2,,2,2,4,0.006499,0.001259,0.000881
512,393,3.0,5,,2,2,4,0.00325,0.00057,0.000401
512,394,3.0,1,,2,2,4,0.00742,0.001301,0.00082
512,394,3.0,5,,2,2,5,0.00371,0.00065,0.000491
512,399,3.0,1,,2,2,4,0.024744,0.004303,0.002468
512,451,3.0,2,,2,2,3,0.001262,0.000245,0.0001
512,452,3.0,5,,2,2,4,0.002267,0.000122,6.2e-05
512,459,3.0,2,,2,2,3,0.003347,0.000648,0.000267
512,481,3.0,5,,2,2,8,0.011744,0.002224,0.00486
512,482,3.0,3,,2,2,7,0.001624,0.00043,0.000841
512,483,3.0,1,,2,2,7,0.001842,0.000349,0.000565
512,484,3.0,5,,2,2,8,0.044663,0.008459,0.018456
512,485,3.0,5,,2,2,8,0.001916,0.000363,0.001019
512,486,3.0,3,,2,2,8,0.039923,0.010559,0.021162
512,488,3.0,5,,2,2,8,0.00974,0.001845,0.004107
512,489,3.0,1,,2,2,7,0.018855,0.003571,0.005466
512,511,3.0,1,,2,2,1,0.425891,0.074578,0.007026
512,511,3.0,2,,2,2,1,0.0,0.0,0.0
512,511,3.0,5,,2,2,2,0.056786,0.009944,0.000997
512,512,3.0,1,,2,2,1,0.427191,0.074806,0.002028
512,512,3.0,2,,2,2,1,0.0178,0.112701,0.002566
512,512,3.0,3,,2,2,1,0.0178,0.004708,0.000146
512,513,3.0,1,,2,2,2,1.360899,0.238308,0.041815
512,513,3.0,5,,2,2,2,0.194414,0.034044,0.008244
512,519,3.0,1,,2,2,2,0.49138,0.086046,0.017479
512,519,3.0,2,,2,2,3,0.0,0.0,0.0
512,519,3.0,5,,2,2,3,0.078162,0.013695,0.003484
512,531,3.0,2,,2,2,8,0.0,0.0,0.0
512,539,3.0,2,,2,2,8,0.0,0.0,0.0
531,61,3.0,1,,2,2,6,0.361851,0.585037,0.681164
531,61,3.0,2,,2,2,6,0.723703,1.170073,1.506076
531,61,3.0,5,,2,2,6,0.723703,1.170073,1.67643
531,62,3.0,5,,2,2,5,0.20422,0.33018,0.316201
531,63,3.0,3,,2,2,7,0.35164,0.568527,0.856231
531,64,3.0,1,,2,2,5,0.85123,1.376257,1.121014
531,64,3.0,5,,2,2,6,0.85123,1.376257,1.449486
531,65,3.0,5,,2,2,6,0.060073,0.097125,0.099655
531,69,3.0,1,,2,2,5,0.243591,0.393834,0.306365
531,81,3.0,5,,2,2,7,0.065793,0.097142,0.151347
531,89,3.0,1,,2,2,6,0.023175,0.034217,0.045818
531,171,3.0,2,,2,2,8,0.017996,0.034561,0.076253
531,172,3.0,1,,2,2,8,0.00117,0.002101,0.004489
531,179,3.0,1,,2,2,8,0.003591,0.006897,0.014597
531,271,3.0,5,,2,2,7,0.532091,0.750383,1.327157
531,279,3.0,2,,2,2,7,0.137291,0.193579,0.329928
531,341,3.0,5,,2,2,8,0.038649,0.057167,0.17666
531,342,3.0,2,,2,2,8,0.006477,0.00958,0.029367
531,363,3.0,2,,2,2,8,0.011303,0.018705,0.05835
531,369,3.0,2,,2,2,8,0.001447,0.002394,0.007013
531,411,3.0,1,,2,2,2,0.08021,0.101308,0.020458
531,411,3.0,2,,2,2,2,0.004456,0.005628,0.001227
531,411,3.0,5,,2,2,2,0.035649,0.045026,0.009937
531,419,3.0,1,,2,2,3,0.034604,0.043706,0.015371
531,419,3.0,5,,2,2,3,0.003845,0.004856,0.002116
531,421,3.0,2,,2,2,8,0.0,0.0,0.0
531,422,3.0,2,,2,2,8,0.0,0.0,0.0
531,423,3.0,2,,2,2,8,0.0,0.0,0.0
531,429,3.0,2,,2,2,8,0.0,0.0,0.0
531,491,3.0,2,,2,2,6,0.0,0.0,0.0
531,499,3.0,2,,2,2,6,0.0,0.0,0.0
531,531,3.0,1,,2,2,1,3.348574,4.696145,0.254768
531,531,3.0,2,,2,2,1,1.674287,10.600986,0.663555
531,531,3.0,3,,2,2,1,1.674287,2.348073,0.105532
531,532,3.0,1,,2,2,2,0.331941,0.465525,0.0772
531,532,3.0,2,,2,2,2,0.04742,0.066504,0.012194
531,532,3.0,5,,2,2,2,0.04742,0.066504,0.012377
531,539,3.0,1,,2,2,2,0.676299,0.948463,0.188688
531,539,3.0,2,,2,2,2,0.676299,0.948463,0.229928
551,551,4.0,1,,2,2,1,0.0,0.0,0.0
551,559,4.0,1,,2,2,2,0.0,0.0,0.0
11,61,,5,5.0,2,3,8,0.0,0.0,0.0
11,181,,5,5.0,2,3,4,0.0,0.0,0.0
11,261,,1,1.0,2,3,5,0.0,0.0,0.0
11,369,,1,1.0,2,3,6,0.009217,0.062535,0.071023
12,61,,5,5.0,2,3,8,0.0,0.0,0.0
12,181,,5,5.0,2,3,5,0.0,0.0,0.0
12,261,,1,1.0,2,3,6,0.0,0.0,0.0
12,369,,1,1.0,2,3,6,0.003326,0.022564,0.03076
19,61,,5,5.0,2,3,8,0.0,0.0,0.0
19,181,,5,5.0,2,3,5,0.0,0.0,0.0
19,261,,1,1.0,2,3,5,0.0,0.0,0.0
19,369,,1,1.0,2,3,6,0.013906,0.094348,0.111399
20,261,,1,1.0,2,3,8,0.0,0.0,0.0
20,261,,5,2.0,2,3,8,0.114811,0.592325,2.96941
41,42,,7,7.0,2,3,2,0.094687,0.563903,0.079263
41,230,,1,1.0,2,3,8,0.0,0.0,0.0
41,261,,1,1.0,2,3,8,0.360871,2.448418,4.96603
41,261,,2,2.0,2,3,8,0.030624,0.193902,0.414713
41,300,,1,1.0,2,3,6,0.0,0.0,0.0
41,362,,1,1.0,2,3,8,0.0,0.0,0.0
41,369,,1,1.0,2,3,8,0.0,0.0,0.0
41,380,,2,2.0,2,3,8,0.022362,0.141589,0.315504
41,539,,1,1.0,2,3,7,0.0,0.0,0.0
42,42,,7,7.0,2,3,1,0.015404,0.09174,0.00461
42,230,,1,1.0,2,3,8,0.0,0.0,0.0
42,261,,1,1.0,2,3,8,0.058709,0.398327,0.822586
42,261,,2,2.0,2,3,8,0.004982,0.031545,0.063612
42,300,,1,1.0,2,3,7,0.0,0.0,0.0
42,362,,1,1.0,2,3,8,0.0,0.0,0.0
42,369,,1,1.0,2,3,8,0.0,0.0,0.0
42,380,,2,2.0,2,3,8,0.003638,0.023035,0.052147
42,539,,1,1.0,2,3,7,0.0,0.0,0.0
49,42,,7,7.0,2,3,3,0.011157,0.066445,0.016748
49,230,,1,1.0,2,3,8,0.0,0.0,0.0
49,261,,1,1.0,2,3,7,0.042521,0.288497,0.567159
49,261,,2,2.0,2,3,8,0.003608,0.022848,0.046686
49,300,,1,1.0,2,3,6,0.0,0.0,0.0
49,362,,1,1.0,2,3,8,0.0,0.0,0.0
49,369,,1,1.0,2,3,8,0.0,0.0,0.0
49,380,,2,2.0,2,3,8,0.002635,0.016683,0.035204
49,539,,1,1.0,2,3,6,0.0,0.0,0.0
50,181,,5,5.0,2,3,4,0.0,0.0,0.0
50,230,,1,1.0,2,3,7,0.044232,0.300103,0.509942
50,261,,1,1.0,2,3,5,15.95518,108.251755,93.596167
50,261,,2,2.0,2,3,5,35.191002,222.816833,194.789334
50,261,,4,4.0,2,3,4,0.0,0.0,0.0
50,300,,1,1.0,2,3,7,0.0,0.0,0.0
50,300,,2,2.0,2,3,7,0.012495,0.079114,0.143169
50,362,,1,1.0,2,3,6,0.563827,3.82542,4.049024
50,362,,2,2.0,2,3,6,2.166481,13.717383,14.550198
50,369,,1,1.0,2,3,6,0.250075,1.696694,2.251784
50,369,,2,2.0,2,3,6,0.080152,0.507493,0.659846
50,380,,1,1.0,2,3,6,0.217832,1.477934,1.819925
50,380,,2,2.0,2,3,6,3.475643,22.006529,30.617324
50,500,,1,1.0,2,3,7,0.0,0.0,0.0
50,539,,1,1.0,2,3,8,1.090551,7.399105,16.312139
50,539,,2,2.0,2,3,8,0.172995,1.095343,2.605716
61,61,,1,3.0,2,3,1,0.0,0.0,0.0
61,61,,2,3.0,2,3,1,0.0,0.0,0.0
61,61,,5,3.0,2,3,1,0.0,0.0,0.0
61,61,,5,5.0,2,3,1,0.0,0.0,0.0
61,181,,5,5.0,2,3,8,0.0,0.0,0.0
61,230,,1,1.0,2,3,8,0.001508,0.010233,0.032995
61,230,,2,2.0,2,3,8,0.0,0.0,0.0
61,261,,1,1.0,2,3,8,4.637556,31.464615,71.993936
61,261,,1,4.0,2,3,8,0.008518,0.005397,0.012349
61,261,,2,2.0,2,3,8,4.335171,27.448753,68.671147
61,261,,4,4.0,2,3,7,0.0,0.0,0.0
61,261,,5,5.0,2,3,8,0.0,0.0,0.0
61,300,,1,1.0,2,3,6,1.812506,12.297386,16.718261
61,300,,2,2.0,2,3,7,0.0,0.0,0.0
61,300,,4,4.0,2,3,6,0.0,0.0,0.0
61,362,,1,1.0,2,3,8,0.395844,2.685697,6.897444
61,362,,2,2.0,2,3,8,2.636405,16.692772,45.582751
61,362,,4,4.0,2,3,8,0.0,0.0,0.0
61,369,,1,1.0,2,3,8,0.554916,3.764964,10.540105
61,369,,2,2.0,2,3,8,1.783332,11.291421,33.473367
61,380,,1,1.0,2,3,7,0.11689,0.793066,1.410547
61,380,,2,2.0,2,3,8,0.179745,1.138083,2.4941
61,500,,1,1.0,2,3,8,0.0,0.0,0.0
61,539,,1,1.0,2,3,6,9.814632,66.589729,83.040384
61,539,,2,2.0,2,3,6,0.007087,0.044871,0.063952
61,539,,4,4.0,2,3,5,0.0,0.0,0.0
62,61,,1,3.0,2,3,3,0.0,0.0,0.0
62,61,,5,5.0,2,3,4,0.0,0.0,0.0
62,181,,5,5.0,2,3,8,0.0,0.0,0.0
62,230,,1,1.0,2,3,8,0.000311,0.002112,0.006848
62,230,,2,2.0,2,3,8,0.0,0.0,0.0
62,261,,1,1.0,2,3,8,0.523464,3.551569,8.226661
62,261,,2,2.0,2,3,8,0.489333,3.098279,7.575305
62,261,,4,4.0,2,3,8,0.0,0.0,0.0
62,261,,5,5.0,2,3,8,0.0,0.0,0.0
62,300,,1,1.0,2,3,6,0.204587,1.388067,1.663574
62,300,,2,2.0,2,3,6,0.0,0.0,0.0
62,300,,4,4.0,2,3,5,0.0,0.0,0.0
62,362,,1,1.0,2,3,8,0.044681,0.303148,0.782377
62,362,,2,2.0,2,3,8,0.297584,1.884197,5.030917
62,362,,4,4.0,2,3,8,0.0,0.0,0.0
62,369,,1,1.0,2,3,8,0.061926,0.42015,1.176609
62,369,,2,2.0,2,3,8,0.202004,1.279017,3.716119
62,380,,1,1.0,2,3,7,0.013194,0.089517,0.151408
62,380,,2,2.0,2,3,7,0.020289,0.128461,0.250805
62,500,,1,1.0,2,3,8,0.0,0.0,0.0
62,539,,1,1.0,2,3,5,1.107827,7.516317,6.280214
62,539,,2,2.0,2,3,5,0.0008,0.005065,0.004911
62,539,,4,4.0,2,3,4,0.0,0.0,0.0
63,61,,1,3.0,2,3,2,0.0,0.0,0.0
63,61,,5,5.0,2,3,2,0.0,0.0,0.0
63,181,,5,5.0,2,3,8,0.0,0.0,0.0
63,230,,1,1.0,2,3,8,0.000284,0.001925,0.006203
63,230,,2,2.0,2,3,8,0.0,0.0,0.0
63,261,,1,1.0,2,3,8,0.901337,6.115335,14.300622
63,261,,1,4.0,2,3,8,0.001655,0.001049,0.002453
63,261,,2,2.0,2,3,8,0.842566,5.334829,13.637208
63,261,,4,4.0,2,3,7,0.0,0.0,0.0
63,261,,5,5.0,2,3,8,0.0,0.0,0.0
63,300,,1,1.0,2,3,6,0.352271,2.390069,3.36841
63,300,,2,2.0,2,3,7,0.0,0.0,0.0
63,300,,4,4.0,2,3,6,0.0,0.0,0.0
63,362,,1,1.0,2,3,8,0.076935,0.521981,1.368791
63,362,,2,2.0,2,3,8,0.512401,3.244339,9.038371
63,362,,4,4.0,2,3,8,0.0,0.0,0.0
63,369,,1,1.0,2,3,8,0.023858,0.161872,0.469341
63,369,,2,2.0,2,3,8,0.430594,2.726368,8.230711
63,380,,1,1.0,2,3,7,0.022718,0.154137,0.281984
63,380,,2,2.0,2,3,8,0.034935,0.221193,0.564724
63,500,,1,1.0,2,3,8,0.0,0.0,0.0
63,539,,1,1.0,2,3,6,1.907532,12.942111,17.365574
63,539,,2,2.0,2,3,7,0.001377,0.008721,0.013696
63,539,,4,4.0,2,3,6,0.0,0.0,0.0
64,61,,1,3.0,2,3,3,0.0,0.0,0.0
64,61,,3,3.0,2,3,3,0.0,0.0,0.0
64,61,,5,3.0,2,3,3,0.0,0.0,0.0
64,61,,5,5.0,2,3,3,0.0,0.0,0.0
64,181,,5,5.0,2,3,8,0.0,0.0,0.0
64,230,,1,1.0,2,3,8,0.001374,0.00932,0.031729
64,230,,2,2.0,2,3,8,0.0,0.0,0.0
64,261,,1,1.0,2,3,8,4.363809,29.607311,71.370048
64,261,,1,4.0,2,3,8,0.008473,0.005369,0.012942
64,261,,2,2.0,2,3,8,4.079274,25.828505,66.177532
64,261,,4,4.0,2,3,8,0.0,0.0,0.0
64,261,,5,5.0,2,3,8,0.0,0.0,0.0
64,300,,1,1.0,2,3,6,1.705517,11.571491,14.880708
64,300,,2,2.0,2,3,6,0.0,0.0,0.0
64,300,,4,4.0,2,3,5,0.0,0.0,0.0
64,362,,1,1.0,2,3,8,0.372478,2.527165,6.7983
64,362,,2,2.0,2,3,8,2.480782,15.707425,43.779032
64,362,,4,4.0,2,3,8,0.0,0.0,0.0
64,369,,1,1.0,2,3,8,0.516238,3.502543,10.269042
64,369,,2,2.0,2,3,8,1.683987,10.662405,32.226745
64,380,,1,1.0,2,3,7,0.10999,0.746252,1.33218
64,380,,2,2.0,2,3,8,0.169135,1.070904,2.180859
64,500,,1,1.0,2,3,8,0.0,0.0,0.0
64,539,,1,1.0,2,3,5,9.235291,62.659054,56.173778
64,539,,2,2.0,2,3,6,0.006668,0.042222,0.044739
64,539,,4,4.0,2,3,4,0.0,0.0,0.0
65,61,,5,5.0,2,3,3,0.0,0.0,0.0
65,181,,5,5.0,2,3,8,0.0,0.0,0.0
65,230,,1,1.0,2,3,8,0.0,0.0,0.0
65,230,,2,2.0,2,3,8,0.0,0.0,0.0
65,261,,1,1.0,2,3,8,0.15398,1.044716,2.548461
65,261,,2,2.0,2,3,8,0.14394,0.911379,2.359285
65,261,,4,4.0,2,3,7,0.0,0.0,0.0
65,261,,5,5.0,2,3,8,0.0,0.0,0.0
65,300,,1,1.0,2,3,6,0.06018,0.408309,0.557553
65,300,,2,2.0,2,3,7,0.0,0.0,0.0
65,300,,4,4.0,2,3,5,0.0,0.0,0.0
65,362,,1,1.0,2,3,8,0.013143,0.089173,0.243681
65,362,,2,2.0,2,3,8,0.087536,0.554248,1.560735
65,369,,1,1.0,2,3,8,0.004076,0.027654,0.081957
65,369,,2,2.0,2,3,8,0.073561,0.465761,1.420707
65,380,,1,1.0,2,3,7,0.003881,0.026332,0.048641
65,380,,2,2.0,2,3,8,0.005968,0.037788,0.079574
65,500,,1,1.0,2,3,8,0.0,0.0,0.0
65,539,,1,1.0,2,3,5,0.325874,2.210972,2.20145
65,539,,2,2.0,2,3,6,0.000235,0.00149,0.001671
65,539,,4,4.0,2,3,5,0.0,0.0,0.0
69,61,,1,3.0,2,3,3,0.0,0.0,0.0
69,61,,5,5.0,2,3,3,0.0,0.0,0.0
69,181,,5,5.0,2,3,8,0.0,0.0,0.0
69,230,,1,1.0,2,3,8,0.000197,0.001334,0.004453
69,230,,2,2.0,2,3,8,0.0,0.0,0.0
69,261,,1,1.0,2,3,8,0.624381,4.236262,10.132594
69,261,,1,4.0,2,3,8,0.001147,0.000727,0.001739
69,261,,2,2.0,2,3,8,0.583669,3.695584,9.411132
69,261,,4,4.0,2,3,8,0.0,0.0,0.0
69,261,,5,5.0,2,3,8,0.0,0.0,0.0
69,300,,1,1.0,2,3,6,0.244028,1.655667,2.182489
69,300,,2,2.0,2,3,6,0.0,0.0,0.0
69,300,,4,4.0,2,3,5,0.0,0.0,0.0
69,362,,1,1.0,2,3,8,0.053295,0.361591,0.96742
69,362,,2,2.0,2,3,8,0.354954,2.247444,6.236872
69,362,,4,4.0,2,3,8,0.0,0.0,0.0
69,369,,1,1.0,2,3,8,0.016527,0.112134,0.325631
69,369,,2,2.0,2,3,8,0.298284,1.888631,5.684698
69,380,,1,1.0,2,3,7,0.015738,0.106775,0.193399
69,380,,2,2.0,2,3,8,0.0242,0.153227,0.31552
69,500,,1,1.0,2,3,8,0.0,0.0,0.0
69,539,,1,1.0,2,3,5,1.3214,8.965356,8.511504
69,539,,2,2.0,2,3,6,0.000954,0.006041,0.006523
69,539,,4,4.0,2,3,4,0.0,0.0,0.0
81,61,,5,5.0,2,3,6,0.0,0.0,0.0
81,261,,1,1.0,2,3,6,0.482425,3.273126,4.212369
81,261,,2,2.0,2,3,6,0.329293,2.084966,2.839876
81,261,,5,5.0,2,3,6,0.0,0.0,0.0
81,300,,1,1.0,2,3,5,0.0,0.0,0.0
81,300,,2,2.0,2,3,6,0.0,0.0,0.0
81,300,,7,7.0,2,3,6,0.005343,0.031819,0.033113
81,362,,1,1.0,2,3,7,0.0,0.0,0.0
81,369,,1,1.0,2,3,7,0.048985,0.332353,0.603523
81,380,,1,1.0,2,3,5,0.130221,0.883518,0.754822
81,380,,2,2.0,2,3,6,0.059948,0.37957,0.426477
81,539,,1,1.0,2,3,6,0.115364,0.782716,1.030784
81,539,,2,2.0,2,3,6,0.0,0.0,0.0
81,539,,5,5.0,2,3,7,0.0,0.0,0.0
89,61,,5,5.0,2,3,6,0.0,0.0,0.0
89,261,,1,1.0,2,3,6,0.169927,1.152914,1.572099
89,261,,2,2.0,2,3,6,0.115989,0.734401,1.029811
89,261,,5,5.0,2,3,7,0.0,0.0,0.0
89,300,,1,1.0,2,3,5,0.0,0.0,0.0
89,300,,2,2.0,2,3,6,0.0,0.0,0.0
89,300,,7,7.0,2,3,6,0.001882,0.011208,0.012693
89,362,,1,1.0,2,3,7,0.0,0.0,0.0
89,369,,1,1.0,2,3,7,0.017254,0.117067,0.218674
89,380,,1,1.0,2,3,5,0.045869,0.311207,0.292662
89,380,,2,2.0,2,3,6,0.021116,0.133698,0.164199
89,539,,1,1.0,2,3,6,0.040635,0.275701,0.362077
89,539,,2,2.0,2,3,7,0.0,0.0,0.0
89,539,,5,5.0,2,3,7,0.0,0.0,0.0
91,261,,1,1.0,2,3,5,0.0,0.0,0.0
91,261,,7,7.0,2,3,5,0.001543,0.00919,0.008125
91,300,,7,7.0,2,3,8,0.003161,0.018825,0.047707
91,362,,1,1.0,2,3,3,0.0,0.0,0.0
91,369,,1,1.0,2,3,3,0.0,0.0,0.0
91,369,,7,7.0,2,3,3,0.020256,0.120631,0.044607
91,380,,1,1.0,2,3,7,0.0,0.0,0.0
91,380,,2,2.0,2,3,7,0.0,0.0,0.0
91,380,,7,7.0,2,3,7,0.001892,0.011269,0.022479
91,500,,1,1.0,2,3,3,0.0,0.0,0.0
91,539,,7,7.0,2,3,8,0.003601,0.021448,0.069661
92,261,,1,1.0,2,3,4,0.0,0.0,0.0
92,261,,7,7.0,2,3,5,0.002643,0.01574,0.013566
92,300,,7,7.0,2,3,8,0.005414,0.03224,0.079325
92,362,,1,1.0,2,3,3,0.0,0.0,0.0
92,369,,1,1.0,2,3,3,0.0,0.0,0.0
92,369,,7,7.0,2,3,3,0.034691,0.206599,0.067362
92,380,,1,1.0,2,3,7,0.0,0.0,0.0
92,380,,2,2.0,2,3,7,0.0,0.0,0.0
92,380,,7,7.0,2,3,7,0.003241,0.0193,0.03765
92,500,,1,1.0,2,3,3,0.0,0.0,0.0
92,539,,7,7.0,2,3,8,0.006168,0.036733,0.115928
99,261,,1,1.0,2,3,5,0.0,0.0,0.0
99,261,,7,7.0,2,3,5,0.000314,0.001873,0.001688
99,300,,7,7.0,2,3,8,0.000644,0.003836,0.010103
99,362,,1,1.0,2,3,3,0.0,0.0,0.0
99,369,,1,1.0,2,3,3,0.0,0.0,0.0
99,369,,7,7.0,2,3,3,0.004128,0.024582,0.009469
99,380,,1,1.0,2,3,7,0.0,0.0,0.0
99,380,,2,2.0,2,3,7,0.0,0.0,0.0
99,380,,7,7.0,2,3,8,0.000386,0.002296,0.00477
99,500,,1,1.0,2,3,3,0.0,0.0,0.0
99,539,,7,7.0,2,3,8,0.000734,0.004371,0.014586
101,362,,1,1.0,2,3,3,0.0,0.0,0.0
101,369,,1,1.0,2,3,3,0.016663,0.113051,0.043944
109,362,,1,1.0,2,3,3,0.0,0.0,0.0
109,369,,1,1.0,2,3,3,0.002281,0.015474,0.006795
111,369,,7,7.0,2,3,4,0.001123,0.006689,0.003653
121,261,,1,1.0,2,3,6,0.04846,0.328792,0.353071
121,261,,1,4.0,2,3,6,0.011349,0.063052,0.067708
121,261,,2,2.0,2,3,6,0.032604,0.206435,0.236014
121,261,,2,3.0,2,3,6,0.0,0.0,0.0
121,300,,1,1.0,2,3,8,0.0,0.0,0.0
121,362,,1,1.0,2,3,6,0.026357,0.178827,0.194724
121,362,,5,5.0,2,3,6,0.0,0.0,0.0
121,369,,1,1.0,2,3,6,0.000543,0.003682,0.004343
121,369,,2,2.0,2,3,6,0.005607,0.035504,0.047852
121,369,,2,3.0,2,3,6,0.0,0.0,0.0
121,380,,1,1.0,2,3,7,0.0,0.0,0.0
121,380,,2,2.0,2,3,7,0.0,0.0,0.0
121,399,,2,3.0,2,3,6,0.0,0.0,0.0
121,460,,4,4.0,2,3,6,0.0,0.0,0.0
121,539,,1,1.0,2,3,8,0.003111,0.021109,0.062328
122,131,,4,4.0,2,3,4,0.0,0.0,0.0
122,261,,1,1.0,2,3,6,0.223681,1.517616,2.064777
122,261,,2,2.0,2,3,6,0.115167,0.729194,1.092089
122,261,,2,3.0,2,3,6,0.0,0.0,0.0
122,261,,5,4.0,2,3,6,0.047441,0.241348,0.361779
122,300,,1,1.0,2,3,8,0.0,0.0,0.0
122,362,,1,1.0,2,3,6,0.110174,0.747504,1.051204
122,362,,5,5.0,2,3,7,0.0,0.0,0.0
122,369,,1,1.0,2,3,6,0.005593,0.037947,0.05664
122,369,,2,2.0,2,3,7,0.020115,0.127358,0.218695
122,369,,2,3.0,2,3,7,0.0,0.0,0.0
122,380,,1,1.0,2,3,8,0.0,0.0,0.0
122,380,,2,2.0,2,3,8,0.0,0.0,0.0
122,399,,2,3.0,2,3,6,0.0,0.0,0.0
122,460,,4,4.0,2,3,6,0.0,0.0,0.0
122,539,,1,1.0,2,3,8,0.013005,0.088235,0.288087
123,261,,1,1.0,2,3,6,0.113297,0.768689,0.889827
123,261,,1,4.0,2,3,6,0.015386,0.076907,0.089027
123,261,,2,2.0,2,3,6,0.053452,0.338436,0.421603
123,261,,2,3.0,2,3,6,0.0,0.0,0.0
123,300,,1,1.0,2,3,8,0.0,0.0,0.0
123,362,,1,1.0,2,3,6,0.051947,0.352447,0.420966
123,362,,5,5.0,2,3,6,0.0,0.0,0.0
123,369,,1,1.0,2,3,6,0.00107,0.007257,0.0093
123,369,,2,2.0,2,3,6,0.011051,0.069974,0.101462
123,369,,2,3.0,2,3,6,0.0,0.0,0.0
123,380,,1,1.0,2,3,8,0.0,0.0,0.0
123,380,,2,2.0,2,3,8,0.0,0.0,0.0
123,399,,2,3.0,2,3,6,0.0,0.0,0.0
123,460,,4,4.0,2,3,6,0.0,0.0,0.0
123,539,,1,1.0,2,3,8,0.006132,0.041603,0.126123
124,261,,1,1.0,2,3,6,0.112974,0.7665,0.909424
124,261,,2,2.0,2,3,6,0.064075,0.405699,0.532086
124,261,,2,3.0,2,3,6,0.0,0.0,0.0
124,261,,5,4.0,2,3,6,0.004562,0.003548,0.004658
124,300,,1,1.0,2,3,8,0.0,0.0,0.0
124,362,,1,1.0,2,3,6,0.051798,0.351434,0.443924
124,362,,5,5.0,2,3,7,0.0,0.0,0.0
124,369,,1,1.0,2,3,6,0.000899,0.0061,0.008205
124,369,,2,2.0,2,3,7,0.011187,0.070833,0.107354
124,369,,2,3.0,2,3,7,0.0,0.0,0.0
124,380,,1,1.0,2,3,8,0.0,0.0,0.0
124,380,,2,2.0,2,3,8,0.0,0.0,0.0
124,399,,2,3.0,2,3,6,0.0,0.0,0.0
124,460,,4,4.0,2,3,6,0.0,0.0,0.0
124,539,,1,1.0,2,3,8,0.006114,0.041483,0.126548
129,261,,1,1.0,2,3,6,0.138552,0.940033,1.101083
129,261,,1,4.0,2,3,6,0.031006,0.171168,0.200493
129,261,,2,2.0,2,3,6,0.070215,0.444578,0.567117
129,261,,2,3.0,2,3,6,0.0,0.0,0.0
129,300,,1,1.0,2,3,8,0.0,0.0,0.0
129,362,,1,1.0,2,3,6,0.068243,0.463009,0.586692
129,362,,5,5.0,2,3,6,0.0,0.0,0.0
129,369,,1,1.0,2,3,6,0.003465,0.023507,0.031991
129,369,,2,2.0,2,3,7,0.012459,0.078884,0.119439
129,369,,2,3.0,2,3,7,0.0,0.0,0.0
129,380,,1,1.0,2,3,7,0.0,0.0,0.0
129,380,,2,2.0,2,3,8,0.0,0.0,0.0
129,399,,2,3.0,2,3,6,0.0,0.0,0.0
129,460,,4,4.0,2,3,6,0.0,0.0,0.0
129,539,,1,1.0,2,3,8,0.008055,0.054654,0.165439
131,261,,1,1.0,2,3,4,0.712082,4.831294,3.593381
131,261,,2,2.0,2,3,5,0.160494,1.016191,0.810784
131,362,,1,1.0,2,3,5,0.029464,0.199908,0.180221
131,362,,2,2.0,2,3,5,0.0,0.0,0.0
131,380,,1,1.0,2,3,7,0.0,0.0,0.0
131,539,,1,1.0,2,3,8,0.01532,0.103945,0.273004
132,261,,1,1.0,2,3,5,0.037456,0.254127,0.239965
132,261,,2,2.0,2,3,6,0.008442,0.053452,0.053819
132,362,,1,1.0,2,3,5,0.00155,0.010515,0.010011
132,362,,2,2.0,2,3,6,0.0,0.0,0.0
132,380,,1,1.0,2,3,7,0.0,0.0,0.0
132,539,,1,1.0,2,3,8,0.000806,0.005468,0.015598
139,261,,1,1.0,2,3,5,0.210174,1.425976,1.208309
139,261,,2,2.0,2,3,5,0.00502,0.031787,0.030168
139,362,,1,1.0,2,3,5,0.007266,0.049301,0.047635
139,362,,2,2.0,2,3,6,0.0,0.0,0.0
139,380,,1,1.0,2,3,7,0.0,0.0,0.0
139,539,,1,1.0,2,3,8,0.003778,0.025635,0.070221
151,261,,7,7.0,2,3,8,0.000821,0.00489,0.024427
151,300,,7,7.0,2,3,8,0.001682,0.010016,0.035465
151,369,,7,7.0,2,3,8,0.010777,0.064182,0.532183
151,380,,7,7.0,2,3,8,0.001007,0.005996,0.024908
151,539,,7,7.0,2,3,8,0.001916,0.011412,0.032282
159,300,,7,7.0,2,3,8,0.000585,0.003486,0.012738
159,369,,7,7.0,2,3,8,0.003751,0.022339,0.185275
159,380,,7,7.0,2,3,8,0.00035,0.002087,0.008906
159,539,,7,7.0,2,3,8,0.000667,0.003972,0.011747
160,230,,1,1.0,2,3,8,0.0,0.0,0.0
160,261,,1,1.0,2,3,7,0.011397,0.077326,0.146493
160,261,,5,5.0,2,3,8,0.026544,0.137069,0.274565
160,300,,1,1.0,2,3,4,2.185333,14.826917,8.268081
160,300,,2,2.0,2,3,5,0.0,0.0,0.0
160,362,,1,1.0,2,3,8,0.0,0.0,0.0
160,369,,1,1.0,2,3,8,0.0,0.0,0.0
160,380,,1,1.0,2,3,6,0.011246,0.076304,0.080516
160,380,,2,2.0,2,3,6,0.0,0.0,0.0
160,539,,1,1.0,2,3,4,0.026057,0.176792,0.097382
171,61,,5,5.0,2,3,8,0.0,0.0,0.0
171,181,,5,5.0,2,3,1,1.616655,8.340522,0.454274
171,230,,5,5.0,2,3,6,0.292813,1.510657,2.033141
171,261,,1,1.0,2,3,3,16.30691,110.638153,34.718243
171,261,,2,2.0,2,3,3,1.620145,10.258176,3.312635
171,261,,4,4.0,2,3,3,0.0,0.0,0.0
171,261,,5,5.0,2,3,3,6.987535,36.049549,11.523152
171,300,,1,1.0,2,3,6,0.164461,1.115825,1.56828
171,300,,2,2.0,2,3,6,0.027628,0.174932,0.248264
171,362,,1,1.0,2,3,4,0.159936,1.085127,0.62728
171,362,,2,2.0,2,3,4,0.19842,1.256323,0.699962
171,362,,5,5.0,2,3,4,2.080423,10.733158,6.341413
171,369,,1,1.0,2,3,5,0.0,0.0,0.0
171,369,,2,2.0,2,3,5,1.588581,10.058324,7.931272
171,380,,1,1.0,2,3,5,0.480862,3.262523,2.917975
171,380,,2,2.0,2,3,5,0.281905,1.78492,1.604044
171,380,,4,4.0,2,3,4,0.0,0.0,0.0
171,399,,3,3.0,2,3,5,3.229846,23.18428,17.510144
171,471,,4,4.0,2,3,3,0.0,0.0,0.0
171,539,,1,1.0,2,3,8,0.672895,4.565419,9.201693
171,539,,2,2.0,2,3,8,0.0,0.0,0.0
172,61,,5,5.0,2,3,8,0.0,0.0,0.0
172,181,,5,5.0,2,3,3,0.055797,0.287862,0.079482
172,230,,5,5.0,2,3,7,0.010106,0.052138,0.080491
172,261,,1,1.0,2,3,4,0.563334,3.822072,2.03892
172,261,,2,2.0,2,3,4,0.055395,0.350739,0.184903
172,261,,4,4.0,2,3,3,0.0,0.0,0.0
172,261,,5,5.0,2,3,4,0.241165,1.244201,0.658142
172,300,,1,1.0,2,3,7,0.005676,0.038511,0.059961
172,300,,2,2.0,2,3,7,0.000954,0.006038,0.00935
172,362,,1,1.0,2,3,5,0.005543,0.037606,0.028258
172,362,,2,2.0,2,3,4,0.006848,0.04336,0.030764
172,362,,5,5.0,2,3,4,0.071803,0.37044,0.262977
172,369,,1,1.0,2,3,5,0.0,0.0,0.0
172,369,,2,2.0,2,3,5,0.054963,0.348003,0.329163
172,380,,1,1.0,2,3,6,0.016596,0.112602,0.121907
172,380,,2,2.0,2,3,6,0.00973,0.061604,0.06482
172,380,,4,4.0,2,3,5,0.0,0.0,0.0
172,399,,3,3.0,2,3,6,0.111474,0.800174,0.87059
172,539,,1,1.0,2,3,8,0.023224,0.157569,0.328886
172,539,,2,2.0,2,3,8,0.0,0.0,0.0
179,61,,5,5.0,2,3,8,0.0,0.0,0.0
179,181,,5,5.0,2,3,2,0.322606,1.664366,0.321904
179,230,,5,5.0,2,3,6,0.058431,0.301454,0.44706
179,261,,1,1.0,2,3,3,3.257095,22.098543,9.79167
179,261,,2,2.0,2,3,3,0.320282,2.02791,0.903853
179,261,,4,4.0,2,3,3,0.0,0.0,0.0
179,261,,5,5.0,2,3,3,1.394375,7.193752,3.24878
179,300,,1,1.0,2,3,6,0.032818,0.222665,0.330722
179,300,,2,2.0,2,3,6,0.005513,0.034908,0.051684
179,362,,1,1.0,2,3,4,0.031916,0.216539,0.15149
179,362,,2,2.0,2,3,4,0.039595,0.250702,0.164355
179,362,,5,5.0,2,3,4,0.415152,2.141821,1.414992
179,369,,1,1.0,2,3,5,0.0,0.0,0.0
179,369,,2,2.0,2,3,5,0.317004,2.007157,1.79411
179,380,,1,1.0,2,3,5,0.095957,0.651042,0.645193
179,380,,2,2.0,2,3,5,0.056255,0.356184,0.347718
179,380,,4,4.0,2,3,5,0.0,0.0,0.0
179,399,,3,3.0,2,3,6,0.644522,4.626465,5.281084
179,471,,4,4.0,2,3,3,0.0,0.0,0.0
179,539,,1,1.0,2,3,8,0.134277,0.911037,1.881382
179,539,,2,2.0,2,3,8,0.0,0.0,0.0
181,61,,5,5.0,2,3,8,0.007373,0.03804,0.08664
181,181,,5,5.0,2,3,1,0.01299,0.067019,0.002033
181,181,,7,7.0,2,3,1,0.0,0.0,0.0
181,230,,2,3.0,2,3,6,0.0,0.0,0.0
181,261,,1,1.0,2,3,3,3.680858,24.973669,6.719697
181,261,,1,4.0,2,3,3,0.0,0.0,0.0
181,261,,2,2.0,2,3,3,0.131127,0.830248,0.251689
181,261,,5,5.0,2,3,3,0.766595,3.954958,1.168805
181,300,,1,1.0,2,3,7,0.010895,0.073921,0.11166
181,300,,2,2.0,2,3,6,0.041784,0.26456,0.390112
181,362,,1,1.0,2,3,4,0.01594,0.108149,0.057947
181,362,,2,2.0,2,3,4,0.0,0.0,0.0
181,362,,2,3.0,2,3,4,0.0,0.0,0.0
181,362,,5,5.0,2,3,4,0.441568,2.278105,1.186979
181,369,,1,1.0,2,3,4,0.0,0.0,0.0
181,369,,2,2.0,2,3,5,0.020189,0.127829,0.096243
181,380,,1,1.0,2,3,6,0.11671,0.791849,0.795344
181,380,,2,2.0,2,3,5,0.0,0.0,0.0
181,512,,2,3.0,2,3,5,0.0,0.0,0.0
181,539,,1,1.0,2,3,8,0.0,0.0,0.0
182,61,,5,5.0,2,3,8,0.031342,0.161695,0.370459
182,181,,5,5.0,2,3,2,0.055217,0.284873,0.055706
182,230,,5,3.0,2,3,6,0.0,0.0,0.0
182,261,,1,1.0,2,3,3,15.716689,106.633659,32.798896
182,261,,1,4.0,2,3,3,0.0,0.0,0.0
182,261,,2,2.0,2,3,3,0.486683,3.081501,0.961327
182,261,,5,5.0,2,3,3,3.258519,16.8111,5.263406
182,300,,1,1.0,2,3,7,0.046312,0.314212,0.51811
182,300,,2,2.0,2,3,7,0.177608,1.124551,1.854024
182,362,,1,1.0,2,3,4,0.067755,0.459702,0.23919
182,362,,1,3.0,2,3,4,0.0,0.0,0.0
182,362,,2,2.0,2,3,3,0.0,0.0,0.0
182,362,,5,3.0,2,3,3,0.0,0.0,0.0
182,362,,5,5.0,2,3,3,1.876948,9.683405,4.670593
182,369,,1,1.0,2,3,5,0.0,0.0,0.0
182,369,,2,2.0,2,3,4,0.085816,0.543357,0.389573
182,380,,1,1.0,2,3,6,0.496094,3.365866,3.869234
182,380,,2,2.0,2,3,6,0.0,0.0,0.0
182,512,,1,3.0,2,3,4,0.0,0.0,0.0
182,512,,5,3.0,2,3,5,0.0,0.0,0.0
182,539,,1,1.0,2,3,8,0.0,0.0,0.0
183,61,,5,5.0,2,3,8,0.007058,0.036414,0.085597
183,181,,5,5.0,2,3,2,0.012435,0.064153,0.008403
183,230,,5,3.0,2,3,6,0.0,0.0,0.0
183,261,,1,1.0,2,3,2,3.539395,24.013878,4.697198
183,261,,1,4.0,2,3,2,0.0,0.0,0.0
183,261,,2,2.0,2,3,2,0.109601,0.693953,0.133279
183,261,,5,5.0,2,3,2,0.733818,3.785856,0.729674
183,300,,1,1.0,2,3,7,0.010429,0.07076,0.114566
183,300,,2,2.0,2,3,7,0.039997,0.253249,0.400323
183,362,,1,1.0,2,3,3,0.015258,0.103525,0.044787
183,362,,2,2.0,2,3,3,0.0,0.0,0.0
183,362,,5,3.0,2,3,3,0.0,0.0,0.0
183,362,,5,5.0,2,3,3,0.422688,2.1807,0.860174
183,369,,1,1.0,2,3,4,0.0,0.0,0.0
183,369,,2,2.0,2,3,4,0.019326,0.122364,0.077821
183,380,,1,1.0,2,3,6,0.11172,0.757992,0.844248
183,380,,2,2.0,2,3,6,0.0,0.0,0.0
183,512,,1,3.0,2,3,4,0.0,0.0,0.0
183,539,,1,1.0,2,3,8,0.0,0.0,0.0
189,61,,5,5.0,2,3,8,0.027087,0.139744,0.318286
189,181,,5,5.0,2,3,2,0.047721,0.2462,0.04799
189,230,,2,3.0,2,3,6,0.0,0.0,0.0
189,261,,1,1.0,2,3,3,13.585038,92.170959,29.213273
189,261,,1,4.0,2,3,3,0.0,0.0,0.0
189,261,,2,2.0,2,3,3,0.418661,2.650814,0.852237
189,261,,5,5.0,2,3,3,2.816163,14.528931,4.829678
189,300,,1,1.0,2,3,7,0.040025,0.271556,0.446472
189,300,,2,2.0,2,3,7,0.153497,0.971889,1.577581
189,362,,1,1.0,2,3,4,0.058557,0.397296,0.210897
189,362,,1,3.0,2,3,4,0.0,0.0,0.0
189,362,,2,2.0,2,3,4,0.0,0.0,0.0
189,362,,5,5.0,2,3,4,1.622145,8.368845,4.359164
189,369,,1,1.0,2,3,5,0.0,0.0,0.0
189,369,,2,2.0,2,3,5,0.074166,0.469594,0.355454
189,380,,1,1.0,2,3,6,0.428747,2.908937,3.320784
189,380,,2,2.0,2,3,6,0.0,0.0,0.0
189,512,,1,3.0,2,3,5,0.0,0.0,0.0
189,512,,5,3.0,2,3,5,0.0,0.0,0.0
189,539,,1,1.0,2,3,8,0.0,0.0,0.0
190,61,,5,5.0,2,3,7,0.0,0.0,0.0
190,181,,5,5.0,2,3,3,0.0,0.0,0.0
190,261,,1,1.0,2,3,4,23.404699,158.794815,99.674672
190,261,,2,2.0,2,3,4,4.2901,27.163383,17.568261
190,261,,4,4.0,2,3,4,0.0,0.0,0.0
190,261,,5,5.0,2,3,4,0.169184,0.872841,0.575145
190,300,,1,1.0,2,3,6,0.576124,3.908853,4.568153
190,362,,1,1.0,2,3,5,0.160034,1.085792,0.970485
190,362,,5,5.0,2,3,5,0.583702,3.01139,2.707963
190,369,,1,1.0,2,3,6,0.241585,1.639091,1.812702
190,380,,1,1.0,2,3,4,1.741124,11.813073,8.20374
190,380,,2,2.0,2,3,5,0.0,0.0,0.0
190,471,,1,4.0,2,3,4,0.022595,0.003307,0.002203
190,471,,4,4.0,2,3,4,0.0,0.0,0.0
190,539,,1,1.0,2,3,7,0.0,0.0,0.0
201,261,,1,1.0,2,3,5,0.01807,0.122602,0.096563
201,261,,2,2.0,2,3,5,0.147276,0.932497,0.703696
201,261,,5,5.0,2,3,5,0.0,0.0,0.0
201,291,,7,7.0,2,3,1,0.02794,0.166394,0.008818
201,300,,1,1.0,2,3,6,0.003477,0.023592,0.030916
201,300,,2,2.0,2,3,6,0.040605,0.257095,0.352325
201,362,,1,1.0,2,3,6,0.002847,0.019318,0.019436
201,362,,2,2.0,2,3,5,0.008675,0.054928,0.052974
201,369,,1,1.0,2,3,6,0.0,0.0,0.0
201,369,,2,2.0,2,3,6,0.043794,0.277285,0.336201
201,380,,1,1.0,2,3,5,0.0,0.0,0.0
201,380,,2,2.0,2,3,5,0.0,0.0,0.0
201,500,,1,1.0,2,3,6,0.009561,0.064869,0.093033
201,500,,2,2.0,2,3,6,0.031132,0.197117,0.278653
201,539,,1,1.0,2,3,7,0.312182,2.11807,3.867835
202,261,,1,1.0,2,3,5,0.00902,0.061201,0.059776
202,261,,2,2.0,2,3,5,0.073518,0.465489,0.443963
202,261,,5,5.0,2,3,5,0.0,0.0,0.0
202,291,,7,7.0,2,3,3,0.013947,0.083062,0.021027
202,300,,1,1.0,2,3,6,0.001736,0.011777,0.01554
202,300,,2,2.0,2,3,7,0.020269,0.128338,0.201656
202,362,,1,1.0,2,3,6,0.001486,0.010081,0.012028
202,362,,2,2.0,2,3,6,0.00433,0.027418,0.032445
202,369,,1,1.0,2,3,6,0.0,0.0,0.0
202,369,,2,2.0,2,3,6,0.021861,0.138417,0.196076
202,380,,1,1.0,2,3,5,0.0,0.0,0.0
202,380,,2,2.0,2,3,6,0.0,0.0,0.0
202,500,,1,1.0,2,3,7,0.004773,0.032382,0.052604
202,500,,2,2.0,2,3,7,0.015541,0.098398,0.15836
202,539,,1,1.0,2,3,7,0.155837,1.057311,1.929748
209,261,,1,1.0,2,3,5,0.01138,0.077212,0.076335
209,261,,2,2.0,2,3,5,0.09275,0.587263,0.569557
209,261,,5,5.0,2,3,5,0.0,0.0,0.0
209,291,,7,7.0,2,3,3,0.017596,0.104791,0.028448
209,300,,1,1.0,2,3,6,0.00219,0.014858,0.017876
209,300,,2,2.0,2,3,6,0.025572,0.161912,0.227837
209,362,,1,1.0,2,3,6,0.001793,0.01215,0.014762
209,362,,2,2.0,2,3,6,0.005463,0.03459,0.041786
209,369,,1,1.0,2,3,6,0.0,0.0,0.0
209,369,,2,2.0,2,3,6,0.02758,0.174627,0.25159
209,380,,1,1.0,2,3,5,0.0,0.0,0.0
209,380,,2,2.0,2,3,6,0.0,0.0,0.0
209,500,,1,1.0,2,3,7,0.006021,0.040853,0.067121
209,500,,2,2.0,2,3,7,0.019606,0.124139,0.201401
209,539,,1,1.0,2,3,7,0.196604,1.333907,2.265685
211,261,,1,1.0,2,3,3,0.019213,0.130357,0.040618
211,261,,1,4.0,2,3,3,0.0,0.0,0.0
211,261,,2,2.0,2,3,3,0.007389,0.046784,0.014904
211,300,,2,2.0,2,3,7,0.014593,0.0924,0.165541
211,362,,2,2.0,2,3,3,0.0,0.0,0.0
211,369,,2,2.0,2,3,4,0.0,0.0,0.0
211,380,,1,1.0,2,3,6,0.0,0.0,0.0
212,261,,1,1.0,2,3,3,0.011075,0.075142,0.029599
212,261,,2,2.0,2,3,3,0.078397,0.496381,0.199855
212,261,,4,4.0,2,3,3,0.0,0.0,0.0
212,300,,2,2.0,2,3,7,0.049082,0.310772,0.555113
212,362,,2,2.0,2,3,4,0.0,0.0,0.0
212,369,,2,2.0,2,3,5,0.0,0.0,0.0
212,380,,1,1.0,2,3,6,0.0,0.0,0.0
219,261,,1,1.0,2,3,3,0.082602,0.560435,0.260977
219,261,,2,2.0,2,3,3,0.031767,0.201135,0.099311
219,261,,4,4.0,2,3,3,0.0,0.0,0.0
219,300,,2,2.0,2,3,7,0.06274,0.397249,0.728192
219,362,,2,2.0,2,3,4,0.0,0.0,0.0
219,369,,2,2.0,2,3,5,0.0,0.0,0.0
219,380,,1,1.0,2,3,6,0.0,0.0,0.0
221,181,,5,5.0,2,3,5,0.0,0.0,0.0
221,261,,1,1.0,2,3,6,0.021208,0.143893,0.165002
221,261,,2,2.0,2,3,6,0.295905,1.873564,2.211646
221,261,,5,5.0,2,3,6,0.006917,0.035683,0.042134
221,300,,1,1.0,2,3,8,0.0,0.0,0.0
221,362,,2,2.0,2,3,6,0.0,0.0,0.0
221,362,,5,5.0,2,3,6,0.017291,0.089208,0.119175
221,380,,1,1.0,2,3,7,0.0,0.0,0.0
221,539,,1,1.0,2,3,8,0.0,0.0,0.0
221,539,,2,2.0,2,3,8,0.011027,0.069819,0.187917
222,181,,5,5.0,2,3,6,0.0,0.0,0.0
222,261,,1,1.0,2,3,6,0.004821,0.032707,0.041682
222,261,,2,2.0,2,3,6,0.06726,0.425866,0.534411
222,261,,5,5.0,2,3,6,0.001572,0.008111,0.01044
222,300,,1,1.0,2,3,7,0.0,0.0,0.0
222,362,,2,2.0,2,3,6,0.0,0.0,0.0
222,362,,5,5.0,2,3,6,0.00393,0.020277,0.029199
222,380,,1,1.0,2,3,7,0.0,0.0,0.0
222,539,,1,1.0,2,3,8,0.0,0.0,0.0
222,539,,2,2.0,2,3,8,0.002506,0.01587,0.043053
223,181,,5,5.0,2,3,5,0.0,0.0,0.0
223,261,,1,1.0,2,3,6,0.025342,0.171936,0.189212
223,261,,2,2.0,2,3,6,0.450196,2.850477,3.32508
223,261,,5,5.0,2,3,6,0.010372,0.05351,0.062469
223,300,,1,1.0,2,3,8,0.0,0.0,0.0
223,362,,2,2.0,2,3,6,0.0,0.0,0.0
223,362,,5,5.0,2,3,6,0.02593,0.133774,0.175693
223,380,,1,1.0,2,3,7,0.0,0.0,0.0
223,539,,1,1.0,2,3,8,0.0,0.0,0.0
223,539,,2,2.0,2,3,8,0.016536,0.104699,0.296337
229,181,,5,5.0,2,3,5,0.0,0.0,0.0
229,261,,1,1.0,2,3,6,0.027592,0.187205,0.212737
229,261,,2,2.0,2,3,6,0.483139,3.059062,3.58062
229,261,,5,5.0,2,3,6,0.011139,0.05747,0.067763
229,300,,1,1.0,2,3,7,0.0,0.0,0.0
229,362,,2,2.0,2,3,6,0.0,0.0,0.0
229,362,,5,5.0,2,3,6,0.027849,0.143675,0.196599
229,380,,1,1.0,2,3,7,0.0,0.0,0.0
229,539,,1,1.0,2,3,8,0.0,0.0,0.0
229,539,,2,2.0,2,3,8,0.01776,0.112448,0.294838
230,230,,1,1.0,2,3,2,4.219915,28.631029,3.655271
230,230,,2,2.0,2,3,2,0.162755,1.030508,0.156733
230,261,,1,1.0,2,3,5,0.0,0.0,0.0
230,369,,1,1.0,2,3,3,0.0,0.0,0.0
230,369,,2,2.0,2,3,4,0.0,0.0,0.0
230,500,,1,1.0,2,3,3,0.019255,0.13064,0.036948
241,261,,1,1.0,2,3,4,0.0,0.0,0.0
241,261,,2,2.0,2,3,4,0.0,0.0,0.0
241,362,,1,1.0,2,3,3,0.037166,0.252161,0.09615
241,362,,2,2.0,2,3,4,0.0,0.0,0.0
241,369,,1,1.0,2,3,3,0.030227,0.205079,0.083065
241,380,,1,1.0,2,3,7,0.00316,0.021438,0.038186
241,539,,1,1.0,2,3,8,0.0,0.0,0.0
242,261,,1,1.0,2,3,4,0.0,0.0,0.0
242,261,,2,2.0,2,3,4,0.0,0.0,0.0
242,362,,1,1.0,2,3,3,0.026885,0.182411,0.071707
242,362,,2,2.0,2,3,4,0.0,0.0,0.0
242,369,,1,1.0,2,3,3,0.021866,0.148352,0.064688
242,380,,1,1.0,2,3,7,0.002286,0.015508,0.026495
242,539,,1,1.0,2,3,8,0.0,0.0,0.0
249,261,,1,1.0,2,3,4,0.0,0.0,0.0
249,261,,2,2.0,2,3,4,0.0,0.0,0.0
249,362,,1,1.0,2,3,3,0.005805,0.039386,0.015701
249,362,,2,2.0,2,3,4,0.0,0.0,0.0
249,369,,1,1.0,2,3,3,0.004721,0.032032,0.013944
249,380,,1,1.0,2,3,7,0.000494,0.003348,0.005755
249,539,,1,1.0,2,3,8,0.0,0.0,0.0
251,261,,1,1.0,2,3,5,0.0,0.0,0.0
251,261,,2,2.0,2,3,5,0.0,0.0,0.0
251,300,,1,1.0,2,3,8,0.026866,0.182282,0.464309
251,300,,2,2.0,2,3,8,0.137136,0.868295,2.116521
251,362,,1,1.0,2,3,4,0.0,0.0,0.0
251,362,,2,2.0,2,3,4,0.0,0.0,0.0
251,369,,1,1.0,2,3,3,0.0,0.0,0.0
251,369,,2,2.0,2,3,3,0.054508,0.345127,0.150363
251,500,,1,1.0,2,3,2,0.0,0.0,0.0
251,539,,1,1.0,2,3,8,0.0,0.0,0.0
259,261,,1,1.0,2,3,4,0.0,0.0,0.0
259,261,,2,2.0,2,3,5,0.0,0.0,0.0
259,300,,1,1.0,2,3,8,0.007093,0.048127,0.116974
259,300,,2,2.0,2,3,8,0.004197,0.026573,0.060891
259,362,,1,1.0,2,3,3,0.0,0.0,0.0
259,362,,2,2.0,2,3,3,0.0,0.0,0.0
259,369,,1,1.0,2,3,2,0.0,0.0,0.0
259,369,,2,2.0,2,3,3,0.003753,0.02376,0.006935
259,500,,1,1.0,2,3,2,0.0,0.0,0.0
259,539,,1,1.0,2,3,8,0.0,0.0,0.0
261,61,,5,5.0,2,3,8,0.007907,0.040791,0.101564
261,181,,5,5.0,2,3,3,0.129153,0.666314,0.188191
261,261,,1,1.0,2,3,1,38.978828,264.461243,8.531987
261,261,,1,4.0,2,3,1,0.173465,1.061068,0.034232
261,261,,2,2.0,2,3,1,2.835383,17.952629,0.709105
261,261,,5,5.0,2,3,1,0.079212,0.408664,0.015763
261,300,,1,1.0,2,3,7,0.0,0.0,0.0
261,362,,1,1.0,2,3,3,0.262427,1.780498,0.541465
261,369,,1,1.0,2,3,4,0.0,0.0,0.0
261,380,,1,1.0,2,3,6,0.727159,4.933588,5.721716
261,380,,2,2.0,2,3,6,0.0,0.0,0.0
261,500,,1,1.0,2,3,4,0.0,0.0,0.0
261,539,,1,1.0,2,3,8,0.002128,0.014438,0.033581
262,61,,5,5.0,2,3,8,0.00197,0.010161,0.024146
262,181,,5,5.0,2,3,2,0.032173,0.165982,0.030143
262,261,,1,1.0,2,3,2,9.709807,65.878525,10.7391
262,261,,1,4.0,2,3,2,0.043211,0.264317,0.043087
262,261,,2,2.0,2,3,2,0.706307,4.472083,0.742548
262,261,,5,5.0,2,3,2,0.019732,0.1018,0.016919
262,300,,1,1.0,2,3,7,0.0,0.0,0.0
262,362,,1,1.0,2,3,3,0.065372,0.44353,0.184093
262,369,,1,1.0,2,3,4,0.0,0.0,0.0
262,380,,1,1.0,2,3,6,0.181139,1.22898,1.383826
262,380,,2,2.0,2,3,6,0.0,0.0,0.0
262,500,,1,1.0,2,3,5,0.0,0.0,0.0
262,539,,1,1.0,2,3,8,0.00053,0.003597,0.008015
269,61,,5,5.0,2,3,8,0.003124,0.016117,0.040311
269,181,,5,5.0,2,3,3,0.051029,0.263264,0.074125
269,261,,1,1.0,2,3,2,15.460802,104.89753,17.791158
269,261,,1,4.0,2,3,2,0.007144,0.002702,0.000458
269,261,,2,2.0,2,3,2,1.121623,7.101715,1.288892
269,261,,5,5.0,2,3,2,0.031297,0.161465,0.033332
269,300,,1,1.0,2,3,7,0.0,0.0,0.0
269,362,,1,1.0,2,3,3,0.103686,0.703485,0.289109
269,369,,1,1.0,2,3,4,0.0,0.0,0.0
269,380,,1,1.0,2,3,6,0.287305,1.949288,2.017811
269,380,,2,2.0,2,3,6,0.0,0.0,0.0
269,500,,1,1.0,2,3,5,0.0,0.0,0.0
269,539,,1,1.0,2,3,8,0.000841,0.005705,0.012578
271,41,,4,4.0,2,3,6,0.0,0.0,0.0
271,61,,5,5.0,2,3,8,1.293134,6.671437,14.620139
271,181,,5,5.0,2,3,4,0.0,0.0,0.0
271,261,,1,1.0,2,3,4,12.843735,87.141403,64.940682
271,261,,1,4.0,2,3,4,0.183017,0.067104,0.050008
271,261,,2,2.0,2,3,5,0.065205,0.412856,0.310201
271,261,,4,4.0,2,3,4,0.0,0.0,0.0
271,261,,5,5.0,2,3,5,1.67227,8.627446,6.536321
271,279,,2,3.0,2,3,3,0.0,0.0,0.0
271,300,,1,1.0,2,3,5,0.044479,0.301778,0.297619
271,300,,2,2.0,2,3,5,0.232787,1.473925,1.438558
271,362,,1,1.0,2,3,6,0.036095,0.244893,0.246142
271,362,,2,2.0,2,3,5,0.516453,3.269999,3.22063
271,362,,5,5.0,2,3,6,1.174727,6.060561,7.139768
271,369,,1,1.0,2,3,6,0.0,0.0,0.0
271,369,,2,2.0,2,3,6,0.0,0.0,0.0
271,369,,7,7.0,2,3,6,0.095247,0.567234,0.689496
271,380,,1,1.0,2,3,3,9.255667,62.797298,29.969999
271,380,,2,2.0,2,3,3,5.168155,32.722912,15.347512
271,380,,4,4.0,2,3,3,0.0,0.0,0.0
271,539,,1,1.0,2,3,7,1.359801,9.225897,14.942389
271,539,,2,2.0,2,3,7,0.012771,0.080862,0.132426
279,41,,4,4.0,2,3,6,0.0,0.0,0.0
279,61,,5,5.0,2,3,8,0.33402,1.723252,3.913759
279,181,,5,5.0,2,3,4,0.0,0.0,0.0
279,261,,1,1.0,2,3,5,3.319451,22.52161,18.320549
279,261,,1,4.0,2,3,5,0.045682,0.004795,0.003901
279,261,,2,2.0,2,3,5,0.016843,0.106642,0.089405
279,261,,4,4.0,2,3,4,0.0,0.0,0.0
279,261,,5,5.0,2,3,5,0.431953,2.228497,1.917197
279,279,,1,3.0,2,3,3,0.0,0.0,0.0
279,300,,1,1.0,2,3,5,0.015328,0.103999,0.096917
279,300,,2,2.0,2,3,5,0.05629,0.35641,0.334865
279,362,,1,1.0,2,3,6,0.009323,0.063257,0.067755
279,362,,2,2.0,2,3,6,0.133402,0.844651,0.912972
279,362,,5,5.0,2,3,6,0.303436,1.565462,1.951194
279,369,,1,1.0,2,3,6,0.0,0.0,0.0
279,369,,2,2.0,2,3,6,0.0,0.0,0.0
279,369,,7,7.0,2,3,6,0.024603,0.146518,0.190156
279,380,,1,1.0,2,3,3,2.393065,16.236326,6.946245
279,380,,2,2.0,2,3,3,1.332652,8.437879,3.62038
279,380,,4,4.0,2,3,3,0.0,0.0,0.0
279,539,,1,1.0,2,3,7,0.346867,2.3534,3.647186
279,539,,2,2.0,2,3,7,0.007673,0.048584,0.078104
280,261,,1,1.0,2,3,5,12.36181,83.871674,76.913702
280,261,,2,2.0,2,3,5,2.235395,14.153722,13.755908
280,261,,4,4.0,2,3,5,0.0,0.0,0.0
280,362,,1,1.0,2,3,6,0.046248,0.313781,0.340574
280,362,,2,2.0,2,3,6,0.0,0.0,0.0
280,369,,1,1.0,2,3,6,0.0,0.0,0.0
280,369,,4,4.0,2,3,6,0.0,0.0,0.0
280,380,,1,1.0,2,3,7,0.0,0.0,0.0
291,230,,1,1.0,2,3,7,0.0,0.0,0.0
291,261,,1,1.0,2,3,5,0.205087,1.391464,1.077661
291,261,,1,4.0,2,3,5,0.020973,0.104256,0.080744
291,261,,2,2.0,2,3,4,0.704572,4.461142,3.342724
291,261,,4,4.0,2,3,4,0.0,0.0,0.0
291,300,,1,1.0,2,3,6,0.0,0.0,0.0
291,362,,1,1.0,2,3,6,0.0,0.0,0.0
291,362,,2,2.0,2,3,5,0.0,0.0,0.0
291,369,,1,1.0,2,3,6,0.0,0.0,0.0
291,380,,1,1.0,2,3,5,0.006338,0.043001,0.035953
291,380,,2,2.0,2,3,5,0.012229,0.07743,0.073398
291,539,,1,1.0,2,3,7,0.02488,0.168806,0.306237
291,539,,2,2.0,2,3,7,0.021446,0.135791,0.256773
292,230,,1,1.0,2,3,6,0.0,0.0,0.0
292,261,,1,1.0,2,3,4,0.4129,2.801417,1.587021
292,261,,1,4.0,2,3,4,0.034667,0.159929,0.090601
292,261,,2,2.0,2,3,4,1.394178,8.827437,4.820426
292,261,,4,4.0,2,3,3,0.0,0.0,0.0
292,300,,1,1.0,2,3,7,0.0,0.0,0.0
292,362,,1,1.0,2,3,5,0.0,0.0,0.0
292,362,,2,2.0,2,3,5,0.0,0.0,0.0
292,369,,1,1.0,2,3,6,0.0,0.0,0.0
292,380,,1,1.0,2,3,6,0.01294,0.087797,0.092707
292,380,,2,2.0,2,3,6,0.023804,0.15072,0.161753
292,539,,1,1.0,2,3,8,0.04772,0.323765,0.664621
292,539,,2,2.0,2,3,8,0.043962,0.278353,0.61383
299,230,,1,1.0,2,3,7,0.0,0.0,0.0
299,261,,1,1.0,2,3,4,0.209592,1.422027,1.005443
299,261,,1,4.0,2,3,4,0.017894,0.082548,0.058365
299,261,,2,2.0,2,3,4,0.723147,4.578706,3.302453
299,261,,4,4.0,2,3,4,0.0,0.0,0.0
299,300,,1,1.0,2,3,6,0.0,0.0,0.0
299,362,,1,1.0,2,3,5,0.0,0.0,0.0
299,362,,2,2.0,2,3,5,0.0,0.0,0.0
299,369,,1,1.0,2,3,6,0.0,0.0,0.0
299,380,,1,1.0,2,3,5,0.006474,0.043925,0.043591
299,380,,2,2.0,2,3,6,0.012492,0.079144,0.088143
299,539,,1,1.0,2,3,7,0.024631,0.167114,0.330398
299,539,,2,2.0,2,3,8,0.022691,0.143674,0.303621
300,261,,1,1.0,2,3,7,0.005181,0.035152,0.05754
300,261,,2,2.0,2,3,7,0.029383,0.186043,0.315569
300,300,,1,1.0,2,3,3,12.108747,82.154701,23.584606
300,300,,2,2.0,2,3,3,0.0,0.0,0.0
300,380,,1,1.0,2,3,4,0.091433,0.620349,0.344826
300,380,,2,2.0,2,3,4,1.876791,11.88317,7.000691
300,539,,1,1.0,2,3,4,0.221417,1.502257,1.00284
300,539,,2,2.0,2,3,4,5.033856,31.872578,20.840771
311,61,,5,5.0,2,3,7,0.0,0.0,0.0
311,181,,5,5.0,2,3,4,0.231798,1.195875,0.638775
311,230,,2,2.0,2,3,7,0.0,0.0,0.0
311,230,,2,3.0,2,3,7,0.0,0.0,0.0
311,261,,1,1.0,2,3,5,0.358905,2.43508,1.826641
311,261,,2,2.0,2,3,5,0.182851,1.157747,0.942107
311,261,,5,5.0,2,3,5,0.002194,0.011318,0.009209
311,300,,1,1.0,2,3,6,0.054417,0.369206,0.413323
311,300,,2,2.0,2,3,6,0.89116,5.642509,6.608945
311,362,,1,1.0,2,3,6,0.0,0.0,0.0
311,362,,2,2.0,2,3,6,0.074673,0.472804,0.487715
311,362,,5,5.0,2,3,6,0.025117,0.129581,0.133664
311,369,,1,1.0,2,3,6,0.0,0.0,0.0
311,369,,1,3.0,2,3,6,0.004204,0.008371,0.010746
311,369,,2,2.0,2,3,6,0.0,0.0,0.0
311,369,,5,3.0,2,3,6,0.002073,0.00403,0.005067
311,380,,1,1.0,2,3,4,0.314576,2.134313,1.404474
311,380,,2,2.0,2,3,4,0.056781,0.359515,0.26335
311,380,,4,4.0,2,3,4,0.0,0.0,0.0
311,500,,7,7.0,2,3,6,0.006447,0.038397,0.05712
311,512,,1,3.0,2,3,6,0.0,0.0,0.0
311,512,,2,3.0,2,3,7,0.0,0.0,0.0
311,512,,5,3.0,2,3,7,0.0,0.0,0.0
311,539,,1,1.0,2,3,7,1.568668,10.643005,17.617911
311,539,,2,2.0,2,3,7,0.045528,0.288265,0.499952
319,61,,5,5.0,2,3,7,0.0,0.0,0.0
319,181,,5,5.0,2,3,4,0.190862,0.984679,0.670936
319,230,,2,2.0,2,3,7,0.0,0.0,0.0
319,230,,2,3.0,2,3,7,0.0,0.0,0.0
319,261,,1,1.0,2,3,5,0.295522,2.005037,1.769099
319,261,,2,2.0,2,3,5,0.150559,0.953285,0.890706
319,261,,5,5.0,2,3,5,0.001806,0.009319,0.008819
319,300,,1,1.0,2,3,6,0.044807,0.304003,0.310189
319,300,,2,2.0,2,3,6,0.733779,4.646024,5.330153
319,362,,1,1.0,2,3,6,0.0,0.0,0.0
319,362,,2,2.0,2,3,6,0.061486,0.389305,0.452654
319,362,,5,5.0,2,3,6,0.020681,0.106697,0.12531
319,369,,1,1.0,2,3,6,0.0,0.0,0.0
319,369,,1,3.0,2,3,6,0.003772,0.007561,0.010514
319,369,,2,2.0,2,3,6,0.0,0.0,0.0
319,369,,5,3.0,2,3,6,0.001397,0.002715,0.003799
319,380,,1,1.0,2,3,4,0.259028,1.757441,1.156534
319,380,,2,2.0,2,3,5,0.046745,0.295973,0.242977
319,380,,4,4.0,2,3,4,0.0,0.0,0.0
319,500,,7,7.0,2,3,7,0.005309,0.031616,0.052646
319,512,,1,3.0,2,3,6,0.0,0.0,0.0
319,512,,5,3.0,2,3,7,0.0,0.0,0.0
319,539,,1,1.0,2,3,7,1.291636,8.763415,13.493223
319,539,,2,2.0,2,3,7,0.037487,0.237356,0.397237
321,261,,1,1.0,2,3,8,0.0,0.0,0.0
321,261,,7,7.0,2,3,8,0.012975,0.077272,0.17302
321,362,,7,7.0,2,3,8,0.039248,0.233738,0.57595
321,539,,1,1.0,2,3,6,0.0,0.0,0.0
321,539,,7,7.0,2,3,6,0.000638,0.003801,0.005281
329,261,,1,1.0,2,3,8,0.0,0.0,0.0
329,261,,7,7.0,2,3,8,0.00463,0.027574,0.062954
329,362,,7,7.0,2,3,8,0.014006,0.083409,0.209223
329,539,,1,1.0,2,3,5,0.0,0.0,0.0
329,539,,7,7.0,2,3,6,0.000228,0.001356,0.001483
331,230,,7,7.0,2,3,2,0.00217,0.012924,0.002812
331,362,,7,7.0,2,3,4,0.011084,0.066007,0.036271
331,369,,7,7.0,2,3,3,0.020098,0.119694,0.047078
331,500,,7,7.0,2,3,2,0.000939,0.00559,0.001005
339,230,,7,7.0,2,3,2,0.000476,0.002833,0.000702
339,362,,7,7.0,2,3,4,0.00243,0.014471,0.008564
339,369,,7,7.0,2,3,3,0.004406,0.026241,0.008539
339,500,,7,7.0,2,3,2,0.000206,0.001225,0.000169
341,230,,1,1.0,2,3,3,0.0,0.0,0.0
341,261,,1,1.0,2,3,4,0.084372,0.572442,0.356344
341,261,,2,2.0,2,3,5,0.0,0.0,0.0
341,300,,1,1.0,2,3,8,0.0,0.0,0.0
341,300,,2,2.0,2,3,8,0.0,0.0,0.0
341,362,,1,1.0,2,3,3,1.506985,10.224502,3.853414
341,362,,2,2.0,2,3,3,0.0,0.0,0.0
341,362,,5,5.0,2,3,3,0.0,0.0,0.0
341,369,,1,1.0,2,3,3,0.067809,0.460067,0.140583
341,369,,2,2.0,2,3,3,0.014921,0.094476,0.03573
341,380,,1,1.0,2,3,7,0.002717,0.018431,0.034174
341,500,,1,1.0,2,3,3,0.0,0.0,0.0
341,539,,1,1.0,2,3,8,0.034682,0.235312,0.69165
342,230,,1,1.0,2,3,4,0.0,0.0,0.0
342,261,,1,1.0,2,3,4,0.014138,0.095925,0.06014
342,261,,2,2.0,2,3,4,0.0,0.0,0.0
342,300,,1,1.0,2,3,8,0.0,0.0,0.0
342,300,,2,2.0,2,3,8,0.0,0.0,0.0
342,362,,1,1.0,2,3,3,0.252527,1.713332,0.705664
342,362,,2,2.0,2,3,4,0.0,0.0,0.0
342,362,,5,5.0,2,3,4,0.0,0.0,0.0
342,369,,1,1.0,2,3,3,0.01124,0.076261,0.026686
342,369,,2,2.0,2,3,3,0.002623,0.016609,0.007519
342,380,,1,1.0,2,3,7,0.000455,0.003089,0.00578
342,500,,1,1.0,2,3,3,0.0,0.0,0.0
342,539,,1,1.0,2,3,8,0.005812,0.039431,0.119235
350,261,,1,1.0,2,3,7,0.0,0.0,0.0
350,539,,1,1.0,2,3,7,0.925089,6.27649,9.955573
361,61,,5,5.0,2,3,8,0.0,0.0,0.0
361,230,,1,1.0,2,3,3,0.0,0.0,0.0
361,261,,1,1.0,2,3,4,0.034445,0.233702,0.160393
361,261,,2,2.0,2,3,4,0.011979,0.075848,0.053303
361,300,,1,1.0,2,3,8,0.0,0.0,0.0
361,300,,2,2.0,2,3,8,0.002136,0.013525,0.030304
361,362,,1,1.0,2,3,3,0.027561,0.186994,0.062048
361,362,,2,2.0,2,3,3,0.0,0.0,0.0
361,369,,1,1.0,2,3,2,0.075605,0.512961,0.091946
361,369,,2,2.0,2,3,2,0.0,0.0,0.0
361,380,,1,1.0,2,3,7,0.009825,0.066659,0.117104
361,380,,4,4.0,2,3,6,0.0,0.0,0.0
361,500,,1,1.0,2,3,2,0.0,0.0,0.0
361,539,,1,1.0,2,3,8,0.0,0.0,0.0
362,61,,5,5.0,2,3,8,0.0,0.0,0.0
362,230,,1,1.0,2,3,4,0.000166,0.001126,0.000764
362,261,,1,1.0,2,3,3,0.036277,0.246132,0.077119
362,261,,2,2.0,2,3,3,0.01263,0.079972,0.031479
362,300,,1,1.0,2,3,7,0.0,0.0,0.0
362,300,,2,2.0,2,3,7,0.00225,0.014248,0.027734
362,362,,1,1.0,2,3,1,0.029035,0.196997,0.003821
362,362,,2,2.0,2,3,1,0.0,0.0,0.0
362,369,,1,1.0,2,3,2,0.079649,0.5404,0.123375
362,369,,2,2.0,2,3,3,0.0,0.0,0.0
362,380,,1,1.0,2,3,6,0.01035,0.070225,0.097477
362,380,,4,4.0,2,3,6,0.0,0.0,0.0
362,500,,1,1.0,2,3,3,0.0,0.0,0.0
362,539,,1,1.0,2,3,8,0.0,0.0,0.0
363,61,,5,5.0,2,3,8,0.0,0.0,0.0
363,230,,1,1.0,2,3,3,0.003245,0.022016,0.009649
363,261,,1,1.0,2,3,4,0.722757,4.903715,3.289491
363,261,,2,2.0,2,3,5,0.233443,1.478075,1.177995
363,300,,1,1.0,2,3,8,0.0,0.0,0.0
363,300,,2,2.0,2,3,8,0.043996,0.278566,0.653802
363,362,,1,1.0,2,3,3,0.567669,3.851489,1.501886
363,362,,2,2.0,2,3,3,0.0,0.0,0.0
363,369,,1,1.0,2,3,3,1.557228,10.56539,3.294603
363,369,,2,2.0,2,3,3,0.0,0.0,0.0
363,380,,1,1.0,2,3,7,0.202361,1.372964,2.593156
363,380,,4,4.0,2,3,6,0.0,0.0,0.0
363,500,,1,1.0,2,3,3,0.0,0.0,0.0
363,539,,1,1.0,2,3,8,0.0,0.0,0.0
364,61,,5,5.0,2,3,8,0.0,0.0,0.0
364,230,,1,1.0,2,3,4,0.000162,0.001101,0.00065
364,261,,1,1.0,2,3,3,0.036142,0.245213,0.096067
364,261,,2,2.0,2,3,3,0.011656,0.073805,0.035416
364,300,,1,1.0,2,3,8,0.0,0.0,0.0
364,300,,2,2.0,2,3,8,0.002199,0.013925,0.02815
364,362,,1,1.0,2,3,1,0.028377,0.192528,0.015771
364,362,,2,2.0,2,3,2,0.0,0.0,0.0
364,369,,1,1.0,2,3,2,0.077842,0.528141,0.084828
364,369,,2,2.0,2,3,2,0.0,0.0,0.0
364,380,,1,1.0,2,3,6,0.010116,0.068632,0.102104
364,380,,4,4.0,2,3,6,0.0,0.0,0.0
364,500,,1,1.0,2,3,3,0.0,0.0,0.0
364,539,,1,1.0,2,3,8,0.0,0.0,0.0
369,61,,5,5.0,2,3,8,0.0,0.0,0.0
369,230,,1,1.0,2,3,4,0.000253,0.001718,0.000868
369,261,,1,1.0,2,3,3,0.055356,0.375577,0.18517
369,261,,2,2.0,2,3,4,0.019246,0.121859,0.069686
369,300,,1,1.0,2,3,8,0.0,0.0,0.0
369,300,,2,2.0,2,3,8,0.003433,0.021734,0.046201
369,362,,1,1.0,2,3,2,0.044289,0.300492,0.055481
369,362,,2,2.0,2,3,2,0.0,0.0,0.0
369,369,,1,1.0,2,3,2,0.121494,0.824308,0.111687
369,369,,2,2.0,2,3,2,0.0,0.0,0.0
369,380,,1,1.0,2,3,7,0.015788,0.107118,0.170259
369,380,,4,4.0,2,3,6,0.0,0.0,0.0
369,500,,1,1.0,2,3,3,0.0,0.0,0.0
369,539,,1,1.0,2,3,8,0.0,0.0,0.0
371,261,,1,1.0,2,3,4,0.025607,0.173736,0.117563
371,362,,1,1.0,2,3,4,0.633548,4.298458,2.95313
371,362,,4,4.0,2,3,4,0.0,0.0,0.0
371,369,,1,1.0,2,3,5,0.0,0.0,0.0
371,380,,1,1.0,2,3,7,0.0,0.0,0.0
372,261,,1,1.0,2,3,4,0.013833,0.09385,0.056955
372,362,,1,1.0,2,3,4,0.342237,2.321989,1.452102
372,362,,4,4.0,2,3,3,0.0,0.0,0.0
372,369,,1,1.0,2,3,4,0.0,0.0,0.0
372,380,,1,1.0,2,3,7,0.0,0.0,0.0
373,261,,1,1.0,2,3,4,0.022108,0.149995,0.103565
373,362,,1,1.0,2,3,4,0.546975,3.711086,2.413991
373,362,,4,4.0,2,3,3,0.0,0.0,0.0
373,369,,1,1.0,2,3,4,0.0,0.0,0.0
373,380,,1,1.0,2,3,7,0.0,0.0,0.0
379,261,,1,1.0,2,3,4,0.021243,0.144126,0.107043
379,362,,1,1.0,2,3,4,0.525572,3.565871,2.45873
379,362,,4,4.0,2,3,4,0.0,0.0,0.0
379,369,,1,1.0,2,3,5,0.0,0.0,0.0
379,380,,1,1.0,2,3,7,0.0,0.0,0.0
380,61,,5,5.0,2,3,8,2.303255,11.882775,28.741361
380,230,,1,1.0,2,3,7,0.0,0.0,0.0
380,261,,1,1.0,2,3,6,0.759063,5.150045,5.72986
380,261,,2,2.0,2,3,6,0.374407,2.370611,2.686435
380,261,,5,5.0,2,3,6,0.0,0.0,0.0
380,300,,1,1.0,2,3,4,1.227206,8.326274,4.920425
380,300,,2,2.0,2,3,4,0.0,0.0,0.0
380,362,,1,1.0,2,3,6,0.331405,2.248497,3.029362
380,362,,2,2.0,2,3,6,0.069046,0.437175,0.600434
380,362,,5,5.0,2,3,6,0.063,0.325025,0.472995
380,369,,2,2.0,2,3,7,0.0,0.0,0.0
380,380,,1,1.0,2,3,2,58.029346,393.71405,81.590414
380,380,,1,4.0,2,3,2,0.005801,0.04299,0.008909
380,380,,2,2.0,2,3,3,2.171163,13.747028,3.485942
380,539,,1,1.0,2,3,6,6.777196,45.981518,57.364007
380,539,,2,2.0,2,3,6,1.670374,10.576209,13.497007
391,181,,5,5.0,2,3,3,0.00669,0.034516,0.009881
391,261,,1,1.0,2,3,3,0.659969,4.477716,1.207262
391,261,,2,2.0,2,3,3,0.35886,2.272176,0.632706
391,261,,2,3.0,2,3,3,0.0,0.0,0.0
391,261,,5,5.0,2,3,3,0.001887,0.009737,0.002718
391,300,,1,1.0,2,3,7,0.0,0.0,0.0
391,300,,2,2.0,2,3,7,0.033498,0.212095,0.368665
391,362,,1,1.0,2,3,3,0.002867,0.01945,0.008626
391,362,,2,3.0,2,3,3,0.0,0.0,0.0
391,362,,4,4.0,2,3,3,0.0,0.0,0.0
391,369,,1,1.0,2,3,4,0.0,0.0,0.0
391,369,,2,2.0,2,3,4,0.006098,0.038611,0.026505
391,369,,2,3.0,2,3,4,0.0,0.0,0.0
391,380,,1,1.0,2,3,6,0.0,0.0,0.0
391,380,,2,2.0,2,3,6,0.0,0.0,0.0
391,392,,2,3.0,2,3,3,0.0,0.0,0.0
391,399,,3,3.0,2,3,7,0.0,0.0,0.0
391,483,,2,3.0,2,3,6,0.0,0.0,0.0
391,539,,1,1.0,2,3,8,0.007852,0.053272,0.124893
392,181,,5,5.0,2,3,3,0.011507,0.059367,0.01925
392,261,,1,1.0,2,3,2,1.053953,7.150798,1.345982
392,261,,2,2.0,2,3,2,0.698424,4.422171,0.926974
392,261,,2,3.0,2,3,2,0.0,0.0,0.0
392,261,,5,5.0,2,3,2,0.003246,0.016748,0.003133
392,300,,1,1.0,2,3,7,0.0,0.0,0.0
392,300,,2,2.0,2,3,7,0.057616,0.364802,0.643666
392,362,,1,1.0,2,3,2,0.004931,0.033453,0.007411
392,362,,1,4.0,2,3,2,0.0,0.0,0.0
392,362,,3,3.0,2,3,2,0.0,0.0,0.0
392,369,,1,1.0,2,3,3,0.0,0.0,0.0
392,369,,2,2.0,2,3,3,0.010489,0.06641,0.030183
392,369,,2,3.0,2,3,3,0.0,0.0,0.0
392,380,,1,1.0,2,3,6,0.0,0.0,0.0
392,380,,2,2.0,2,3,6,0.0,0.0,0.0
392,392,,1,3.0,2,3,1,0.0,0.0,0.0
392,399,,2,3.0,2,3,2,0.0,0.0,0.0
392,483,,2,3.0,2,3,7,0.0,0.0,0.0
392,539,,1,1.0,2,3,8,0.013505,0.091627,0.225897
393,181,,5,5.0,2,3,3,0.007996,0.041251,0.013113
393,261,,1,1.0,2,3,2,0.75318,5.110131,1.160793
393,261,,2,2.0,2,3,2,0.464468,2.940844,0.647906
393,261,,2,3.0,2,3,2,0.0,0.0,0.0
393,261,,5,5.0,2,3,2,0.002256,0.011637,0.002581
393,300,,1,1.0,2,3,7,0.0,0.0,0.0
393,300,,2,2.0,2,3,7,0.040035,0.253485,0.445327
393,362,,1,1.0,2,3,3,0.003502,0.023759,0.008454
393,362,,1,3.0,2,3,3,0.0,0.0,0.0
393,362,,4,4.0,2,3,3,0.0,0.0,0.0
393,369,,1,1.0,2,3,4,0.0,0.0,0.0
393,369,,2,2.0,2,3,4,0.007288,0.046145,0.02664
393,369,,2,3.0,2,3,4,0.0,0.0,0.0
393,380,,1,1.0,2,3,6,0.0,0.0,0.0
393,380,,2,2.0,2,3,6,0.0,0.0,0.0
393,392,,1,3.0,2,3,2,0.0,0.0,0.0
393,399,,2,3.0,2,3,2,0.0,0.0,0.0
393,483,,2,3.0,2,3,6,0.0,0.0,0.0
393,539,,1,1.0,2,3,8,0.009384,0.063668,0.153292
394,181,,5,5.0,2,3,3,0.003043,0.015699,0.00471
394,261,,1,1.0,2,3,2,0.300171,2.036585,0.448884
394,261,,2,2.0,2,3,2,0.163219,1.033447,0.230014
394,261,,2,3.0,2,3,2,0.0,0.0,0.0
394,261,,5,5.0,2,3,2,0.000858,0.004429,0.000989
394,300,,1,1.0,2,3,7,0.0,0.0,0.0
394,300,,2,2.0,2,3,7,0.015236,0.096467,0.167729
394,362,,1,1.0,2,3,3,0.001304,0.008846,0.003621
394,362,,1,3.0,2,3,3,0.0,0.0,0.0
394,362,,4,4.0,2,3,3,0.0,0.0,0.0
394,369,,1,1.0,2,3,4,0.0,0.0,0.0
394,369,,2,2.0,2,3,4,0.002774,0.017561,0.010961
394,369,,2,3.0,2,3,4,0.0,0.0,0.0
394,380,,1,1.0,2,3,6,0.0,0.0,0.0
394,380,,2,2.0,2,3,6,0.0,0.0,0.0
394,392,,1,3.0,2,3,2,0.0,0.0,0.0
394,399,,5,3.0,2,3,2,0.0,0.0,0.0
394,483,,2,3.0,2,3,6,0.0,0.0,0.0
394,539,,1,1.0,2,3,8,0.003571,0.02423,0.056965
399,181,,5,5.0,2,3,3,0.006566,0.033875,0.008564
399,261,,1,1.0,2,3,2,0.601384,4.080235,0.637447
399,261,,2,2.0,2,3,2,0.39852,2.523285,0.409224
399,261,,3,3.0,2,3,7,0.0,0.0,0.0
399,261,,5,5.0,2,3,2,0.001852,0.009556,0.001558
399,300,,1,1.0,2,3,7,0.0,0.0,0.0
399,300,,2,2.0,2,3,7,0.032875,0.208156,0.351177
399,362,,1,1.0,2,3,3,0.002886,0.019583,0.006258
399,362,,3,3.0,2,3,7,0.0,0.0,0.0
399,362,,4,4.0,2,3,3,0.0,0.0,0.0
399,369,,1,1.0,2,3,4,0.0,0.0,0.0
399,369,,2,2.0,2,3,4,0.005985,0.037893,0.020837
399,369,,2,3.0,2,3,4,0.0,0.0,0.0
399,380,,1,1.0,2,3,6,0.0,0.0,0.0
399,380,,2,2.0,2,3,6,0.0,0.0,0.0
399,392,,1,3.0,2,3,2,0.0,0.0,0.0
399,399,,1,3.0,2,3,1,0.0,0.0,0.0
399,399,,2,3.0,2,3,1,0.0,0.0,0.0
399,399,,3,3.0,2,3,1,0.0,0.0,0.0
399,483,,2,3.0,2,3,6,0.0,0.0,0.0
399,539,,1,1.0,2,3,8,0.007706,0.052282,0.123321
401,369,,1,1.0,2,3,7,0.0,0.0,0.0
401,539,,1,1.0,2,3,7,0.019146,0.1299,0.257481
402,369,,1,1.0,2,3,6,0.0,0.0,0.0
402,539,,1,1.0,2,3,8,0.017592,0.119357,0.240254
409,369,,1,1.0,2,3,7,0.0,0.0,0.0
409,539,,1,1.0,2,3,7,0.01045,0.070904,0.138493
411,261,,1,1.0,2,3,8,0.130822,0.887597,2.142027
411,261,,2,2.0,2,3,8,0.156798,0.992788,2.541897
411,261,,4,4.0,2,3,7,0.0,0.0,0.0
411,300,,1,1.0,2,3,5,0.029927,0.203046,0.160194
411,362,,1,1.0,2,3,8,0.095251,0.646252,1.726625
411,362,,2,2.0,2,3,8,0.0,0.0,0.0
411,369,,1,1.0,2,3,8,0.0,0.0,0.0
411,380,,1,1.0,2,3,6,0.0,0.0,0.0
411,380,,2,2.0,2,3,7,0.0,0.0,0.0
411,539,,1,1.0,2,3,3,0.666617,4.522825,1.347221
411,539,,1,4.0,2,3,3,0.0,0.0,0.0
411,539,,2,2.0,2,3,3,0.0,0.0,0.0
411,539,,5,5.0,2,3,3,0.0,0.0,0.0
419,261,,1,1.0,2,3,8,0.043736,0.296735,0.702057
419,261,,2,2.0,2,3,8,0.048178,0.305044,0.797837
419,261,,4,4.0,2,3,7,0.0,0.0,0.0
419,300,,1,1.0,2,3,5,0.009564,0.064886,0.055202
419,362,,1,1.0,2,3,8,0.030439,0.206519,0.543102
419,362,,2,2.0,2,3,8,0.0,0.0,0.0
419,369,,1,1.0,2,3,8,0.0,0.0,0.0
419,380,,1,1.0,2,3,6,0.0,0.0,0.0
419,380,,2,2.0,2,3,7,0.0,0.0,0.0
419,539,,1,1.0,2,3,3,0.213027,1.445335,0.593097
419,539,,2,2.0,2,3,4,0.0,0.0,0.0
419,539,,4,4.0,2,3,3,0.0,0.0,0.0
419,539,,5,5.0,2,3,3,0.0,0.0,0.0
421,212,,4,4.0,2,3,4,0.003524,0.000443,0.00025
421,261,,1,1.0,2,3,4,0.0,0.0,0.0
421,261,,2,2.0,2,3,4,0.0,0.0,0.0
421,300,,2,2.0,2,3,8,0.0,0.0,0.0
421,362,,1,1.0,2,3,3,0.020336,0.137973,0.051053
421,362,,2,2.0,2,3,3,0.0,0.0,0.0
421,369,,1,1.0,2,3,3,0.065895,0.447083,0.143498
421,369,,2,2.0,2,3,3,0.121641,0.770185,0.338064
421,380,,1,1.0,2,3,7,0.0,0.0,0.0
421,380,,2,2.0,2,3,7,0.0,0.0,0.0
421,392,,7,7.0,2,3,3,0.00247,0.014709,0.007182
421,539,,1,1.0,2,3,8,0.0,0.0,0.0
421,539,,2,2.0,2,3,8,0.0,0.0,0.0
422,212,,4,4.0,2,3,3,0.0,0.0,0.0
422,261,,1,1.0,2,3,3,0.0,0.0,0.0
422,261,,2,2.0,2,3,3,0.0,0.0,0.0
422,300,,2,2.0,2,3,7,0.0,0.0,0.0
422,362,,1,1.0,2,3,2,0.009886,0.067074,0.014973
422,362,,2,2.0,2,3,3,0.0,0.0,0.0
422,369,,1,1.0,2,3,3,0.087885,0.596277,0.256921
422,369,,2,2.0,2,3,3,0.003284,0.020791,0.010215
422,380,,1,1.0,2,3,7,0.0,0.0,0.0
422,380,,2,2.0,2,3,6,0.0,0.0,0.0
422,392,,7,7.0,2,3,2,0.001201,0.00715,0.001228
422,539,,1,1.0,2,3,8,0.0,0.0,0.0
422,539,,2,2.0,2,3,8,0.0,0.0,0.0
423,212,,4,4.0,2,3,4,0.0,0.0,0.0
423,261,,1,1.0,2,3,4,0.0,0.0,0.0
423,261,,2,2.0,2,3,4,0.0,0.0,0.0
423,300,,2,2.0,2,3,8,0.0,0.0,0.0
423,362,,1,1.0,2,3,3,0.002934,0.019907,0.006585
423,362,,2,2.0,2,3,3,0.0,0.0,0.0
423,369,,1,1.0,2,3,3,0.024542,0.166511,0.045567
423,369,,2,2.0,2,3,3,0.002516,0.015928,0.006556
423,380,,1,1.0,2,3,7,0.0,0.0,0.0
423,380,,2,2.0,2,3,7,0.0,0.0,0.0
423,392,,7,7.0,2,3,3,0.000356,0.002122,0.001039
423,539,,1,1.0,2,3,8,0.0,0.0,0.0
423,539,,2,2.0,2,3,8,0.0,0.0,0.0
429,212,,4,4.0,2,3,3,0.0,0.0,0.0
429,261,,1,1.0,2,3,3,0.0,0.0,0.0
429,261,,2,2.0,2,3,4,0.0,0.0,0.0
429,300,,2,2.0,2,3,8,0.0,0.0,0.0
429,362,,1,1.0,2,3,3,0.01286,0.087249,0.022688
429,362,,2,2.0,2,3,3,0.0,0.0,0.0
429,369,,1,1.0,2,3,3,0.048424,0.328547,0.097571
429,369,,2,2.0,2,3,3,0.070167,0.44427,0.2028
429,380,,1,1.0,2,3,7,0.0,0.0,0.0
429,380,,2,2.0,2,3,7,0.0,0.0,0.0
429,392,,7,7.0,2,3,3,0.001562,0.009301,0.003574
429,539,,1,1.0,2,3,8,0.0,0.0,0.0
429,539,,2,2.0,2,3,8,0.0,0.0,0.0
441,362,,7,7.0,2,3,4,0.013716,0.081683,0.051522
441,500,,7,7.0,2,3,3,0.007816,0.046549,0.019245
451,261,,1,1.0,2,3,5,0.018001,0.122135,0.107669
451,261,,2,2.0,2,3,5,0.0,0.0,0.0
451,300,,1,1.0,2,3,8,0.0,0.0,0.0
451,300,,4,4.0,2,3,7,0.0,0.0,0.0
451,362,,1,1.0,2,3,5,0.0,0.0,0.0
451,380,,1,1.0,2,3,7,0.005111,0.034674,0.065027
451,539,,1,1.0,2,3,8,0.0,0.0,0.0
452,261,,1,1.0,2,3,4,0.032336,0.219391,0.156383
452,261,,2,2.0,2,3,5,0.0,0.0,0.0
452,300,,1,1.0,2,3,8,0.0,0.0,0.0
452,300,,4,4.0,2,3,7,0.0,0.0,0.0
452,362,,1,1.0,2,3,5,0.0,0.0,0.0
452,380,,1,1.0,2,3,7,0.00918,0.062285,0.106491
452,539,,1,1.0,2,3,8,0.0,0.0,0.0
459,261,,1,1.0,2,3,5,0.047728,0.323822,0.256794
459,261,,2,2.0,2,3,5,0.0,0.0,0.0
459,300,,1,1.0,2,3,8,0.0,0.0,0.0
459,300,,4,4.0,2,3,7,0.0,0.0,0.0
459,362,,1,1.0,2,3,5,0.0,0.0,0.0
459,380,,1,1.0,2,3,7,0.01355,0.091932,0.166833
459,539,,1,1.0,2,3,8,0.0,0.0,0.0
460,61,,5,5.0,2,3,8,0.0,0.0,0.0
460,261,,1,1.0,2,3,5,0.17306,1.174167,1.164928
460,261,,2,2.0,2,3,6,0.147955,0.936799,0.967091
460,300,,1,1.0,2,3,5,0.0,0.0,0.0
460,362,,2,2.0,2,3,6,0.0,0.0,0.0
460,362,,5,5.0,2,3,6,0.0,0.0,0.0
460,369,,1,1.0,2,3,7,0.0,0.0,0.0
460,380,,1,1.0,2,3,3,0.666611,4.522782,1.912952
460,380,,2,2.0,2,3,4,0.0,0.0,0.0
460,539,,1,1.0,2,3,6,0.174108,1.181278,1.629071
460,539,,2,2.0,2,3,7,0.0,0.0,0.0
471,181,,5,5.0,2,3,4,0.0,0.0,0.0
471,261,,1,1.0,2,3,5,0.051052,0.346376,0.264392
471,261,,2,2.0,2,3,5,0.02221,0.140629,0.109551
471,300,,2,2.0,2,3,7,0.003379,0.021395,0.038595
471,362,,1,1.0,2,3,5,0.0,0.0,0.0
471,362,,2,2.0,2,3,5,0.0,0.0,0.0
471,369,,1,1.0,2,3,6,0.036792,0.249623,0.305249
471,369,,2,2.0,2,3,6,0.166276,1.052799,1.295976
471,380,,1,1.0,2,3,6,0.0,0.0,0.0
471,380,,2,2.0,2,3,6,0.0,0.0,0.0
471,539,,1,1.0,2,3,8,0.0,0.0,0.0
471,539,,5,5.0,2,3,8,0.0,0.0,0.0
472,181,,5,5.0,2,3,4,0.0,0.0,0.0
472,261,,1,1.0,2,3,4,0.10037,0.680986,0.388798
472,261,,2,2.0,2,3,4,0.043667,0.276481,0.164039
472,300,,2,2.0,2,3,7,0.006643,0.042064,0.078476
472,362,,1,1.0,2,3,5,0.0,0.0,0.0
472,362,,2,2.0,2,3,5,0.0,0.0,0.0
472,369,,1,1.0,2,3,6,0.016691,0.113242,0.116067
472,369,,2,2.0,2,3,5,0.382547,2.422151,2.409611
472,380,,1,1.0,2,3,6,0.0,0.0,0.0
472,380,,2,2.0,2,3,6,0.0,0.0,0.0
472,539,,1,1.0,2,3,8,0.0,0.0,0.0
472,539,,5,5.0,2,3,8,0.0,0.0,0.0
473,181,,5,5.0,2,3,4,0.0,0.0,0.0
473,261,,1,1.0,2,3,4,0.039331,0.266853,0.144974
473,261,,2,2.0,2,3,4,0.017111,0.108342,0.066047
473,300,,2,2.0,2,3,8,0.002603,0.016483,0.033533
473,362,,1,1.0,2,3,4,0.0,0.0,0.0
473,362,,2,2.0,2,3,5,0.0,0.0,0.0
473,369,,1,1.0,2,3,5,0.00654,0.044375,0.03866
473,369,,2,2.0,2,3,5,0.149906,0.949148,0.899411
473,380,,1,1.0,2,3,7,0.0,0.0,0.0
473,380,,2,2.0,2,3,7,0.0,0.0,0.0
473,539,,1,1.0,2,3,8,0.0,0.0,0.0
473,539,,5,5.0,2,3,8,0.0,0.0,0.0
479,181,,5,5.0,2,3,4,0.0,0.0,0.0
479,261,,1,1.0,2,3,4,0.068154,0.462408,0.29
479,261,,2,2.0,2,3,4,0.029651,0.187738,0.125803
479,300,,2,2.0,2,3,7,0.004511,0.028563,0.054918
479,362,,1,1.0,2,3,5,0.0,0.0,0.0
479,362,,2,2.0,2,3,5,0.0,0.0,0.0
479,369,,1,1.0,2,3,6,0.054576,0.370286,0.379627
479,369,,2,2.0,2,3,6,0.216517,1.370908,1.455571
479,380,,1,1.0,2,3,6,0.0,0.0,0.0
479,380,,2,2.0,2,3,6,0.0,0.0,0.0
479,539,,1,1.0,2,3,8,0.0,0.0,0.0
479,539,,5,5.0,2,3,8,0.0,0.0,0.0
481,230,,1,1.0,2,3,8,0.0,0.0,0.0
481,261,,1,1.0,2,3,6,0.378288,2.566587,3.575259
481,261,,2,2.0,2,3,6,0.105784,0.669786,0.909192
481,261,,4,4.0,2,3,6,0.0,0.0,0.0
481,300,,1,1.0,2,3,7,0.020609,0.139829,0.247327
481,300,,2,2.0,2,3,8,0.0,0.0,0.0
481,300,,4,4.0,2,3,6,0.0,0.0,0.0
481,362,,1,1.0,2,3,7,0.000465,0.003153,0.004942
481,362,,2,2.0,2,3,7,0.0,0.0,0.0
481,369,,1,1.0,2,3,7,0.0,0.0,0.0
481,369,,2,2.0,2,3,7,0.039505,0.250134,0.44416
481,380,,1,1.0,2,3,6,0.118453,0.803674,1.160407
481,380,,2,2.0,2,3,7,0.0144,0.091179,0.155586
481,380,,4,4.0,2,3,6,0.0,0.0,0.0
481,539,,1,1.0,2,3,8,0.067212,0.456014,1.03031
481,539,,2,2.0,2,3,8,0.0,0.0,0.0
482,230,,1,1.0,2,3,8,0.0,0.0,0.0
482,261,,1,1.0,2,3,6,0.052309,0.354904,0.461379
482,261,,2,2.0,2,3,6,0.014627,0.092615,0.120955
482,261,,4,4.0,2,3,6,0.0,0.0,0.0
482,300,,1,1.0,2,3,7,0.00285,0.019335,0.037015
482,300,,2,2.0,2,3,8,0.0,0.0,0.0
482,362,,1,1.0,2,3,6,0.0,0.0,0.0
482,362,,2,2.0,2,3,6,0.0,0.0,0.0
482,369,,1,1.0,2,3,7,0.0,0.0,0.0
482,369,,2,2.0,2,3,7,0.005463,0.034588,0.059486
482,380,,1,1.0,2,3,7,0.015905,0.107909,0.166659
482,380,,2,2.0,2,3,7,0.002466,0.015615,0.02978
482,380,,4,4.0,2,3,6,0.0,0.0,0.0
482,539,,1,1.0,2,3,8,0.009294,0.063057,0.150907
482,539,,2,2.0,2,3,8,0.0,0.0,0.0
483,261,,1,1.0,2,3,7,0.059771,0.405531,0.626946
483,261,,2,2.0,2,3,7,0.016152,0.10227,0.159612
483,261,,4,4.0,2,3,6,0.0,0.0,0.0
483,300,,1,1.0,2,3,7,0.003232,0.021931,0.04274
483,300,,2,2.0,2,3,8,0.0,0.0,0.0
483,362,,1,1.0,2,3,7,0.0,0.0,0.0
483,362,,2,2.0,2,3,7,0.0,0.0,0.0
483,369,,1,1.0,2,3,8,0.0,0.0,0.0
483,369,,2,2.0,2,3,7,0.006196,0.039232,0.077637
483,380,,1,1.0,2,3,7,0.018579,0.126051,0.213327
483,380,,2,2.0,2,3,8,0.002259,0.014301,0.028975
483,380,,4,4.0,2,3,6,0.0,0.0,0.0
483,539,,1,1.0,2,3,8,0.010542,0.071523,0.173967
483,539,,2,2.0,2,3,8,0.0,0.0,0.0
484,230,,1,1.0,2,3,8,0.0,0.0,0.0
484,261,,1,1.0,2,3,6,1.438612,9.760609,11.742886
484,261,,2,2.0,2,3,6,0.402291,2.547162,3.154993
484,261,,4,4.0,2,3,5,0.0,0.0,0.0
484,300,,1,1.0,2,3,7,0.078376,0.531762,0.861255
484,300,,2,2.0,2,3,7,0.0,0.0,0.0
484,300,,4,4.0,2,3,6,0.0,0.0,0.0
484,362,,1,1.0,2,3,6,0.001767,0.011991,0.016592
484,362,,2,2.0,2,3,6,0.0,0.0,0.0
484,369,,1,1.0,2,3,7,0.0,0.0,0.0
484,369,,2,2.0,2,3,7,0.150237,0.951249,1.583137
484,380,,1,1.0,2,3,6,0.450462,3.056268,3.823058
484,380,,2,2.0,2,3,7,0.054774,0.346809,0.521219
484,380,,4,4.0,2,3,6,0.0,0.0,0.0
484,539,,1,1.0,2,3,8,0.255603,1.7342,3.651916
484,539,,2,2.0,2,3,8,0.0,0.0,0.0
485,261,,1,1.0,2,3,7,0.062159,0.421732,0.762907
485,261,,2,2.0,2,3,7,0.016798,0.106358,0.186358
485,261,,4,4.0,2,3,6,0.0,0.0,0.0
485,300,,1,1.0,2,3,7,0.003362,0.022807,0.034488
485,300,,2,2.0,2,3,7,0.0,0.0,0.0
485,362,,1,1.0,2,3,7,0.0,0.0,0.0
485,362,,2,2.0,2,3,7,0.0,0.0,0.0
485,369,,1,1.0,2,3,8,0.0,0.0,0.0
485,369,,2,2.0,2,3,8,0.006444,0.040799,0.090113
485,380,,1,1.0,2,3,7,0.01932,0.131084,0.199056
485,380,,2,2.0,2,3,7,0.002349,0.014875,0.028716
485,380,,4,4.0,2,3,6,0.0,0.0,0.0
485,539,,1,1.0,2,3,7,0.010963,0.07438,0.134873
485,539,,2,2.0,2,3,8,0.0,0.0,0.0
486,230,,1,1.0,2,3,8,0.0,0.0,0.0
486,261,,1,1.0,2,3,6,1.285953,8.724857,11.618495
486,261,,2,2.0,2,3,6,0.359602,2.276869,3.035268
486,261,,4,4.0,2,3,6,0.0,0.0,0.0
486,300,,1,1.0,2,3,7,0.070059,0.475334,0.888809
486,300,,2,2.0,2,3,8,0.0,0.0,0.0
486,300,,4,4.0,2,3,6,0.0,0.0,0.0
486,362,,1,1.0,2,3,7,0.00158,0.010718,0.016221
486,362,,2,2.0,2,3,7,0.0,0.0,0.0
486,369,,1,1.0,2,3,7,0.0,0.0,0.0
486,369,,2,2.0,2,3,7,0.134295,0.850307,1.488477
486,380,,1,1.0,2,3,6,0.402662,2.731957,4.092766
486,380,,2,2.0,2,3,7,0.048961,0.310003,0.563145
486,380,,4,4.0,2,3,6,0.0,0.0,0.0
486,539,,1,1.0,2,3,8,0.22848,1.550175,3.666503
486,539,,2,2.0,2,3,8,0.0,0.0,0.0
487,261,,1,1.0,2,3,7,0.018558,0.125912,0.205207
487,261,,2,2.0,2,3,7,0.005189,0.032858,0.05203
487,300,,1,1.0,2,3,7,0.001011,0.00686,0.013075
487,300,,2,2.0,2,3,8,0.0,0.0,0.0
487,362,,1,1.0,2,3,7,0.0,0.0,0.0
487,362,,2,2.0,2,3,7,0.0,0.0,0.0
487,369,,1,1.0,2,3,8,0.0,0.0,0.0
487,369,,2,2.0,2,3,8,0.0,0.0,0.0
487,369,,7,7.0,2,3,7,0.001803,0.010739,0.021401
487,380,,1,1.0,2,3,7,0.005737,0.038924,0.065995
487,380,,2,2.0,2,3,7,0.000706,0.004473,0.008533
487,539,,1,1.0,2,3,8,0.003297,0.022371,0.053038
488,230,,1,1.0,2,3,8,0.0,0.0,0.0
488,261,,1,1.0,2,3,6,0.316069,2.144444,3.154548
488,261,,2,2.0,2,3,6,0.085413,0.540805,0.774605
488,261,,4,4.0,2,3,6,0.0,0.0,0.0
488,300,,1,1.0,2,3,7,0.017093,0.115972,0.209295
488,300,,2,2.0,2,3,8,0.0,0.0,0.0
488,300,,4,4.0,2,3,6,0.0,0.0,0.0
488,362,,1,1.0,2,3,7,0.000385,0.002615,0.004291
488,362,,2,2.0,2,3,7,0.0,0.0,0.0
488,369,,1,1.0,2,3,7,0.0,0.0,0.0
488,369,,2,2.0,2,3,7,0.032765,0.207458,0.383919
488,380,,1,1.0,2,3,7,0.095395,0.647232,0.993623
488,380,,2,2.0,2,3,7,0.014792,0.093655,0.171753
488,380,,4,4.0,2,3,6,0.0,0.0,0.0
488,539,,1,1.0,2,3,8,0.055744,0.378211,0.865708
488,539,,2,2.0,2,3,8,0.0,0.0,0.0
489,230,,1,1.0,2,3,8,0.0,0.0,0.0
489,261,,1,1.0,2,3,6,0.607323,4.120532,5.607856
489,261,,2,2.0,2,3,6,0.169831,1.075309,1.464062
489,261,,4,4.0,2,3,6,0.0,0.0,0.0
489,300,,1,1.0,2,3,7,0.033087,0.224488,0.357719
489,300,,2,2.0,2,3,7,0.0,0.0,0.0
489,300,,4,4.0,2,3,6,0.0,0.0,0.0
489,362,,1,1.0,2,3,7,0.000746,0.005062,0.007847
489,362,,2,2.0,2,3,7,0.0,0.0,0.0
489,369,,1,1.0,2,3,7,0.0,0.0,0.0
489,369,,2,2.0,2,3,7,0.063424,0.401579,0.720051
489,380,,1,1.0,2,3,6,0.190167,1.290234,1.750377
489,380,,2,2.0,2,3,7,0.023123,0.146407,0.24694
489,380,,4,4.0,2,3,6,0.0,0.0,0.0
489,539,,1,1.0,2,3,8,0.107905,0.732109,1.513462
489,539,,2,2.0,2,3,8,0.0,0.0,0.0
491,261,,1,1.0,2,3,7,0.0,0.0,0.0
491,300,,1,1.0,2,3,4,0.053405,0.362341,0.242985
491,362,,1,1.0,2,3,7,0.0,0.0,0.0
491,380,,2,2.0,2,3,6,0.0,0.0,0.0
491,539,,1,1.0,2,3,5,0.0,0.0,0.0
499,261,,1,1.0,2,3,7,0.0,0.0,0.0
499,300,,1,1.0,2,3,5,0.006148,0.041712,0.036328
499,362,,1,1.0,2,3,8,0.0,0.0,0.0
499,380,,2,2.0,2,3,7,0.0,0.0,0.0
499,539,,1,1.0,2,3,6,0.0,0.0,0.0
500,230,,1,1.0,2,3,3,0.0,0.0,0.0
500,261,,1,1.0,2,3,4,0.0,0.0,0.0
500,261,,2,2.0,2,3,5,0.06981,0.442009,0.33441
500,362,,2,2.0,2,3,4,0.070308,0.445166,0.226547
500,380,,1,1.0,2,3,7,0.0,0.0,0.0
500,380,,2,2.0,2,3,7,0.0,0.0,0.0
500,500,,1,1.0,2,3,1,0.054055,0.36675,0.024714
500,500,,7,7.0,2,3,1,0.0,0.0,0.0
500,539,,2,2.0,2,3,8,0.0,0.0,0.0
511,261,,1,1.0,2,3,4,0.0,0.0,0.0
511,261,,7,7.0,2,3,5,0.000438,0.00261,0.002042
511,300,,7,7.0,2,3,8,0.000898,0.005346,0.012427
511,362,,1,1.0,2,3,4,0.0,0.0,0.0
511,369,,7,7.0,2,3,4,0.005752,0.034257,0.024201
511,380,,1,1.0,2,3,7,0.0,0.0,0.0
511,380,,2,2.0,2,3,7,0.0,0.0,0.0
511,380,,7,7.0,2,3,7,0.000537,0.0032,0.005783
511,539,,7,7.0,2,3,8,0.001023,0.006091,0.018428
512,261,,1,1.0,2,3,4,0.0,0.0,0.0
512,261,,7,7.0,2,3,5,0.00042,0.002502,0.002169
512,300,,7,7.0,2,3,8,0.000861,0.005126,0.012432
512,362,,1,1.0,2,3,4,0.0,0.0,0.0
512,369,,7,7.0,2,3,5,0.005515,0.032846,0.025829
512,380,,1,1.0,2,3,7,0.0,0.0,0.0
512,380,,2,2.0,2,3,7,0.0,0.0,0.0
512,380,,7,7.0,2,3,7,0.000515,0.003068,0.005848
512,539,,7,7.0,2,3,8,0.000981,0.00584,0.018295
513,261,,1,1.0,2,3,4,0.0,0.0,0.0
513,261,,7,7.0,2,3,4,0.001412,0.00841,0.005875
513,300,,7,7.0,2,3,8,0.002893,0.017226,0.038866
513,362,,1,1.0,2,3,3,0.0,0.0,0.0
513,369,,7,7.0,2,3,4,0.018535,0.110386,0.064936
513,380,,1,1.0,2,3,7,0.0,0.0,0.0
513,380,,2,2.0,2,3,7,0.0,0.0,0.0
513,380,,7,7.0,2,3,7,0.001732,0.010312,0.017915
513,512,,1,3.0,2,3,2,0.00115,0.00418,0.00072
513,539,,7,7.0,2,3,8,0.003296,0.019627,0.058093
519,261,,1,1.0,2,3,4,0.0,0.0,0.0
519,261,,7,7.0,2,3,4,0.000517,0.003076,0.002095
519,300,,7,7.0,2,3,8,0.001058,0.006302,0.014124
519,362,,1,1.0,2,3,4,0.0,0.0,0.0
519,369,,7,7.0,2,3,4,0.006781,0.040382,0.03023
519,380,,1,1.0,2,3,7,0.0,0.0,0.0
519,380,,2,2.0,2,3,7,0.0,0.0,0.0
519,380,,7,7.0,2,3,7,0.000633,0.003772,0.006501
519,539,,7,7.0,2,3,8,0.001206,0.00718,0.021098
531,160,,4,4.0,2,3,3,0.0,0.0,0.0
531,261,,1,1.0,2,3,8,0.038249,0.259512,0.619446
531,261,,2,2.0,2,3,8,0.020841,0.131956,0.329015
531,300,,1,1.0,2,3,4,1.453799,9.863649,7.05859
531,300,,2,2.0,2,3,5,0.026794,0.16965,0.130255
531,362,,1,1.0,2,3,8,0.005236,0.035524,0.095538
531,369,,1,1.0,2,3,8,0.623999,4.233673,12.341205
531,369,,2,2.0,2,3,8,0.0,0.0,0.0
531,380,,1,1.0,2,3,6,0.0,0.0,0.0
531,380,,2,2.0,2,3,6,0.0,0.0,0.0
531,539,,1,1.0,2,3,2,1.198761,8.133282,1.313689
531,539,,2,2.0,2,3,2,0.0,0.0,0.0
531,539,,5,5.0,2,3,3,0.0,0.0,0.0
532,160,,4,4.0,2,3,3,0.0,0.0,0.0
532,261,,1,1.0,2,3,8,0.002437,0.016538,0.039612
532,261,,2,2.0,2,3,8,0.001328,0.008409,0.021284
532,300,,1,1.0,2,3,5,0.092645,0.62857,0.481525
532,300,,2,2.0,2,3,5,0.001707,0.010811,0.008666
532,362,,1,1.0,2,3,8,0.000334,0.002264,0.006004
532,369,,1,1.0,2,3,8,0.039765,0.269794,0.769488
532,369,,2,2.0,2,3,8,0.0,0.0,0.0
532,380,,1,1.0,2,3,6,0.0,0.0,0.0
532,380,,2,2.0,2,3,6,0.0,0.0,0.0
532,539,,1,1.0,2,3,3,0.076392,0.5183,0.139065
532,539,,2,2.0,2,3,3,0.0,0.0,0.0
532,539,,5,5.0,2,3,3,0.0,0.0,0.0
539,160,,1,4.0,2,3,3,0.0,0.0,0.0
539,261,,1,1.0,2,3,8,0.007725,0.052413,0.11579
539,261,,2,2.0,2,3,8,0.004209,0.026651,0.060468
539,300,,1,1.0,2,3,4,0.293618,1.992125,1.081442
539,300,,2,2.0,2,3,4,0.005411,0.034264,0.018679
539,362,,1,1.0,2,3,8,0.001057,0.007175,0.017745
539,369,,1,1.0,2,3,8,0.126027,0.855059,2.278417
539,369,,2,2.0,2,3,8,0.0,0.0,0.0
539,380,,1,1.0,2,3,6,0.0,0.0,0.0
539,380,,2,2.0,2,3,6,0.0,0.0,0.0
539,539,,1,1.0,2,3,2,0.242109,1.642649,0.371027
539,539,,2,2.0,2,3,2,0.0,0.0,0.0
539,539,,5,5.0,2,3,3,0.0,0.0,0.0
540,362,,7,7.0,2,3,3,0.008656,0.051549,0.024289
540,369,,7,7.0,2,3,4,0.001594,0.009494,0.006367
540,380,,7,7.0,2,3,6,0.009443,0.056238,0.084182
551,61,,5,5.0,2,3,8,0.013291,0.068571,0.159635
551,181,,5,5.0,2,3,2,0.0,0.0,0.0
551,261,,1,1.0,2,3,3,4.290938,29.1129,11.420851
551,261,,2,2.0,2,3,3,0.250322,1.58495,0.649638
551,261,,5,5.0,2,3,3,0.021697,0.111936,0.047868
551,300,,1,1.0,2,3,6,0.025031,0.169829,0.22262
551,362,,1,1.0,2,3,4,0.315382,2.139782,1.411468
551,362,,5,5.0,2,3,5,0.0,0.0,0.0
551,369,,2,2.0,2,3,5,0.049634,0.314264,0.276033
551,380,,1,1.0,2,3,5,0.113131,0.767567,0.614177
551,380,,2,2.0,2,3,5,0.005153,0.032624,0.025869
551,380,,4,4.0,2,3,4,0.0,0.0,0.0
551,500,,1,1.0,2,3,6,0.0,0.0,0.0
551,531,,4,4.0,2,3,7,0.0,0.0,0.0
551,539,,1,1.0,2,3,7,0.0,0.0,0.0
551,539,,7,7.0,2,3,8,0.006624,0.03945,0.080206
559,61,,5,5.0,2,3,8,0.019642,0.101334,0.23789
559,181,,5,5.0,2,3,3,0.0,0.0,0.0
559,261,,1,1.0,2,3,4,6.336919,42.994354,22.630785
559,261,,2,2.0,2,3,4,0.374118,2.368784,1.311288
559,261,,5,5.0,2,3,4,0.032063,0.165418,0.092522
559,300,,1,1.0,2,3,6,0.036991,0.250972,0.301868
559,362,,1,1.0,2,3,5,0.466068,3.162153,2.475113
559,362,,5,5.0,2,3,5,0.0,0.0,0.0
559,369,,2,2.0,2,3,6,0.073349,0.464417,0.471024
559,380,,1,1.0,2,3,4,0.167259,1.134806,0.785015
559,380,,2,2.0,2,3,4,0.007614,0.048212,0.033142
559,380,,4,4.0,2,3,4,0.0,0.0,0.0
559,500,,1,1.0,2,3,6,0.0,0.0,0.0
559,531,,4,4.0,2,3,7,0.0,0.0,0.0
559,539,,1,1.0,2,3,7,0.0,0.0,0.0
559,539,,7,7.0,2,3,7,0.009789,0.058298,0.112204
560,261,,2,2.0,2,3,6,0.0,0.0,0.0
560,300,,1,1.0,2,3,4,0.058076,0.394033,0.21615
560,380,,1,1.0,2,3,4,0.0,0.0,0.0
560,380,,2,2.0,2,3,5,0.0,0.0,0.0
11,12,,1,3.0,2,3,3,0.0,0.0,0.0
11,12,,2,3.0,2,3,3,0.016008,0.09373,0.026297
11,12,,3,3.0,2,3,3,0.0,0.0,0.0
11,12,,5,3.0,2,3,3,0.0,0.0,0.0
11,487,,1,1.0,2,3,6,0.015354,0.104171,0.104826
11,487,,2,2.0,2,3,6,0.0,0.0,0.0
12,12,,1,3.0,2,3,1,0.0,0.0,0.0
12,12,,2,3.0,2,3,1,0.001444,0.009143,0.000208
12,12,,3,3.0,2,3,1,0.001444,0.008455,0.00016
12,12,,5,3.0,2,3,1,0.002888,0.01691,0.000446
12,487,,1,1.0,2,3,5,0.00554,0.037587,0.030349
12,487,,2,2.0,2,3,5,0.0,0.0,0.0
19,12,,1,3.0,2,3,2,0.0,0.0,0.0
19,12,,2,3.0,2,3,3,0.024152,0.141414,0.040035
19,12,,5,3.0,2,3,3,0.0,0.0,0.0
19,487,,1,1.0,2,3,5,0.023164,0.157165,0.156246
19,487,,2,2.0,2,3,6,0.0,0.0,0.0
20,223,,3,3.0,2,3,8,0.0,0.0,0.0
20,485,,2,2.0,2,3,8,0.0,0.0,0.0
20,487,,1,1.0,2,3,8,0.0,0.0,0.0
20,489,,1,1.0,2,3,8,0.0,0.0,0.0
20,489,,5,5.0,2,3,8,0.0,0.0,0.0
41,42,,1,1.0,2,3,2,1.085966,7.368,0.999163
41,42,,2,2.0,2,3,2,0.089678,0.567808,0.079864
41,63,,1,1.0,2,3,3,0.009957,0.067555,0.025463
41,63,,2,2.0,2,3,4,0.025244,0.159834,0.088807
41,69,,1,1.0,2,3,4,0.0,0.0,0.0
41,487,,1,1.0,2,3,6,0.0,0.0,0.0
41,487,,2,2.0,2,3,6,0.0,0.0,0.0
41,489,,1,1.0,2,3,5,0.0,0.0,0.0
42,42,,1,1.0,2,3,1,0.176673,1.198682,0.051655
42,42,,2,2.0,2,3,1,0.014589,0.092375,0.004642
42,63,,1,1.0,2,3,3,0.00162,0.01099,0.004931
42,63,,2,2.0,2,3,4,0.004107,0.026003,0.015814
42,69,,1,1.0,2,3,4,0.0,0.0,0.0
42,487,,1,1.0,2,3,5,0.0,0.0,0.0
42,487,,2,2.0,2,3,6,0.0,0.0,0.0
42,489,,1,1.0,2,3,5,0.0,0.0,0.0
49,42,,1,1.0,2,3,3,0.07038,0.477512,0.12091
49,42,,2,2.0,2,3,3,0.068146,0.431475,0.121674
49,63,,1,1.0,2,3,3,0.001173,0.00796,0.003691
49,63,,2,2.0,2,3,4,0.002974,0.018833,0.012245
49,69,,1,1.0,2,3,5,0.0,0.0,0.0
49,487,,1,1.0,2,3,6,0.0,0.0,0.0
49,487,,2,2.0,2,3,6,0.0,0.0,0.0
49,489,,1,1.0,2,3,5,0.0,0.0,0.0
50,63,,1,1.0,2,3,7,0.0,0.0,0.0
50,63,,2,2.0,2,3,7,0.0,0.0,0.0
50,69,,1,1.0,2,3,7,0.0,0.0,0.0
50,69,,2,2.0,2,3,8,0.0,0.0,0.0
50,129,,2,3.0,2,3,6,0.0,0.0,0.0
50,223,,1,3.0,2,3,3,8.577059,24.863327,12.118244
50,223,,2,3.0,2,3,4,1.715412,4.972665,2.592372
50,223,,5,3.0,2,3,4,6.861647,19.890661,11.340529
50,485,,2,2.0,2,3,6,0.790111,5.0027,5.231821
50,486,,1,3.0,2,3,4,0.0,0.0,0.0
50,486,,2,3.0,2,3,4,0.0,0.0,0.0
50,486,,5,3.0,2,3,4,0.0,0.0,0.0
50,487,,1,1.0,2,3,5,0.323588,2.195461,1.730933
50,487,,2,2.0,2,3,5,48.356735,306.177582,253.576297
50,489,,1,1.0,2,3,5,0.0,0.0,0.0
50,489,,2,2.0,2,3,5,0.144104,0.912415,0.742427
61,42,,1,1.0,2,3,4,0.318958,2.164045,1.114296
61,63,,1,1.0,2,3,2,7.462346,50.630081,5.793684
61,63,,2,2.0,2,3,2,3.436399,21.758049,2.924313
61,64,,1,3.0,2,3,3,0.0,0.0,0.0
61,64,,5,3.0,2,3,3,0.0,0.0,0.0
61,69,,1,1.0,2,3,3,0.0,0.0,0.0
61,69,,2,2.0,2,3,3,0.0,0.0,0.0
61,122,,5,3.0,2,3,8,0.0,0.0,0.0
61,171,,4,4.0,2,3,7,0.0,0.0,0.0
61,350,,1,1.0,2,3,4,0.0,0.0,0.0
61,485,,1,1.0,2,3,5,0.0,0.0,0.0
61,485,,2,2.0,2,3,5,0.248431,1.572978,1.29269
61,487,,1,1.0,2,3,6,0.092931,0.630515,0.88718
61,487,,2,2.0,2,3,7,0.098026,0.620669,0.957149
61,489,,1,1.0,2,3,6,0.0,0.0,0.0
61,489,,2,2.0,2,3,6,0.0,0.0,0.0
62,42,,1,1.0,2,3,5,0.036002,0.244267,0.225211
62,63,,1,1.0,2,3,4,0.842312,5.714871,2.967668
62,63,,2,2.0,2,3,4,0.387884,2.45594,1.579503
62,69,,1,1.0,2,3,3,0.0,0.0,0.0
62,69,,2,2.0,2,3,2,0.0,0.0,0.0
62,171,,4,4.0,2,3,7,0.0,0.0,0.0
62,350,,1,1.0,2,3,6,0.0,0.0,0.0
62,485,,1,1.0,2,3,6,0.0,0.0,0.0
62,485,,2,2.0,2,3,6,0.028042,0.17755,0.219979
62,487,,1,1.0,2,3,7,0.01049,0.071169,0.128573
62,487,,2,2.0,2,3,7,0.011065,0.070058,0.137278
62,489,,1,1.0,2,3,7,0.0,0.0,0.0
62,489,,2,2.0,2,3,7,0.0,0.0,0.0
63,42,,1,1.0,2,3,3,0.061991,0.420595,0.189477
63,63,,1,1.0,2,3,1,1.450351,9.840255,0.07086
63,63,,2,2.0,2,3,1,0.667885,4.228806,0.146317
63,64,,1,3.0,2,3,3,0.0,0.0,0.0
63,69,,1,1.0,2,3,3,0.0,0.0,0.0
63,69,,2,2.0,2,3,3,0.0,0.0,0.0
63,171,,4,4.0,2,3,7,0.0,0.0,0.0
63,350,,1,1.0,2,3,4,0.0,0.0,0.0
63,485,,1,1.0,2,3,4,0.0,0.0,0.0
63,485,,2,2.0,2,3,5,0.048284,0.305717,0.273861
63,487,,1,1.0,2,3,6,0.018062,0.122544,0.165699
63,487,,2,2.0,2,3,7,0.019052,0.120631,0.194964
63,489,,1,1.0,2,3,6,0.0,0.0,0.0
63,489,,2,2.0,2,3,7,0.0,0.0,0.0
64,42,,1,1.0,2,3,5,0.30013,2.036305,1.809502
64,63,,1,1.0,2,3,3,7.021857,47.641479,23.172502
64,63,,2,2.0,2,3,4,3.233555,20.473713,13.395101
64,64,,1,3.0,2,3,1,0.0,0.0,0.0
64,69,,1,1.0,2,3,3,0.0,0.0,0.0
64,69,,2,2.0,2,3,3,0.0,0.0,0.0
64,122,,5,3.0,2,3,8,0.0,0.0,0.0
64,171,,4,4.0,2,3,7,0.0,0.0,0.0
64,350,,1,1.0,2,3,6,0.0,0.0,0.0
64,485,,1,1.0,2,3,6,0.0,0.0,0.0
64,485,,2,2.0,2,3,6,0.233767,1.480127,1.841152
64,487,,1,1.0,2,3,7,0.087446,0.593297,1.051377
64,487,,2,2.0,2,3,7,0.09224,0.584032,1.147153
64,489,,1,1.0,2,3,7,0.0,0.0,0.0
64,489,,2,2.0,2,3,7,0.0,0.0,0.0
65,42,,1,1.0,2,3,5,0.01059,0.071853,0.054687
65,63,,1,1.0,2,3,3,0.247772,1.681065,0.597575
65,63,,2,2.0,2,3,3,0.114098,0.72243,0.339722
65,69,,1,1.0,2,3,2,0.0,0.0,0.0
65,69,,2,2.0,2,3,3,0.0,0.0,0.0
65,350,,1,1.0,2,3,5,0.0,0.0,0.0
65,485,,1,1.0,2,3,6,0.0,0.0,0.0
65,485,,2,2.0,2,3,6,0.008249,0.052227,0.05598
65,487,,1,1.0,2,3,7,0.003086,0.020935,0.03444
65,487,,2,2.0,2,3,7,0.003255,0.020608,0.036936
65,489,,1,1.0,2,3,7,0.0,0.0,0.0
65,489,,2,2.0,2,3,7,0.0,0.0,0.0
69,42,,1,1.0,2,3,5,0.042943,0.291358,0.225461
69,63,,1,1.0,2,3,3,1.004699,6.816619,2.673077
69,63,,2,2.0,2,3,3,0.462662,2.929412,1.309004
69,64,,1,3.0,2,3,2,0.0,0.0,0.0
69,69,,1,1.0,2,3,3,0.0,0.0,0.0
69,69,,2,2.0,2,3,3,0.0,0.0,0.0
69,171,,4,4.0,2,3,7,0.0,0.0,0.0
69,350,,1,1.0,2,3,6,0.0,0.0,0.0
69,485,,1,1.0,2,3,6,0.0,0.0,0.0
69,485,,2,2.0,2,3,6,0.033448,0.211779,0.222363
69,487,,1,1.0,2,3,7,0.012512,0.08489,0.140692
69,487,,2,2.0,2,3,7,0.013198,0.083564,0.14865
69,489,,1,1.0,2,3,7,0.0,0.0,0.0
69,489,,2,2.0,2,3,7,0.0,0.0,0.0
81,42,,1,1.0,2,3,5,0.0,0.0,0.0
81,42,,2,2.0,2,3,6,0.11282,0.714339,0.827992
81,63,,1,1.0,2,3,6,0.014127,0.095848,0.103233
81,69,,1,1.0,2,3,6,0.0,0.0,0.0
81,69,,2,2.0,2,3,6,0.0,0.0,0.0
81,485,,1,1.0,2,3,4,0.0,0.0,0.0
81,485,,2,2.0,2,3,5,1.523361,9.645377,7.826656
81,487,,1,1.0,2,3,6,0.115539,0.783902,0.857299
81,487,,2,2.0,2,3,6,1.395622,8.836576,10.924413
81,489,,1,1.0,2,3,5,0.318527,2.161124,1.951151
81,489,,2,2.0,2,3,5,9.429429,59.703773,58.090966
89,42,,1,1.0,2,3,5,0.0,0.0,0.0
89,42,,2,2.0,2,3,6,0.039739,0.251616,0.315938
89,63,,1,1.0,2,3,6,0.004976,0.033761,0.034712
89,69,,1,1.0,2,3,6,0.0,0.0,0.0
89,69,,2,2.0,2,3,6,0.0,0.0,0.0
89,485,,1,1.0,2,3,4,0.0,0.0,0.0
89,485,,2,2.0,2,3,5,0.536583,3.397452,3.009029
89,487,,1,1.0,2,3,6,0.040697,0.276119,0.303374
89,487,,2,2.0,2,3,6,0.491588,3.112563,4.10101
89,489,,1,1.0,2,3,5,0.112197,0.761226,0.695951
89,489,,2,2.0,2,3,6,3.321387,21.029835,22.038139
91,63,,2,2.0,2,3,8,0.0,0.0,0.0
91,69,,1,1.0,2,3,8,0.0,0.0,0.0
91,69,,2,2.0,2,3,8,0.0,0.0,0.0
91,485,,1,1.0,2,3,8,0.003623,0.024581,0.056523
91,485,,2,2.0,2,3,8,0.0,0.0,0.0
91,487,,1,1.0,2,3,8,0.00398,0.027002,0.056132
91,489,,2,2.0,2,3,8,0.0,0.0,0.0
92,63,,2,2.0,2,3,8,0.0,0.0,0.0
92,69,,1,1.0,2,3,8,0.0,0.0,0.0
92,69,,2,2.0,2,3,8,0.0,0.0,0.0
92,485,,1,1.0,2,3,8,0.006205,0.042098,0.095043
92,485,,2,2.0,2,3,8,0.0,0.0,0.0
92,487,,1,1.0,2,3,8,0.006816,0.046246,0.09399
92,489,,2,2.0,2,3,8,0.0,0.0,0.0
99,63,,2,2.0,2,3,8,0.0,0.0,0.0
99,69,,1,1.0,2,3,8,0.0,0.0,0.0
99,69,,2,2.0,2,3,8,0.0,0.0,0.0
99,485,,1,1.0,2,3,8,0.000738,0.005009,0.011635
99,485,,2,2.0,2,3,8,0.0,0.0,0.0
99,487,,1,1.0,2,3,8,0.000811,0.005502,0.011523
99,489,,2,2.0,2,3,8,0.0,0.0,0.0
101,63,,1,1.0,2,3,8,0.357236,2.423756,6.762843
101,487,,2,2.0,2,3,7,0.061083,0.386758,0.771623
109,63,,1,1.0,2,3,8,0.048896,0.331745,0.929768
109,487,,2,2.0,2,3,8,0.008361,0.052936,0.108291
121,42,,1,1.0,2,3,7,0.0,0.0,0.0
121,42,,2,2.0,2,3,8,0.0,0.0,0.0
121,122,,1,3.0,2,3,3,0.0,0.0,0.0
121,122,,5,3.0,2,3,3,0.0,0.0,0.0
121,485,,2,2.0,2,3,7,0.0,0.0,0.0
121,487,,1,1.0,2,3,6,0.0,0.0,0.0
121,487,,2,2.0,2,3,6,0.022272,0.141019,0.190339
121,489,,2,2.0,2,3,6,0.0,0.0,0.0
122,42,,1,1.0,2,3,8,0.0,0.0,0.0
122,42,,2,2.0,2,3,8,0.0,0.0,0.0
122,122,,1,3.0,2,3,1,0.0,0.0,0.0
122,122,,2,3.0,2,3,1,0.0,0.0,0.0
122,122,,3,3.0,2,3,1,0.0,0.0,0.0
122,485,,2,2.0,2,3,8,0.0,0.0,0.0
122,487,,1,1.0,2,3,6,0.0,0.0,0.0
122,487,,2,2.0,2,3,7,0.093098,0.589464,0.996311
122,489,,2,2.0,2,3,7,0.0,0.0,0.0
123,42,,1,1.0,2,3,8,0.0,0.0,0.0
123,42,,2,2.0,2,3,8,0.0,0.0,0.0
123,122,,1,3.0,2,3,2,0.0,0.0,0.0
123,485,,2,2.0,2,3,7,0.0,0.0,0.0
123,487,,1,1.0,2,3,6,0.0,0.0,0.0
123,487,,2,2.0,2,3,6,0.043896,0.277931,0.403423
123,489,,2,2.0,2,3,6,0.0,0.0,0.0
124,42,,1,1.0,2,3,8,0.0,0.0,0.0
124,42,,2,2.0,2,3,8,0.0,0.0,0.0
124,122,,1,3.0,2,3,3,0.0,0.0,0.0
124,485,,2,2.0,2,3,7,0.0,0.0,0.0
124,487,,1,1.0,2,3,6,0.0,0.0,0.0
124,487,,2,2.0,2,3,7,0.04377,0.277133,0.416751
124,489,,2,2.0,2,3,7,0.0,0.0,0.0
129,42,,1,1.0,2,3,7,0.0,0.0,0.0
129,42,,2,2.0,2,3,8,0.0,0.0,0.0
129,122,,1,3.0,2,3,2,0.0,0.0,0.0
129,122,,5,3.0,2,3,3,0.0,0.0,0.0
129,485,,2,2.0,2,3,7,0.0,0.0,0.0
129,487,,1,1.0,2,3,6,0.0,0.0,0.0
129,487,,2,2.0,2,3,6,0.057666,0.365118,0.508572
129,489,,2,2.0,2,3,6,0.0,0.0,0.0
131,63,,2,2.0,2,3,8,0.0,0.0,0.0
131,69,,2,2.0,2,3,8,0.0,0.0,0.0
131,131,,1,4.0,2,3,1,0.0,0.0,0.0
131,485,,2,2.0,2,3,7,0.0,0.0,0.0
131,487,,1,1.0,2,3,6,0.0,0.0,0.0
131,487,,2,2.0,2,3,6,0.0,0.0,0.0
131,489,,2,2.0,2,3,6,0.0,0.0,0.0
132,63,,2,2.0,2,3,8,0.0,0.0,0.0
132,69,,2,2.0,2,3,8,0.0,0.0,0.0
132,131,,1,4.0,2,3,2,0.0,0.0,0.0
132,485,,2,2.0,2,3,7,0.0,0.0,0.0
132,487,,1,1.0,2,3,6,0.0,0.0,0.0
132,487,,2,2.0,2,3,6,0.0,0.0,0.0
132,489,,2,2.0,2,3,6,0.0,0.0,0.0
139,63,,2,2.0,2,3,8,0.0,0.0,0.0
139,69,,2,2.0,2,3,8,0.0,0.0,0.0
139,131,,1,4.0,2,3,2,0.0,0.0,0.0
139,485,,2,2.0,2,3,7,0.0,0.0,0.0
139,487,,1,1.0,2,3,6,0.0,0.0,0.0
139,487,,2,2.0,2,3,6,0.0,0.0,0.0
139,489,,2,2.0,2,3,6,0.0,0.0,0.0
160,42,,1,1.0,2,3,6,0.217787,1.477628,1.652942
160,42,,2,2.0,2,3,7,2.010759,12.731407,19.684291
160,63,,1,1.0,2,3,6,0.047334,0.321149,0.329791
160,69,,2,2.0,2,3,6,0.0,0.0,0.0
160,485,,2,2.0,2,3,7,2.870272,18.173536,29.791548
160,487,,1,1.0,2,3,7,0.203013,1.377391,2.502395
160,487,,2,2.0,2,3,8,0.0,0.0,0.0
160,489,,1,1.0,2,3,7,0.00329,0.022322,0.036426
160,489,,2,2.0,2,3,7,0.467887,2.962493,5.329158
171,42,,1,1.0,2,3,7,0.049531,0.336058,0.622829
171,42,,2,2.0,2,3,7,0.0,0.0,0.0
171,63,,1,1.0,2,3,8,0.0,0.0,0.0
171,69,,2,2.0,2,3,8,0.0,0.0,0.0
171,221,,2,3.0,2,3,5,0.0,0.0,0.0
171,223,,1,3.0,2,3,5,2.492753,15.136538,14.300973
171,223,,2,3.0,2,3,5,0.623188,3.784135,3.605641
171,223,,5,3.0,2,3,5,0.623188,3.784135,3.582128
171,321,,4,4.0,2,3,6,0.0,0.0,0.0
171,483,,3,3.0,2,3,7,0.0,0.0,0.0
171,485,,1,1.0,2,3,7,0.056241,0.38158,0.608353
171,485,,2,2.0,2,3,6,12.69242,80.363869,113.094751
171,486,,1,3.0,2,3,6,0.0,0.0,0.0
171,486,,5,3.0,2,3,6,0.0,0.0,0.0
171,487,,1,1.0,2,3,6,3.854873,26.154314,35.992861
171,487,,2,2.0,2,3,6,64.888222,410.84903,564.286857
171,489,,1,1.0,2,3,6,0.64598,4.382803,5.800063
171,489,,2,2.0,2,3,6,47.954762,303.632385,400.486011
172,42,,1,1.0,2,3,7,0.00171,0.011599,0.017979
172,42,,2,2.0,2,3,7,0.0,0.0,0.0
172,63,,1,1.0,2,3,7,0.0,0.0,0.0
172,69,,2,2.0,2,3,8,0.0,0.0,0.0
172,221,,2,3.0,2,3,4,0.0,0.0,0.0
172,223,,3,3.0,2,3,6,0.129051,0.783626,0.796391
172,321,,4,4.0,2,3,6,0.0,0.0,0.0
172,483,,3,3.0,2,3,6,0.0,0.0,0.0
172,485,,1,1.0,2,3,6,0.001941,0.01317,0.017051
172,485,,2,2.0,2,3,6,0.438062,2.77365,3.564135
172,486,,1,3.0,2,3,5,0.0,0.0,0.0
172,487,,1,1.0,2,3,6,0.133046,0.902681,1.016852
172,487,,2,2.0,2,3,6,2.23953,14.179903,16.60308
172,489,,1,1.0,2,3,6,0.022295,0.151267,0.162769
172,489,,2,2.0,2,3,6,1.655094,10.479464,11.704955
179,42,,1,1.0,2,3,7,0.009884,0.067061,0.113134
179,42,,2,2.0,2,3,7,0.0,0.0,0.0
179,63,,1,1.0,2,3,8,0.0,0.0,0.0
179,69,,2,2.0,2,3,8,0.0,0.0,0.0
179,221,,2,3.0,2,3,5,0.0,0.0,0.0
179,223,,1,3.0,2,3,5,0.639557,3.88353,3.146109
179,223,,5,3.0,2,3,5,0.106593,0.647255,0.608778
179,321,,4,4.0,2,3,6,0.0,0.0,0.0
179,483,,3,3.0,2,3,7,0.0,0.0,0.0
179,485,,1,1.0,2,3,6,0.011223,0.076145,0.108318
179,485,,2,2.0,2,3,6,2.532795,16.036753,21.887955
179,486,,1,3.0,2,3,5,0.0,0.0,0.0
179,486,,2,3.0,2,3,5,0.0,0.0,0.0
179,486,,5,3.0,2,3,6,0.0,0.0,0.0
179,487,,1,1.0,2,3,6,0.769247,5.219141,6.483794
179,487,,2,2.0,2,3,6,12.94856,81.985657,101.787462
179,489,,1,1.0,2,3,6,0.128906,0.874596,1.039743
179,489,,2,2.0,2,3,6,9.569459,60.590393,72.488725
181,42,,1,1.0,2,3,7,0.0,0.0,0.0
181,63,,1,1.0,2,3,8,0.00586,0.039758,0.083727
181,69,,2,2.0,2,3,8,0.0,0.0,0.0
181,223,,2,3.0,2,3,5,0.558929,3.573745,3.487048
181,485,,1,1.0,2,3,7,0.0,0.0,0.0
181,485,,2,2.0,2,3,6,0.218071,1.38075,1.993924
181,487,,1,1.0,2,3,6,0.14888,1.010109,1.394339
181,487,,2,2.0,2,3,6,0.163016,1.032157,1.43688
181,489,,1,1.0,2,3,6,0.002384,0.016177,0.021311
181,489,,2,2.0,2,3,6,0.009153,0.057957,0.076306
182,42,,1,1.0,2,3,7,0.0,0.0,0.0
182,63,,1,1.0,2,3,8,0.024908,0.168995,0.369397
182,69,,2,2.0,2,3,8,0.0,0.0,0.0
182,223,,1,3.0,2,3,5,2.375807,15.1907,12.966677
182,485,,1,1.0,2,3,7,0.0,0.0,0.0
182,485,,2,2.0,2,3,6,0.926943,5.86907,8.750641
182,487,,1,1.0,2,3,6,0.632834,4.293611,5.731207
182,487,,2,2.0,2,3,6,0.692921,4.387326,5.877266
182,489,,1,1.0,2,3,6,0.010135,0.068761,0.08745
182,489,,2,2.0,2,3,6,0.038908,0.246353,0.320116
183,42,,1,1.0,2,3,7,0.0,0.0,0.0
183,63,,1,1.0,2,3,8,0.005609,0.038058,0.084649
183,69,,2,2.0,2,3,8,0.0,0.0,0.0
183,223,,5,3.0,2,3,6,0.535031,3.420942,3.508694
183,485,,1,1.0,2,3,7,0.0,0.0,0.0
183,485,,2,2.0,2,3,7,0.208747,1.321713,2.10984
183,487,,1,1.0,2,3,6,0.142514,0.96692,1.393245
183,487,,2,2.0,2,3,6,0.156046,0.988025,1.436938
183,489,,1,1.0,2,3,6,0.002282,0.015485,0.021346
183,489,,2,2.0,2,3,6,0.008762,0.055479,0.077366
189,42,,1,1.0,2,3,7,0.0,0.0,0.0
189,63,,1,1.0,2,3,8,0.021527,0.146053,0.316624
189,69,,2,2.0,2,3,8,0.0,0.0,0.0
189,223,,1,3.0,2,3,5,1.026641,6.564252,5.563316
189,223,,5,3.0,2,3,5,1.026641,6.564252,6.226096
189,485,,1,1.0,2,3,7,0.0,0.0,0.0
189,485,,2,2.0,2,3,7,0.801107,5.072321,7.62147
189,487,,1,1.0,2,3,6,0.546924,3.710737,4.948907
189,487,,2,2.0,2,3,6,0.598854,3.79173,5.105493
189,489,,1,1.0,2,3,6,0.008759,0.059426,0.075967
189,489,,2,2.0,2,3,6,0.033626,0.212909,0.275751
190,42,,1,1.0,2,3,7,0.0,0.0,0.0
190,42,,2,2.0,2,3,7,2.102308,13.311063,21.337309
190,63,,1,1.0,2,3,7,0.070124,0.475773,0.856822
190,63,,2,2.0,2,3,8,27.185278,172.127457,365.348442
190,69,,1,1.0,2,3,7,0.0,0.0,0.0
190,69,,2,2.0,2,3,8,0.0,0.0,0.0
190,171,,1,4.0,2,3,3,0.0,0.0,0.0
190,221,,5,3.0,2,3,6,133.013016,813.115112,952.568579
190,223,,3,3.0,2,3,6,65.383644,387.621155,574.280039
190,261,,2,3.0,2,3,4,6.51576,35.207779,22.771076
190,471,,1,4.0,2,3,4,0.098833,0.008372,0.005578
190,471,,4,4.0,2,3,4,0.0,0.0,0.0
190,482,,3,3.0,2,3,7,125.115997,646.21582,1028.695682
190,485,,1,1.0,2,3,6,0.0,0.0,0.0
190,485,,2,2.0,2,3,6,16.441681,104.102844,133.463727
190,486,,1,3.0,2,3,6,0.0,0.0,0.0
190,487,,1,1.0,2,3,6,1.815836,12.319976,14.976737
190,487,,2,2.0,2,3,6,227.688797,1441.644043,1792.426864
190,489,,1,1.0,2,3,6,0.006237,0.042316,0.048691
190,489,,2,2.0,2,3,6,225.835724,1429.911011,1728.580448
201,42,,2,2.0,2,3,6,0.374645,2.37212,3.070504
201,63,,2,2.0,2,3,7,2.846321,18.021887,32.653983
201,69,,2,2.0,2,3,7,0.0,0.0,0.0
201,221,,2,3.0,2,3,5,2.641504,16.51683,13.648043
201,223,,2,3.0,2,3,5,3.013338,19.93334,19.019263
201,482,,1,3.0,2,3,4,10.024867,34.038895,25.217821
201,485,,2,2.0,2,3,5,19.10079,120.939377,119.067063
201,486,,1,3.0,2,3,5,9.948141,34.268551,26.656607
201,487,,1,1.0,2,3,5,0.0,0.0,0.0
201,487,,2,2.0,2,3,5,125.747902,796.190735,740.009611
201,489,,2,2.0,2,3,5,42.92709,271.798981,237.080232
201,512,,1,3.0,2,3,6,0.0,0.0,0.0
201,512,,5,3.0,2,3,6,0.0,0.0,0.0
202,42,,2,2.0,2,3,6,0.187018,1.184129,1.339042
202,63,,2,2.0,2,3,7,1.420843,8.99627,14.655737
202,69,,2,2.0,2,3,7,0.0,0.0,0.0
202,221,,5,3.0,2,3,5,1.318601,8.24497,6.889127
202,223,,5,3.0,2,3,5,1.504216,9.950444,9.038151
202,482,,1,3.0,2,3,4,5.004272,16.991735,11.347497
202,485,,2,2.0,2,3,5,9.534844,60.371223,48.379889
202,486,,1,3.0,2,3,4,4.965971,17.106375,10.64942
202,487,,1,1.0,2,3,5,0.0,0.0,0.0
202,487,,2,2.0,2,3,5,62.771591,397.447266,321.997306
202,489,,2,2.0,2,3,4,21.428591,135.678177,98.209595
202,512,,1,3.0,2,3,6,0.0,0.0,0.0
209,42,,2,2.0,2,3,6,0.235942,1.493901,1.871199
209,63,,2,2.0,2,3,7,1.792541,11.349729,19.489149
209,69,,2,2.0,2,3,7,0.0,0.0,0.0
209,221,,2,3.0,2,3,5,1.663552,10.40188,10.21757
209,223,,2,3.0,2,3,6,1.897724,12.55352,13.274115
209,482,,2,3.0,2,3,5,6.313407,21.436831,19.463384
209,485,,2,2.0,2,3,5,12.02919,76.164528,70.513323
209,486,,1,3.0,2,3,5,6.265087,21.581463,16.345132
209,487,,1,1.0,2,3,5,0.0,0.0,0.0
209,487,,2,2.0,2,3,5,79.192863,501.420868,492.641263
209,489,,2,2.0,2,3,5,27.034389,171.172089,155.630389
209,512,,1,3.0,2,3,6,0.0,0.0,0.0
209,512,,2,3.0,2,3,7,0.0,0.0,0.0
209,512,,5,3.0,2,3,7,0.0,0.0,0.0
211,487,,1,1.0,2,3,6,0.0,0.0,0.0
211,489,,2,2.0,2,3,6,0.18276,1.157174,1.621033
212,487,,1,1.0,2,3,6,0.0,0.0,0.0
212,489,,2,2.0,2,3,6,0.614682,3.891948,4.949946
219,487,,1,1.0,2,3,6,0.0,0.0,0.0
219,489,,2,2.0,2,3,6,0.785727,4.974944,6.343851
221,41,,4,4.0,2,3,6,0.0,0.0,0.0
221,42,,2,2.0,2,3,6,0.156695,0.992135,1.420354
221,63,,1,1.0,2,3,7,0.354848,2.40755,4.205829
221,63,,2,2.0,2,3,7,0.959882,6.07763,11.989248
221,69,,1,1.0,2,3,8,0.0,0.0,0.0
221,69,,2,2.0,2,3,8,0.0,0.0,0.0
221,131,,4,4.0,2,3,3,0.0,0.0,0.0
221,221,,1,3.0,2,3,1,0.0,0.0,0.0
221,221,,3,3.0,2,3,1,0.0,0.0,0.0
221,222,,3,3.0,2,3,2,7.215235,32.517464,7.467339
221,223,,3,3.0,2,3,2,204.386948,1259.021484,147.664263
221,261,,2,3.0,2,3,6,1.145942,4.019318,4.744599
221,483,,1,3.0,2,3,4,0.0,0.0,0.0
221,485,,1,1.0,2,3,6,0.014999,0.101762,0.103773
221,485,,2,2.0,2,3,6,0.292796,1.853877,2.007642
221,486,,1,3.0,2,3,3,0.961031,5.666468,1.645167
221,487,,1,1.0,2,3,4,0.957189,6.494279,3.957044
221,487,,2,2.0,2,3,4,3.454898,21.875179,13.898615
221,489,,1,1.0,2,3,4,0.0,0.0,0.0
221,489,,1,3.0,2,3,4,0.10516,0.731028,0.473671
221,489,,2,2.0,2,3,4,1.252206,7.928521,5.216776
221,489,,2,3.0,2,3,4,0.10516,0.731028,0.480999
221,512,,3,3.0,2,3,7,0.0,0.0,0.0
222,41,,4,4.0,2,3,6,0.0,0.0,0.0
222,42,,2,2.0,2,3,6,0.035617,0.225515,0.295597
222,63,,1,1.0,2,3,7,0.080658,0.547243,0.889727
222,63,,2,2.0,2,3,7,0.218184,1.381462,2.740227
222,69,,1,1.0,2,3,8,0.0,0.0,0.0
222,69,,2,2.0,2,3,8,0.0,0.0,0.0
222,131,,4,4.0,2,3,4,0.0,0.0,0.0
222,221,,3,3.0,2,3,2,0.0,0.0,0.0
222,222,,1,3.0,2,3,1,1.640043,7.391308,0.226275
222,222,,2,3.0,2,3,1,0.0,0.0,0.0
222,222,,3,3.0,2,3,1,0.0,0.0,0.0
222,223,,1,3.0,2,3,2,46.457706,286.178986,58.674311
222,261,,2,3.0,2,3,6,0.260476,0.913602,1.146462
222,483,,3,3.0,2,3,3,0.0,0.0,0.0
222,485,,1,1.0,2,3,5,0.003409,0.023131,0.020772
222,485,,2,2.0,2,3,5,0.066553,0.421391,0.405439
222,486,,1,3.0,2,3,2,0.14563,0.858669,0.147225
222,486,,2,3.0,2,3,2,0.024272,0.143112,0.024392
222,486,,3,3.0,2,3,2,0.024272,0.143112,0.02818
222,486,,5,3.0,2,3,2,0.024272,0.143112,0.024398
222,487,,1,1.0,2,3,3,0.217572,1.476168,0.722028
222,487,,2,2.0,2,3,4,0.785308,4.972288,2.558724
222,489,,1,1.0,2,3,4,0.0,0.0,0.0
222,489,,2,2.0,2,3,4,0.28463,1.802174,0.991434
222,489,,2,3.0,2,3,4,0.047806,0.332329,0.182825
222,512,,3,3.0,2,3,7,0.0,0.0,0.0
223,41,,4,4.0,2,3,6,0.0,0.0,0.0
223,42,,2,2.0,2,3,7,0.234976,1.487787,2.280949
223,63,,1,1.0,2,3,7,0.532123,3.61032,6.557477
223,63,,2,2.0,2,3,8,1.439423,9.113909,20.026979
223,69,,1,1.0,2,3,8,0.0,0.0,0.0
223,69,,2,2.0,2,3,8,0.0,0.0,0.0
223,131,,4,4.0,2,3,3,0.0,0.0,0.0
223,221,,5,3.0,2,3,1,0.0,0.0,0.0
223,222,,3,3.0,2,3,3,10.819839,48.762615,13.61676
223,223,,1,3.0,2,3,1,153.247528,1039.744751,38.53126
223,223,,2,3.0,2,3,1,0.0,0.0,0.0
223,223,,3,3.0,2,3,1,153.247528,944.003174,35.487319
223,261,,2,3.0,2,3,6,1.718435,6.027298,7.03084
223,483,,3,3.0,2,3,4,0.0,0.0,0.0
223,485,,1,1.0,2,3,6,0.022492,0.152601,0.166317
223,485,,2,2.0,2,3,6,0.439071,2.780042,3.292748
223,486,,1,3.0,2,3,3,1.441145,8.497335,3.072099
223,487,,1,1.0,2,3,4,1.435384,9.738708,6.603356
223,487,,2,2.0,2,3,4,5.180904,32.803631,24.171759
223,489,,1,1.0,2,3,4,0.0,0.0,0.0
223,489,,2,2.0,2,3,5,1.877786,11.88947,9.03269
223,489,,2,3.0,2,3,5,0.315392,2.192472,1.665669
223,512,,3,3.0,2,3,7,0.0,0.0,0.0
229,41,,4,4.0,2,3,6,0.0,0.0,0.0
229,42,,2,2.0,2,3,6,0.252367,1.597896,2.107282
229,63,,1,1.0,2,3,7,0.571505,3.877512,6.414911
229,63,,2,2.0,2,3,7,1.545951,9.788407,19.18616
229,69,,1,1.0,2,3,8,0.0,0.0,0.0
229,69,,2,2.0,2,3,8,0.0,0.0,0.0
229,131,,4,4.0,2,3,3,0.0,0.0,0.0
229,221,,3,3.0,2,3,2,0.0,0.0,0.0
229,222,,3,3.0,2,3,3,11.620595,52.371441,16.449515
229,223,,1,3.0,2,3,2,278.53537,1715.775024,371.026862
229,223,,3,3.0,2,3,3,50.642796,311.959076,96.923312
229,261,,2,3.0,2,3,6,1.845613,6.473367,7.577051
229,483,,3,3.0,2,3,4,0.0,0.0,0.0
229,485,,1,1.0,2,3,5,0.024156,0.163894,0.151722
229,485,,2,2.0,2,3,5,0.471566,2.985787,2.89463
229,486,,1,3.0,2,3,3,1.252982,7.387881,2.036847
229,486,,2,3.0,2,3,3,0.221114,1.303744,0.353977
229,486,,5,3.0,2,3,3,0.073705,0.434581,0.127625
229,487,,1,1.0,2,3,4,1.541614,10.459451,6.098594
229,487,,2,2.0,2,3,4,5.564333,35.231369,21.615419
229,489,,1,1.0,2,3,4,0.0,0.0,0.0
229,489,,1,3.0,2,3,4,0.112911,0.784911,0.473375
229,489,,2,2.0,2,3,4,2.016757,12.769384,7.961143
229,489,,2,3.0,2,3,4,0.225822,1.569822,0.978714
229,512,,3,3.0,2,3,8,0.0,0.0,0.0
241,485,,2,2.0,2,3,8,0.0,0.0,0.0
241,487,,1,1.0,2,3,7,0.0,0.0,0.0
242,485,,2,2.0,2,3,8,0.0,0.0,0.0
242,487,,1,1.0,2,3,7,0.0,0.0,0.0
249,485,,2,2.0,2,3,8,0.0,0.0,0.0
249,487,,1,1.0,2,3,7,0.0,0.0,0.0
261,69,,2,2.0,2,3,8,0.0,0.0,0.0
261,485,,1,1.0,2,3,7,0.0,0.0,0.0
261,487,,1,1.0,2,3,7,0.003391,0.023009,0.037701
261,487,,2,2.0,2,3,7,0.437759,2.771734,4.50536
261,489,,2,2.0,2,3,7,0.0,0.0,0.0
262,69,,2,2.0,2,3,8,0.0,0.0,0.0
262,485,,1,1.0,2,3,7,0.0,0.0,0.0
262,487,,1,1.0,2,3,7,0.000845,0.005732,0.00881
262,487,,2,2.0,2,3,7,0.109048,0.690452,1.074824
262,489,,2,2.0,2,3,6,0.0,0.0,0.0
269,69,,2,2.0,2,3,8,0.0,0.0,0.0
269,485,,1,1.0,2,3,7,0.0,0.0,0.0
269,487,,1,1.0,2,3,7,0.00134,0.009091,0.014655
269,487,,2,2.0,2,3,7,0.172961,1.095128,1.796221
269,489,,2,2.0,2,3,6,0.0,0.0,0.0
271,42,,1,1.0,2,3,7,0.0,0.0,0.0
271,42,,2,2.0,2,3,7,0.139221,0.881496,1.570422
271,63,,2,2.0,2,3,8,1.400176,8.865415,21.578283
271,69,,1,1.0,2,3,7,0.0,0.0,0.0
271,69,,2,2.0,2,3,8,0.0,0.0,0.0
271,223,,3,3.0,2,3,7,3.836551,23.530041,39.744455
271,350,,1,1.0,2,3,6,0.0,0.0,0.0
271,485,,1,1.0,2,3,7,4.473951,30.354595,46.568383
271,485,,2,2.0,2,3,6,9.968192,63.115028,92.61067
271,487,,1,1.0,2,3,6,0.032034,0.217345,0.302883
271,487,,2,2.0,2,3,6,9.132173,57.821655,82.482903
271,489,,2,2.0,2,3,6,93.647278,592.941101,846.956139
279,42,,1,1.0,2,3,7,0.0,0.0,0.0
279,42,,2,2.0,2,3,7,0.035961,0.227693,0.426106
279,63,,2,2.0,2,3,8,0.36167,2.289964,5.374053
279,69,,1,1.0,2,3,7,0.0,0.0,0.0
279,69,,2,2.0,2,3,8,0.0,0.0,0.0
279,223,,1,3.0,2,3,6,0.990993,6.077882,7.966915
279,350,,1,1.0,2,3,6,0.0,0.0,0.0
279,485,,1,1.0,2,3,7,1.155636,7.840688,11.928274
279,485,,2,2.0,2,3,7,2.574815,16.302809,25.220677
279,487,,1,1.0,2,3,6,0.008275,0.056141,0.079346
279,487,,2,2.0,2,3,6,2.358868,14.935509,22.363472
279,489,,2,2.0,2,3,6,24.189381,153.158508,224.634342
280,485,,2,2.0,2,3,6,0.0,0.0,0.0
291,42,,1,1.0,2,3,6,0.019275,0.130774,0.172506
291,42,,2,2.0,2,3,6,1.251197,7.922132,10.428635
291,69,,1,1.0,2,3,7,0.0,0.0,0.0
291,69,,2,2.0,2,3,7,0.0,0.0,0.0
291,485,,1,1.0,2,3,6,0.111699,0.757849,0.807342
291,485,,2,2.0,2,3,6,0.074864,0.474013,0.48326
291,487,,1,1.0,2,3,5,2.319092,15.734437,15.20684
291,487,,2,2.0,2,3,5,60.015289,379.995361,362.04457
291,489,,1,1.0,2,3,5,0.0,0.0,0.0
291,489,,2,2.0,2,3,5,6.457434,40.886166,36.803595
292,42,,1,1.0,2,3,7,0.038145,0.258806,0.390035
292,42,,2,2.0,2,3,7,2.47615,15.678097,24.433636
292,69,,1,1.0,2,3,7,0.0,0.0,0.0
292,69,,2,2.0,2,3,8,0.0,0.0,0.0
292,485,,1,1.0,2,3,6,0.221055,1.499803,1.850051
292,485,,2,2.0,2,3,6,0.148158,0.938083,1.166965
292,487,,1,1.0,2,3,6,4.589543,31.138859,33.955452
292,487,,2,2.0,2,3,6,118.771812,752.02063,864.518997
292,489,,1,1.0,2,3,6,0.0,0.0,0.0
292,489,,2,2.0,2,3,6,12.77943,80.91478,88.113173
299,42,,1,1.0,2,3,6,0.019689,0.133585,0.186068
299,42,,2,2.0,2,3,6,1.278086,8.092384,11.659505
299,69,,1,1.0,2,3,7,0.0,0.0,0.0
299,69,,2,2.0,2,3,8,0.0,0.0,0.0
299,485,,1,1.0,2,3,6,0.1141,0.774136,0.854686
299,485,,2,2.0,2,3,6,0.076473,0.4842,0.537775
299,487,,1,1.0,2,3,5,2.368931,16.072582,15.355003
299,487,,2,2.0,2,3,5,61.305069,388.161804,382.673381
299,489,,1,1.0,2,3,5,0.0,0.0,0.0
299,489,,2,2.0,2,3,5,6.596211,41.764851,39.882128
300,69,,2,2.0,2,3,7,0.0,0.0,0.0
300,485,,2,2.0,2,3,7,0.0,0.0,0.0
300,489,,2,2.0,2,3,8,0.0,0.0,0.0
311,42,,1,1.0,2,3,6,0.00555,0.037656,0.053137
311,42,,2,2.0,2,3,6,2.123094,13.442672,20.018287
311,63,,1,1.0,2,3,7,0.183297,1.243626,2.010415
311,63,,2,2.0,2,3,8,8.550278,54.137302,110.233795
311,69,,1,1.0,2,3,7,0.0,0.0,0.0
311,69,,2,2.0,2,3,7,0.0,0.0,0.0
311,69,,5,5.0,2,3,7,0.0,0.0,0.0
311,222,,2,3.0,2,3,6,0.0,0.0,0.0
311,223,,2,3.0,2,3,6,2.238759,12.75132,14.837304
311,363,,1,3.0,2,3,6,0.0,0.0,0.0
311,485,,1,1.0,2,3,6,0.914344,6.203583,7.400195
311,485,,2,2.0,2,3,6,89.250053,565.099426,686.787566
311,487,,1,1.0,2,3,6,4.034257,27.371387,30.285846
311,487,,2,2.0,2,3,6,9.72825,61.595802,70.147219
311,489,,1,1.0,2,3,6,0.0,0.0,0.0
311,489,,2,2.0,2,3,6,150.699707,954.176636,1039.185338
319,42,,1,1.0,2,3,6,0.00457,0.031006,0.039747
319,42,,2,2.0,2,3,6,1.748148,11.068648,16.360333
319,63,,1,1.0,2,3,7,0.150927,1.023997,1.540994
319,63,,2,2.0,2,3,7,7.040271,44.576481,83.242077
319,69,,1,1.0,2,3,6,0.0,0.0,0.0
319,69,,2,2.0,2,3,7,0.0,0.0,0.0
319,69,,5,5.0,2,3,7,0.0,0.0,0.0
319,222,,2,3.0,2,3,6,0.0,0.0,0.0
319,223,,2,3.0,2,3,6,1.843386,10.4994,13.148023
319,363,,1,3.0,2,3,6,0.0,0.0,0.0
319,363,,2,3.0,2,3,7,0.0,0.0,0.0
319,363,,5,3.0,2,3,7,0.0,0.0,0.0
319,485,,1,1.0,2,3,6,0.752868,5.108011,5.462768
319,485,,2,2.0,2,3,6,73.488197,465.301025,535.633755
319,487,,1,1.0,2,3,6,3.321794,22.53751,24.32144
319,487,,2,2.0,2,3,6,8.01021,50.717789,61.883162
319,489,,1,1.0,2,3,5,0.0,0.0,0.0
319,489,,2,2.0,2,3,6,124.085701,785.666321,905.215341
321,63,,1,1.0,2,3,3,0.005638,0.038253,0.013911
329,63,,1,1.0,2,3,4,0.002012,0.01365,0.008196
331,487,,2,2.0,2,3,8,0.054839,0.347222,0.807339
339,487,,2,2.0,2,3,8,0.012023,0.076124,0.176162
341,42,,1,1.0,2,3,8,0.0,0.0,0.0
341,63,,1,1.0,2,3,8,0.011553,0.078384,0.226217
341,487,,1,1.0,2,3,7,0.0,0.0,0.0
342,42,,1,1.0,2,3,8,0.0,0.0,0.0
342,63,,1,1.0,2,3,8,0.001936,0.013135,0.037269
342,487,,1,1.0,2,3,7,0.0,0.0,0.0
350,42,,1,1.0,2,3,3,0.0,0.0,0.0
350,63,,1,1.0,2,3,5,0.02204,0.149536,0.129642
350,63,,2,2.0,2,3,6,0.010925,0.069173,0.072368
350,350,,1,1.0,2,3,2,0.0,0.0,0.0
350,485,,1,1.0,2,3,3,0.386437,2.621875,0.735924
350,485,,2,2.0,2,3,3,2.387569,15.117234,4.728663
350,487,,1,1.0,2,3,5,0.0,0.0,0.0
350,487,,2,2.0,2,3,5,0.148398,0.939603,0.874664
350,489,,2,2.0,2,3,4,0.095678,0.605799,0.409885
361,63,,1,1.0,2,3,8,0.010415,0.070663,0.207907
361,485,,2,2.0,2,3,8,0.0,0.0,0.0
361,487,,1,1.0,2,3,8,0.002267,0.015379,0.032305
361,487,,2,2.0,2,3,8,0.0,0.0,0.0
362,63,,1,1.0,2,3,8,0.010972,0.074443,0.196728
362,485,,2,2.0,2,3,7,0.0,0.0,0.0
362,487,,1,1.0,2,3,7,0.002388,0.016202,0.028983
362,487,,2,2.0,2,3,7,0.0,0.0,0.0
363,63,,1,1.0,2,3,8,0.214516,1.455437,4.213495
363,485,,2,2.0,2,3,8,0.0,0.0,0.0
363,487,,1,1.0,2,3,7,0.046688,0.316765,0.622468
363,487,,2,2.0,2,3,8,0.0,0.0,0.0
364,63,,1,1.0,2,3,8,0.010723,0.072754,0.200818
364,485,,2,2.0,2,3,8,0.0,0.0,0.0
364,487,,1,1.0,2,3,7,0.002334,0.015834,0.03002
364,487,,2,2.0,2,3,7,0.0,0.0,0.0
369,63,,1,1.0,2,3,8,0.016736,0.113553,0.320778
369,485,,2,2.0,2,3,8,0.0,0.0,0.0
369,487,,1,1.0,2,3,8,0.003643,0.024714,0.04959
369,487,,2,2.0,2,3,8,0.0,0.0,0.0
371,42,,1,1.0,2,3,8,0.0,0.0,0.0
371,487,,1,1.0,2,3,6,0.0,0.0,0.0
372,42,,1,1.0,2,3,8,0.0,0.0,0.0
372,487,,1,1.0,2,3,6,0.0,0.0,0.0
373,42,,1,1.0,2,3,8,0.0,0.0,0.0
373,487,,1,1.0,2,3,7,0.0,0.0,0.0
379,42,,1,1.0,2,3,8,0.0,0.0,0.0
379,487,,1,1.0,2,3,6,0.0,0.0,0.0
380,42,,2,2.0,2,3,8,0.0,0.0,0.0
380,69,,2,2.0,2,3,8,0.0,0.0,0.0
380,223,,1,3.0,2,3,7,3.789801,18.939817,31.277282
380,223,,2,3.0,2,3,7,3.789801,18.939817,33.283685
380,223,,5,3.0,2,3,7,7.579602,37.879635,68.288054
380,485,,2,2.0,2,3,7,3.621668,22.931107,41.776663
380,487,,1,1.0,2,3,7,0.0,0.0,0.0
380,487,,2,2.0,2,3,7,1.693579,10.723137,19.485953
380,489,,2,2.0,2,3,7,7.242761,45.858574,81.711828
391,221,,1,3.0,2,3,5,0.892489,2.697819,2.422484
391,223,,3,3.0,2,3,6,0.0,0.0,0.0
391,399,,3,3.0,2,3,7,0.0,0.0,0.0
391,482,,3,3.0,2,3,6,1.20081,6.488555,9.516432
391,487,,1,1.0,2,3,6,0.028114,0.190748,0.264855
391,487,,2,2.0,2,3,6,0.0,0.0,0.0
391,489,,1,1.0,2,3,6,0.0,0.0,0.0
391,489,,2,2.0,2,3,6,0.0,0.0,0.0
392,221,,2,3.0,2,3,6,1.535073,4.640222,5.278627
392,223,,2,3.0,2,3,6,0.0,0.0,0.0
392,399,,2,3.0,2,3,2,0.0,0.0,0.0
392,482,,2,3.0,2,3,6,2.065383,11.16025,14.207874
392,487,,1,1.0,2,3,7,0.048356,0.328084,0.524332
392,487,,2,2.0,2,3,7,0.0,0.0,0.0
392,489,,1,1.0,2,3,7,0.0,0.0,0.0
392,489,,2,2.0,2,3,7,0.0,0.0,0.0
393,221,,1,3.0,2,3,5,0.355551,1.074761,1.064357
393,221,,2,3.0,2,3,6,0.355551,1.074761,1.119818
393,221,,5,3.0,2,3,6,0.355551,1.074761,1.20137
393,223,,2,3.0,2,3,5,0.0,0.0,0.0
393,399,,2,3.0,2,3,2,0.0,0.0,0.0
393,482,,2,3.0,2,3,6,1.435142,7.754759,9.280607
393,487,,1,1.0,2,3,6,0.033601,0.227971,0.336267
393,487,,2,2.0,2,3,7,0.0,0.0,0.0
393,489,,1,1.0,2,3,6,0.0,0.0,0.0
393,489,,2,2.0,2,3,7,0.0,0.0,0.0
394,221,,5,3.0,2,3,5,0.405928,1.22704,1.197661
394,223,,5,3.0,2,3,5,0.0,0.0,0.0
394,399,,5,3.0,2,3,2,0.0,0.0,0.0
394,482,,5,3.0,2,3,6,0.546161,2.951169,3.35413
394,487,,1,1.0,2,3,6,0.012787,0.086757,0.124593
394,487,,2,2.0,2,3,6,0.0,0.0,0.0
394,489,,1,1.0,2,3,6,0.0,0.0,0.0
394,489,,2,2.0,2,3,6,0.0,0.0,0.0
399,221,,3,3.0,2,3,7,0.875911,2.647705,4.851578
399,223,,3,3.0,2,3,7,0.0,0.0,0.0
399,399,,1,3.0,2,3,1,0.0,0.0,0.0
399,399,,2,3.0,2,3,1,0.0,0.0,0.0
399,399,,3,3.0,2,3,1,0.0,0.0,0.0
399,482,,3,3.0,2,3,8,1.178505,6.368028,13.2148
399,487,,1,1.0,2,3,7,0.027592,0.187204,0.288278
399,487,,2,2.0,2,3,7,0.0,0.0,0.0
399,489,,1,1.0,2,3,6,0.0,0.0,0.0
399,489,,2,2.0,2,3,7,0.0,0.0,0.0
401,42,,2,2.0,2,3,6,0.16266,1.029907,1.194831
401,63,,2,2.0,2,3,7,0.0,0.0,0.0
401,69,,2,2.0,2,3,7,0.0,0.0,0.0
401,223,,5,3.0,2,3,4,2.012832,10.747025,7.847671
401,485,,2,2.0,2,3,5,2.00336,12.684559,10.463423
401,487,,2,2.0,2,3,4,4.488044,28.416691,17.98395
401,489,,2,2.0,2,3,4,10.16933,64.388565,39.689499
402,42,,2,2.0,2,3,6,0.149459,0.946323,1.177537
402,63,,2,2.0,2,3,7,0.0,0.0,0.0
402,69,,2,2.0,2,3,7,0.0,0.0,0.0
402,223,,3,3.0,2,3,5,1.849477,9.874833,9.22615
402,485,,2,2.0,2,3,5,1.840775,11.655127,10.160692
402,487,,2,2.0,2,3,4,4.12381,26.110491,18.989749
402,489,,2,2.0,2,3,4,9.344024,59.163021,41.406637
409,42,,2,2.0,2,3,6,0.088785,0.562158,0.612018
409,63,,2,2.0,2,3,7,0.0,0.0,0.0
409,69,,2,2.0,2,3,7,0.0,0.0,0.0
409,223,,2,3.0,2,3,5,1.098671,5.866087,4.4148
409,485,,2,2.0,2,3,4,1.093501,6.923657,5.126885
409,487,,2,2.0,2,3,4,2.449725,15.510783,10.473556
409,489,,2,2.0,2,3,4,5.550762,35.145439,22.373634
411,42,,2,2.0,2,3,7,0.0,0.0,0.0
411,63,,1,1.0,2,3,6,0.005335,0.036197,0.038512
411,69,,1,1.0,2,3,4,0.0,0.0,0.0
411,411,,2,3.0,2,3,1,3.321124,21.02817,0.681614
411,411,,3,3.0,2,3,1,3.321124,19.735353,0.724513
411,485,,1,1.0,2,3,7,0.0,0.0,0.0
411,487,,1,1.0,2,3,8,0.0,0.0,0.0
411,487,,2,2.0,2,3,8,0.017987,0.113887,0.292567
419,42,,2,2.0,2,3,7,0.0,0.0,0.0
419,63,,1,1.0,2,3,5,0.001705,0.011567,0.011094
419,69,,1,1.0,2,3,4,0.0,0.0,0.0
419,411,,1,3.0,2,3,2,2.122627,12.61344,2.264611
419,485,,1,1.0,2,3,7,0.0,0.0,0.0
419,487,,1,1.0,2,3,8,0.0,0.0,0.0
419,487,,2,2.0,2,3,8,0.005748,0.036394,0.088363
421,42,,1,1.0,2,3,8,0.494334,3.353925,8.195888
421,487,,1,1.0,2,3,7,0.0,0.0,0.0
422,42,,1,1.0,2,3,8,0.240315,1.630477,3.547497
422,487,,1,1.0,2,3,7,0.0,0.0,0.0
423,42,,1,1.0,2,3,8,0.071322,0.483903,1.177812
423,487,,1,1.0,2,3,7,0.0,0.0,0.0
429,42,,1,1.0,2,3,8,0.312599,2.120902,5.004948
429,487,,1,1.0,2,3,7,0.0,0.0,0.0
441,487,,1,1.0,2,3,8,0.0,0.0,0.0
451,63,,1,1.0,2,3,8,0.0,0.0,0.0
451,487,,1,1.0,2,3,6,0.0,0.0,0.0
452,63,,1,1.0,2,3,8,0.0,0.0,0.0
452,487,,1,1.0,2,3,6,0.0,0.0,0.0
459,63,,1,1.0,2,3,8,0.0,0.0,0.0
459,487,,1,1.0,2,3,6,0.0,0.0,0.0
460,42,,2,2.0,2,3,7,0.0,0.0,0.0
460,63,,2,2.0,2,3,8,0.0,0.0,0.0
460,69,,2,2.0,2,3,8,0.0,0.0,0.0
460,485,,2,2.0,2,3,6,7.972033,50.476063,73.921517
460,487,,1,1.0,2,3,6,0.0,0.0,0.0
460,487,,2,2.0,2,3,6,1.05654,6.689634,9.938485
460,489,,2,2.0,2,3,6,14.59111,92.385696,131.970628
471,69,,2,2.0,2,3,8,0.0,0.0,0.0
471,485,,2,2.0,2,3,6,0.009191,0.058193,0.066579
471,487,,1,1.0,2,3,5,0.006253,0.042428,0.037976
471,487,,2,2.0,2,3,5,0.0,0.0,0.0
472,69,,2,2.0,2,3,8,0.0,0.0,0.0
472,485,,2,2.0,2,3,6,0.01807,0.11441,0.158949
472,487,,1,1.0,2,3,6,0.012294,0.083415,0.092955
472,487,,2,2.0,2,3,6,0.0,0.0,0.0
473,69,,2,2.0,2,3,8,0.0,0.0,0.0
473,485,,2,2.0,2,3,7,0.007081,0.044833,0.070612
473,487,,1,1.0,2,3,6,0.004818,0.032687,0.041359
473,487,,2,2.0,2,3,6,0.0,0.0,0.0
479,69,,2,2.0,2,3,8,0.0,0.0,0.0
479,485,,2,2.0,2,3,6,0.01227,0.077688,0.109121
479,487,,1,1.0,2,3,6,0.008348,0.056641,0.061794
479,487,,2,2.0,2,3,6,0.0,0.0,0.0
481,42,,1,1.0,2,3,5,0.011478,0.077876,0.07251
481,42,,2,2.0,2,3,6,0.185594,1.175112,1.212768
481,63,,1,1.0,2,3,6,0.020207,0.137098,0.180966
481,63,,2,2.0,2,3,7,0.192774,1.220576,1.920398
481,69,,1,1.0,2,3,7,0.0,0.0,0.0
481,69,,2,2.0,2,3,7,0.0,0.0,0.0
481,132,,5,3.0,2,3,7,0.0,0.0,0.0
481,171,,4,4.0,2,3,5,0.0,0.0,0.0
481,223,,5,3.0,2,3,4,0.504306,3.003739,1.619627
481,350,,1,1.0,2,3,4,0.0,0.0,0.0
481,350,,2,2.0,2,3,5,0.0,0.0,0.0
481,481,,1,4.0,2,3,1,0.0,0.0,0.0
481,483,,5,3.0,2,3,2,1.715381,9.452023,2.249765
481,485,,1,1.0,2,3,4,0.308435,2.092651,1.231931
481,485,,2,2.0,2,3,4,3.856019,24.414934,16.686877
481,486,,1,3.0,2,3,2,7.613291,42.250767,7.423101
481,486,,5,5.0,2,3,2,0.0,0.0,0.0
481,487,,1,1.0,2,3,2,0.516121,3.50175,0.85546
481,487,,2,2.0,2,3,2,2.732506,17.30125,4.081748
481,488,,1,4.0,2,3,1,0.0,0.0,0.0
481,489,,1,1.0,2,3,3,13.06761,88.660339,28.776491
481,489,,2,2.0,2,3,3,0.941992,5.964356,2.213205
482,42,,1,1.0,2,3,6,0.001587,0.010769,0.01265
482,42,,2,2.0,2,3,6,0.025664,0.162492,0.202859
482,63,,1,1.0,2,3,7,0.002794,0.018958,0.029615
482,63,,2,2.0,2,3,7,0.026656,0.168779,0.324236
482,69,,1,1.0,2,3,8,0.0,0.0,0.0
482,69,,2,2.0,2,3,8,0.0,0.0,0.0
482,132,,2,3.0,2,3,6,0.0,0.0,0.0
482,223,,3,3.0,2,3,3,0.069734,0.415351,0.125869
482,350,,1,1.0,2,3,5,0.0,0.0,0.0
482,350,,2,2.0,2,3,5,0.0,0.0,0.0
482,483,,3,3.0,2,3,3,0.237199,1.307007,0.415023
482,485,,1,1.0,2,3,5,0.04265,0.289368,0.241334
482,485,,2,2.0,2,3,5,0.533203,3.376048,3.037964
482,486,,1,3.0,2,3,2,0.743118,4.124013,0.43612
482,486,,2,3.0,2,3,2,0.061927,0.343668,0.037171
482,486,,3,3.0,2,3,2,0.123853,0.687335,0.112381
482,486,,5,3.0,2,3,2,0.123853,0.687335,0.074376
482,487,,1,1.0,2,3,3,0.071368,0.484215,0.205177
482,487,,2,2.0,2,3,3,0.377846,2.392383,1.082209
482,489,,1,1.0,2,3,3,1.806964,12.259782,5.73655
482,489,,2,2.0,2,3,3,0.130257,0.824739,0.402601
483,42,,1,1.0,2,3,6,0.0018,0.012214,0.012631
483,42,,2,2.0,2,3,6,0.029109,0.184308,0.202576
483,63,,1,1.0,2,3,6,0.003169,0.021503,0.030625
483,63,,2,2.0,2,3,7,0.030235,0.191439,0.314027
483,69,,1,1.0,2,3,7,0.0,0.0,0.0
483,69,,2,2.0,2,3,7,0.0,0.0,0.0
483,132,,2,3.0,2,3,6,0.0,0.0,0.0
483,223,,3,3.0,2,3,4,0.079097,0.471116,0.309347
483,350,,1,1.0,2,3,5,0.0,0.0,0.0
483,350,,2,2.0,2,3,6,0.0,0.0,0.0
483,483,,1,3.0,2,3,1,0.134523,0.912702,0.019698
483,483,,2,3.0,2,3,1,0.0,0.0,0.0
483,483,,3,3.0,2,3,1,0.134523,0.741242,0.011778
483,485,,1,1.0,2,3,4,0.048376,0.328218,0.227474
483,485,,2,2.0,2,3,5,0.60479,3.829313,2.874813
483,486,,1,3.0,2,3,2,0.398031,2.208913,0.487984
483,486,,3,3.0,2,3,3,0.796061,4.417827,1.186631
483,487,,1,1.0,2,3,2,0.08095,0.549225,0.082653
483,487,,2,2.0,2,3,2,0.428575,2.713581,0.430031
483,489,,1,1.0,2,3,3,2.049565,13.905766,3.629645
483,489,,2,2.0,2,3,3,0.147745,0.935468,0.262821
484,42,,1,1.0,2,3,5,0.043651,0.29616,0.292865
484,42,,2,2.0,2,3,5,0.705804,4.468896,4.455698
484,63,,1,1.0,2,3,6,0.076845,0.521376,0.719011
484,63,,2,2.0,2,3,7,0.73311,4.641793,7.694827
484,69,,1,1.0,2,3,7,0.0,0.0,0.0
484,69,,2,2.0,2,3,7,0.0,0.0,0.0
484,132,,2,3.0,2,3,6,0.0,0.0,0.0
484,132,,5,3.0,2,3,7,0.0,0.0,0.0
484,171,,4,4.0,2,3,5,0.0,0.0,0.0
484,223,,5,3.0,2,3,4,1.917853,11.423075,6.009697
484,350,,1,1.0,2,3,4,0.0,0.0,0.0
484,350,,2,2.0,2,3,4,0.0,0.0,0.0
484,481,,1,4.0,2,3,2,0.0,0.0,0.0
484,483,,1,3.0,2,3,3,6.523512,35.945591,16.391793
484,485,,1,1.0,2,3,4,1.172963,7.958249,5.135274
484,485,,2,2.0,2,3,4,14.664252,92.848801,60.200841
484,486,,1,3.0,2,3,3,23.490154,130.361099,36.577189
484,486,,2,3.0,2,3,3,2.731413,15.158268,4.703573
484,486,,5,3.0,2,3,3,2.731413,15.158268,4.723995
484,486,,5,5.0,2,3,3,0.0,0.0,0.0
484,487,,1,1.0,2,3,3,1.962785,13.316987,6.096537
484,487,,2,2.0,2,3,3,10.39159,65.795837,30.886076
484,488,,1,4.0,2,3,3,0.002918,0.003995,0.001197
484,489,,1,1.0,2,3,3,49.695511,337.171143,155.162408
484,489,,2,2.0,2,3,3,3.58235,22.682159,10.767433
485,42,,1,1.0,2,3,3,0.001872,0.012702,0.005061
485,42,,2,2.0,2,3,3,0.030272,0.191672,0.075272
485,63,,1,1.0,2,3,5,0.003296,0.022362,0.017718
485,63,,2,2.0,2,3,5,0.031443,0.199088,0.185935
485,69,,1,1.0,2,3,6,0.0,0.0,0.0
485,69,,2,2.0,2,3,6,0.0,0.0,0.0
485,132,,5,3.0,2,3,8,0.0,0.0,0.0
485,223,,5,3.0,2,3,6,0.082257,0.489939,0.553721
485,350,,1,1.0,2,3,2,0.0,0.0,0.0
485,350,,2,2.0,2,3,3,0.0,0.0,0.0
485,483,,5,3.0,2,3,4,0.279795,1.541718,1.105335
485,485,,1,1.0,2,3,1,0.050309,0.341332,0.02184
485,485,,2,2.0,2,3,1,0.628955,3.982316,0.204212
485,486,,1,3.0,2,3,4,1.241803,6.891515,5.068116
485,487,,1,1.0,2,3,4,0.084184,0.57117,0.347856
485,487,,2,2.0,2,3,4,0.445699,2.822004,1.964549
485,489,,1,1.0,2,3,4,2.131456,14.461376,8.295583
485,489,,2,2.0,2,3,4,0.153648,0.972845,0.588031
486,42,,1,1.0,2,3,6,0.039019,0.264733,0.287186
486,42,,2,2.0,2,3,6,0.630907,3.994679,4.654369
486,63,,1,1.0,2,3,6,0.068691,0.46605,0.686965
486,63,,2,2.0,2,3,7,0.655316,4.149229,7.599166
486,69,,1,1.0,2,3,7,0.0,0.0,0.0
486,69,,2,2.0,2,3,8,0.0,0.0,0.0
486,132,,2,3.0,2,3,6,0.0,0.0,0.0
486,132,,5,3.0,2,3,7,0.0,0.0,0.0
486,171,,4,4.0,2,3,5,0.0,0.0,0.0
486,223,,3,3.0,2,3,3,1.71434,10.210915,5.015699
486,350,,1,1.0,2,3,5,0.0,0.0,0.0
486,350,,2,2.0,2,3,5,0.0,0.0,0.0
486,481,,1,4.0,2,3,2,0.0,0.0,0.0
486,483,,3,3.0,2,3,3,5.831269,32.131226,9.046041
486,485,,1,1.0,2,3,4,1.048494,7.11376,5.29769
486,485,,2,2.0,2,3,5,13.10816,82.996185,67.777084
486,486,,1,3.0,2,3,1,12.940318,87.7967,2.446966
486,486,,2,3.0,2,3,1,0.0,0.0,0.0
486,486,,3,3.0,2,3,1,12.940318,71.813667,3.162999
486,486,,5,5.0,2,3,1,0.0,0.0,0.0
486,487,,1,1.0,2,3,3,1.754504,11.903854,3.932417
486,487,,2,2.0,2,3,3,9.288886,58.813908,21.692751
486,488,,1,4.0,2,3,2,0.002439,0.003381,0.000712
486,489,,1,1.0,2,3,3,44.42207,301.392212,116.163441
486,489,,2,2.0,2,3,3,3.202209,20.275244,8.132118
487,42,,1,1.0,2,3,5,0.000563,0.00382,0.003657
487,42,,2,2.0,2,3,6,0.009105,0.057649,0.061879
487,63,,1,1.0,2,3,6,0.000991,0.006726,0.009005
487,63,,2,2.0,2,3,7,0.009457,0.059879,0.096687
487,69,,1,1.0,2,3,7,0.0,0.0,0.0
487,69,,2,2.0,2,3,7,0.0,0.0,0.0
487,132,,5,3.0,2,3,7,0.0,0.0,0.0
487,223,,5,3.0,2,3,4,0.02474,0.147357,0.104597
487,350,,1,1.0,2,3,5,0.0,0.0,0.0
487,350,,2,2.0,2,3,5,0.0,0.0,0.0
487,483,,5,3.0,2,3,2,0.084153,0.463697,0.073171
487,485,,1,1.0,2,3,4,0.015131,0.102661,0.063473
487,485,,2,2.0,2,3,4,0.189169,1.197748,0.868367
487,486,,1,3.0,2,3,3,0.373493,2.072738,0.683742
487,487,,1,1.0,2,3,1,0.02532,0.171789,0.003461
487,487,,2,2.0,2,3,1,0.134051,0.848765,0.025378
487,489,,1,1.0,2,3,3,0.641071,4.3495,1.117889
487,489,,2,2.0,2,3,3,0.046212,0.292599,0.132008
488,42,,1,1.0,2,3,5,0.00952,0.064589,0.057871
488,42,,2,2.0,2,3,5,0.153928,0.97462,0.933813
488,63,,1,1.0,2,3,6,0.016759,0.113707,0.145906
488,63,,2,2.0,2,3,6,0.159884,1.012327,1.51803
488,69,,1,1.0,2,3,7,0.0,0.0,0.0
488,69,,2,2.0,2,3,7,0.0,0.0,0.0
488,132,,5,3.0,2,3,7,0.0,0.0,0.0
488,171,,4,4.0,2,3,6,0.0,0.0,0.0
488,223,,5,3.0,2,3,4,0.418264,2.491254,1.41294
488,350,,1,1.0,2,3,4,0.0,0.0,0.0
488,350,,2,2.0,2,3,5,0.0,0.0,0.0
488,481,,1,4.0,2,3,1,0.0,0.0,0.0
488,483,,5,3.0,2,3,2,1.42271,7.839361,1.31016
488,485,,1,1.0,2,3,4,0.255811,1.735612,0.962391
488,485,,2,2.0,2,3,4,3.198122,20.249365,12.344001
488,486,,1,3.0,2,3,2,6.071486,33.694351,7.151345
488,486,,5,3.0,2,3,2,0.242859,1.347774,0.304524
488,486,,5,5.0,2,3,2,0.0,0.0,0.0
488,487,,1,1.0,2,3,2,0.428063,2.904296,0.514237
488,487,,2,2.0,2,3,2,2.266298,14.34939,2.402306
488,488,,1,4.0,2,3,1,0.0,0.0,0.0
488,489,,1,1.0,2,3,3,10.83808,73.533562,21.028471
488,489,,2,2.0,2,3,3,0.781273,4.946744,1.690827
489,42,,1,1.0,2,3,5,0.018428,0.125027,0.11125
489,42,,2,2.0,2,3,5,0.297962,1.886586,1.804692
489,63,,1,1.0,2,3,6,0.032441,0.220104,0.280061
489,63,,2,2.0,2,3,6,0.309489,1.959577,2.937623
489,69,,1,1.0,2,3,6,0.0,0.0,0.0
489,69,,2,2.0,2,3,7,0.0,0.0,0.0
489,132,,2,3.0,2,3,6,0.0,0.0,0.0
489,171,,4,4.0,2,3,5,0.0,0.0,0.0
489,223,,1,3.0,2,3,4,0.80964,4.822358,2.975836
489,350,,1,1.0,2,3,4,0.0,0.0,0.0
489,350,,2,2.0,2,3,4,0.0,0.0,0.0
489,481,,1,4.0,2,3,3,0.0,0.0,0.0
489,483,,3,3.0,2,3,2,2.753962,15.174769,2.568453
489,485,,1,1.0,2,3,4,0.495177,3.35965,1.911955
489,485,,2,2.0,2,3,4,6.190653,39.197002,23.726125
489,486,,1,3.0,2,3,3,9.821871,54.507515,18.106867
489,486,,2,3.0,2,3,3,0.873055,4.845112,1.678956
489,486,,3,3.0,2,3,3,0.218264,1.211278,0.370146
489,486,,5,3.0,2,3,3,1.309583,7.267668,2.820663
489,486,,5,5.0,2,3,3,0.0,0.0,0.0
489,487,,1,1.0,2,3,3,0.828608,5.621891,2.160465
489,487,,2,2.0,2,3,3,4.386907,27.776327,13.000528
489,488,,1,4.0,2,3,3,0.002702,0.003711,0.001066
489,489,,1,1.0,2,3,3,20.979429,142.339981,55.474349
489,489,,2,2.0,2,3,3,1.512323,9.575489,4.141821
491,42,,1,1.0,2,3,5,0.0,0.0,0.0
491,63,,1,1.0,2,3,4,0.047003,0.318904,0.237763
491,63,,2,2.0,2,3,5,1.648936,10.440473,9.0304
491,69,,1,1.0,2,3,4,0.0,0.0,0.0
491,69,,2,2.0,2,3,5,0.0,0.0,0.0
491,489,,2,2.0,2,3,7,0.0,0.0,0.0
499,42,,1,1.0,2,3,4,0.0,0.0,0.0
499,63,,1,1.0,2,3,4,0.005411,0.036712,0.022198
499,63,,2,2.0,2,3,4,0.189824,1.201896,0.887487
499,69,,1,1.0,2,3,5,0.0,0.0,0.0
499,69,,2,2.0,2,3,5,0.0,0.0,0.0
499,489,,2,2.0,2,3,7,0.0,0.0,0.0
511,487,,1,1.0,2,3,7,0.003201,0.021716,0.036038
511,512,,1,3.0,2,3,1,0.0,0.0,0.0
511,512,,2,3.0,2,3,1,0.0,0.0,0.0
511,512,,5,3.0,2,3,1,0.0,0.0,0.0
512,487,,1,1.0,2,3,7,0.003069,0.020821,0.035576
512,512,,1,3.0,2,3,1,0.0,0.0,0.0
512,512,,2,3.0,2,3,1,0.0,0.0,0.0
512,512,,3,3.0,2,3,1,0.0,0.0,0.0
513,487,,1,1.0,2,3,7,0.010314,0.069975,0.118864
513,512,,1,3.0,2,3,2,0.0,0.0,0.0
513,512,,5,3.0,2,3,2,0.0,0.0,0.0
519,487,,1,1.0,2,3,7,0.003773,0.025598,0.039745
519,512,,1,3.0,2,3,2,0.0,0.0,0.0
519,512,,2,3.0,2,3,3,0.0,0.0,0.0
519,512,,5,3.0,2,3,3,0.0,0.0,0.0
531,63,,1,1.0,2,3,6,0.0,0.0,0.0
531,485,,2,2.0,2,3,8,0.348247,2.204973,4.492693
531,487,,1,1.0,2,3,8,0.0,0.0,0.0
531,487,,2,2.0,2,3,8,0.0,0.0,0.0
531,489,,2,2.0,2,3,8,0.0,0.0,0.0
532,63,,1,1.0,2,3,6,0.0,0.0,0.0
532,485,,2,2.0,2,3,7,0.022192,0.140514,0.2677
532,487,,1,1.0,2,3,8,0.0,0.0,0.0
532,487,,2,2.0,2,3,8,0.0,0.0,0.0
532,489,,2,2.0,2,3,8,0.0,0.0,0.0
539,63,,1,1.0,2,3,6,0.0,0.0,0.0
539,485,,2,2.0,2,3,8,0.070334,0.44533,0.933095
539,487,,1,1.0,2,3,8,0.0,0.0,0.0
539,487,,2,2.0,2,3,8,0.0,0.0,0.0
539,489,,2,2.0,2,3,8,0.0,0.0,0.0
551,42,,2,2.0,2,3,7,1.302188,8.244989,15.208211
551,69,,2,2.0,2,3,8,0.0,0.0,0.0
551,279,,3,3.0,2,3,5,0.0,0.0,0.0
551,485,,1,1.0,2,3,7,0.0,0.0,0.0
551,485,,2,2.0,2,3,7,0.0,0.0,0.0
551,487,,1,1.0,2,3,6,0.0,0.0,0.0
551,487,,2,2.0,2,3,6,0.0,0.0,0.0
551,489,,2,2.0,2,3,6,1.285555,8.139675,11.567499
559,42,,2,2.0,2,3,7,1.924363,12.184379,23.436947
559,69,,2,2.0,2,3,8,0.0,0.0,0.0
559,279,,3,3.0,2,3,5,0.0,0.0,0.0
559,485,,1,1.0,2,3,7,0.0,0.0,0.0
559,485,,2,2.0,2,3,7,0.0,0.0,0.0
559,487,,1,1.0,2,3,7,0.0,0.0,0.0
559,487,,2,2.0,2,3,7,0.0,0.0,0.0
559,489,,2,2.0,2,3,6,1.899783,12.028744,17.985345
11,12,,1,3.0,2,3,3,0.004837,0.006742,0.001693
11,12,,2,3.0,2,3,3,0.000806,0.001124,0.000315
11,12,,3,3.0,2,3,3,0.0,0.0,0.0
11,12,,5,3.0,2,3,3,0.0,0.0,0.0
11,122,,2,3.0,2,3,5,0.0,0.0,0.0
11,132,,1,3.0,2,3,3,0.001234,0.00141,0.000548
12,12,,1,3.0,2,3,1,0.002036,0.002838,6.5e-05
12,12,,2,3.0,2,3,1,0.0,0.0,0.0
12,12,,3,3.0,2,3,1,0.0,0.0,0.0
12,12,,5,3.0,2,3,1,0.0,0.0,0.0
12,122,,3,3.0,2,3,5,0.0,0.0,0.0
12,132,,1,3.0,2,3,4,0.0,0.0,0.0
19,12,,1,3.0,2,3,2,0.006811,0.009494,0.002174
19,12,,2,3.0,2,3,3,0.001703,0.002373,0.000672
19,12,,5,3.0,2,3,3,0.0,0.0,0.0
19,122,,2,3.0,2,3,5,0.0,0.0,0.0
19,132,,1,3.0,2,3,3,0.001831,0.002097,0.00078
19,132,,2,3.0,2,3,3,0.0,0.0,0.0
19,451,,1,3.0,2,3,3,0.0,0.0,0.0
20,12,,5,3.0,2,3,8,0.0,0.0,0.0
20,223,,3,3.0,2,3,8,0.966709,6.614201,50.083414
41,61,,1,3.0,2,3,3,0.677633,1.920306,0.745071
41,61,,2,3.0,2,3,4,0.0,0.0,0.0
41,61,,5,3.0,2,3,4,0.0,0.0,0.0
41,121,,2,3.0,2,3,8,0.0,0.0,0.0
41,122,,1,3.0,2,3,8,0.009525,0.016531,0.039098
41,122,,4,4.0,2,3,7,0.0,0.0,0.0
41,132,,5,3.0,2,3,8,0.0,0.0,0.0
41,223,,2,3.0,2,3,7,0.0,0.0,0.0
41,451,,5,3.0,2,3,8,0.0,0.0,0.0
42,61,,1,3.0,2,3,4,0.110242,0.31241,0.162661
42,122,,1,3.0,2,3,8,0.00155,0.002689,0.006087
42,122,,4,4.0,2,3,7,0.0,0.0,0.0
42,132,,5,3.0,2,3,8,0.0,0.0,0.0
42,223,,2,3.0,2,3,7,0.0,0.0,0.0
42,451,,5,3.0,2,3,8,0.0,0.0,0.0
49,61,,1,3.0,2,3,3,0.079845,0.22627,0.102722
49,122,,4,4.0,2,3,7,0.0,0.0,0.0
49,122,,5,3.0,2,3,8,0.001122,0.001948,0.004789
49,132,,1,3.0,2,3,8,0.0,0.0,0.0
49,223,,2,3.0,2,3,7,0.0,0.0,0.0
49,451,,5,3.0,2,3,8,0.0,0.0,0.0
50,12,,1,3.0,2,3,3,1.084318,1.366256,0.668954
50,101,,2,3.0,2,3,6,0.515927,0.205664,0.251564
50,121,,1,3.0,2,3,5,0.022786,0.04089,0.034445
50,122,,1,3.0,2,3,6,1.459417,2.2351,2.623624
50,122,,4,4.0,2,3,5,0.0,0.0,0.0
50,122,,5,3.0,2,3,6,0.416976,0.6386,0.943516
50,131,,4,4.0,2,3,4,0.0,0.0,0.0
50,132,,1,3.0,2,3,5,4.268688,6.209813,4.833507
50,132,,2,3.0,2,3,5,0.0,0.0,0.0
50,132,,5,3.0,2,3,5,4.268742,6.209858,5.721471
50,221,,3,3.0,2,3,4,92.192162,229.799454,118.726372
50,223,,1,3.0,2,3,3,13.461279,61.701393,30.072907
50,223,,2,3.0,2,3,4,3.36532,15.425348,8.041611
50,223,,5,3.0,2,3,4,6.73064,30.850697,17.589321
50,451,,1,3.0,2,3,5,0.368609,0.244914,0.206785
50,451,,5,3.0,2,3,6,0.0,0.0,0.0
50,486,,1,3.0,2,3,4,1.272001,2.670013,1.366818
50,486,,2,3.0,2,3,4,0.0,0.0,0.0
50,486,,5,3.0,2,3,4,0.0,0.0,0.0
50,512,,3,3.0,2,3,8,0.115626,0.146083,0.348707
61,61,,1,3.0,2,3,1,2.203213,2.794833,0.13157
61,61,,1,4.0,2,3,1,0.003311,0.00028,1.3e-05
61,61,,2,3.0,2,3,1,0.191584,0.728034,0.057145
61,61,,3,3.0,2,3,1,0.095792,0.121514,0.006304
61,61,,5,3.0,2,3,1,0.191584,0.243029,0.019755
61,63,,3,3.0,2,3,2,0.001553,0.000535,7.2e-05
61,64,,1,3.0,2,3,3,0.950453,1.00178,0.401852
61,64,,5,3.0,2,3,3,0.316828,0.333929,0.161569
61,101,,2,3.0,2,3,8,0.0,0.0,0.0
61,111,,4,4.0,2,3,8,0.0,0.0,0.0
61,121,,2,3.0,2,3,8,0.0,0.0,0.0
61,122,,1,4.0,2,3,8,0.03102,0.011527,0.031628
61,122,,4,4.0,2,3,8,0.0,0.0,0.0
61,122,,5,3.0,2,3,8,0.010486,0.022293,0.062468
61,129,,2,3.0,2,3,8,0.005294,0.009917,0.026133
61,131,,1,4.0,2,3,8,0.01135,0.000961,0.002107
61,131,,4,4.0,2,3,7,0.0,0.0,0.0
61,132,,5,3.0,2,3,8,0.002671,0.001967,0.006383
61,223,,5,3.0,2,3,7,0.037644,0.231785,0.458028
61,341,,5,3.0,2,3,8,0.0,0.0,0.0
61,363,,2,3.0,2,3,8,0.0,0.0,0.0
61,371,,4,4.0,2,3,8,0.0,0.0,0.0
61,451,,2,3.0,2,3,8,0.0,0.0,0.0
61,451,,5,3.0,2,3,8,0.001577,0.000671,0.002191
61,486,,1,3.0,2,3,7,0.064227,0.092697,0.143221
61,486,,5,3.0,2,3,7,0.021409,0.030899,0.050516
61,512,,5,3.0,2,3,8,0.0,0.0,0.0
62,61,,1,3.0,2,3,3,0.30275,0.384047,0.160752
62,61,,4,4.0,2,3,3,0.0,0.0,0.0
62,63,,1,3.0,2,3,4,0.0,0.0,0.0
62,64,,1,3.0,2,3,2,0.143043,0.150768,0.015344
62,122,,1,4.0,2,3,8,0.003939,0.001424,0.004467
62,122,,4,4.0,2,3,8,0.0,0.0,0.0
62,122,,5,3.0,2,3,8,0.001184,0.002516,0.012419
62,129,,2,3.0,2,3,8,0.000598,0.001119,0.003431
62,131,,1,4.0,2,3,8,0.001238,0.000105,0.000264
62,131,,4,4.0,2,3,8,0.0,0.0,0.0
62,132,,2,3.0,2,3,8,0.0,0.0,0.0
62,223,,2,3.0,2,3,8,0.004249,0.026163,0.062572
62,363,,2,3.0,2,3,8,0.0,0.0,0.0
62,486,,1,3.0,2,3,7,0.009666,0.013951,0.027274
63,61,,1,3.0,2,3,2,0.521296,0.661278,0.083754
63,61,,1,4.0,2,3,2,0.0,0.0,0.0
63,61,,2,3.0,2,3,2,0.0,0.0,0.0
63,61,,5,3.0,2,3,2,0.0,0.0,0.0
63,63,,1,3.0,2,3,1,0.0,0.0,0.0
63,64,,1,3.0,2,3,3,0.246309,0.259604,0.128242
63,101,,2,3.0,2,3,8,0.0,0.0,0.0
63,122,,1,4.0,2,3,8,0.005861,0.002181,0.005827
63,122,,4,4.0,2,3,8,0.0,0.0,0.0
63,122,,5,3.0,2,3,8,0.002038,0.004333,0.021503
63,129,,2,3.0,2,3,8,0.001205,0.002257,0.006512
63,131,,1,4.0,2,3,8,0.004064,0.000344,0.000746
63,131,,4,4.0,2,3,7,0.0,0.0,0.0
63,132,,2,3.0,2,3,8,0.0,0.0,0.0
63,223,,1,3.0,2,3,7,0.007316,0.045049,0.081481
63,363,,2,3.0,2,3,8,0.0,0.0,0.0
63,363,,5,3.0,2,3,8,0.0,0.0,0.0
63,486,,1,3.0,2,3,6,0.016644,0.024022,0.03549
64,61,,1,3.0,2,3,3,1.682566,2.134378,0.825688
64,61,,1,4.0,2,3,3,0.003205,0.000272,0.000105
64,61,,3,3.0,2,3,3,0.841283,1.067189,0.50655
64,61,,4,4.0,2,3,3,0.0,0.0,0.0
64,61,,5,3.0,2,3,3,0.0,0.0,0.0
64,63,,3,3.0,2,3,4,0.002078,0.000715,0.000425
64,64,,1,3.0,2,3,1,1.192466,1.256862,0.052962
64,101,,2,3.0,2,3,8,0.0,0.0,0.0
64,111,,4,4.0,2,3,8,0.0,0.0,0.0
64,121,,2,3.0,2,3,8,0.0,0.0,0.0
64,122,,1,4.0,2,3,8,0.028657,0.01065,0.033105
64,122,,4,4.0,2,3,8,0.0,0.0,0.0
64,122,,5,3.0,2,3,8,0.009867,0.020977,0.10908
64,129,,2,3.0,2,3,8,0.004981,0.009332,0.028638
64,131,,1,4.0,2,3,8,0.011062,0.000937,0.002327
64,131,,4,4.0,2,3,8,0.0,0.0,0.0
64,132,,2,3.0,2,3,8,0.003495,0.00256,0.007918
64,223,,2,3.0,2,3,8,0.035422,0.218103,0.522607
64,341,,5,3.0,2,3,8,0.0,0.0,0.0
64,363,,2,3.0,2,3,8,0.0,0.0,0.0
64,363,,5,3.0,2,3,8,0.0,0.0,0.0
64,371,,4,4.0,2,3,8,0.0,0.0,0.0
64,451,,2,3.0,2,3,8,0.001484,0.000632,0.002001
64,486,,1,3.0,2,3,7,0.080581,0.116301,0.223675
64,512,,5,3.0,2,3,8,0.0,0.0,0.0
65,61,,1,3.0,2,3,3,0.059371,0.075313,0.019066
65,61,,1,4.0,2,3,3,0.0,0.0,0.0
65,61,,5,3.0,2,3,3,0.029685,0.037657,0.01156
65,63,,1,3.0,2,3,3,0.0,0.0,0.0
65,64,,1,3.0,2,3,2,0.031558,0.033262,0.005545
65,64,,2,3.0,2,3,2,0.010519,0.011087,0.002024
65,122,,1,4.0,2,3,8,0.001001,0.000373,0.001092
65,122,,2,3.0,2,3,8,0.0,0.0,0.0
65,122,,4,4.0,2,3,8,0.0,0.0,0.0
65,131,,4,4.0,2,3,8,0.0,0.0,0.0
65,223,,5,3.0,2,3,8,0.00125,0.007696,0.017123
65,363,,5,3.0,2,3,8,0.0,0.0,0.0
65,486,,1,3.0,2,3,7,0.002843,0.004104,0.007351
69,61,,1,3.0,2,3,3,0.361116,0.458085,0.137048
69,61,,1,4.0,2,3,3,0.0,0.0,0.0
69,61,,2,3.0,2,3,3,0.0,0.0,0.0
69,63,,1,3.0,2,3,3,0.0,0.0,0.0
69,64,,1,3.0,2,3,2,0.17062,0.179834,0.036512
69,64,,2,3.0,2,3,2,0.0,0.0,0.0
69,122,,1,4.0,2,3,8,0.005766,0.00205,0.006056
69,122,,2,3.0,2,3,8,0.000565,0.001201,0.003852
69,122,,4,4.0,2,3,8,0.0,0.0,0.0
69,122,,5,3.0,2,3,8,0.000847,0.001801,0.006696
69,129,,2,3.0,2,3,8,0.000713,0.001335,0.003865
69,131,,1,4.0,2,3,8,0.001478,0.000125,0.000295
69,131,,4,4.0,2,3,8,0.0,0.0,0.0
69,132,,2,3.0,2,3,8,0.0,0.0,0.0
69,223,,2,3.0,2,3,8,0.005068,0.031207,0.06919
69,363,,2,3.0,2,3,8,0.0,0.0,0.0
69,486,,1,3.0,2,3,7,0.01153,0.01664,0.029983
81,61,,5,3.0,2,3,6,0.540266,1.454397,1.824268
81,64,,1,3.0,2,3,6,0.062298,0.153074,0.193817
81,64,,2,3.0,2,3,6,0.015574,0.038268,0.052853
81,64,,5,3.0,2,3,6,0.015576,0.038269,0.052868
81,81,,1,4.0,2,3,1,0.003181,0.000269,4e-06
81,101,,2,3.0,2,3,7,0.0,0.0,0.0
81,121,,2,3.0,2,3,7,0.0,0.0,0.0
81,122,,1,3.0,2,3,8,0.027542,0.005178,0.011105
81,132,,5,3.0,2,3,7,0.175958,0.301979,0.56588
81,223,,2,3.0,2,3,6,0.0,0.0,0.0
81,241,,2,3.0,2,3,7,0.0,0.0,0.0
81,321,,1,4.0,2,3,5,0.031881,0.002701,0.002073
81,321,,4,4.0,2,3,4,0.0,0.0,0.0
81,363,,1,3.0,2,3,7,0.0,0.0,0.0
81,451,,5,3.0,2,3,8,0.167604,0.048288,0.13138
81,486,,5,3.0,2,3,6,0.054494,0.148362,0.157498
81,512,,1,3.0,2,3,7,0.0,0.0,0.0
81,512,,5,3.0,2,3,8,0.0,0.0,0.0
81,531,,5,3.0,2,3,7,0.0,0.0,0.0
89,61,,1,3.0,2,3,5,0.0,0.0,0.0
89,61,,2,3.0,2,3,6,0.190301,0.512291,0.628783
89,64,,1,3.0,2,3,6,0.021943,0.053918,0.064632
89,64,,2,3.0,2,3,6,0.010971,0.026959,0.037046
89,81,,1,4.0,2,3,2,0.00112,9.5e-05,1.6e-05
89,101,,2,3.0,2,3,7,0.0,0.0,0.0
89,121,,2,3.0,2,3,7,0.0,0.0,0.0
89,122,,1,3.0,2,3,8,0.009663,0.001773,0.00376
89,132,,5,3.0,2,3,8,0.061979,0.106368,0.22092
89,223,,2,3.0,2,3,6,0.0,0.0,0.0
89,241,,2,3.0,2,3,7,0.0,0.0,0.0
89,321,,1,4.0,2,3,4,0.01123,0.000951,0.000693
89,363,,1,3.0,2,3,7,0.0,0.0,0.0
89,451,,5,3.0,2,3,8,0.059091,0.017036,0.042354
89,486,,1,3.0,2,3,6,0.0,0.0,0.0
89,486,,2,3.0,2,3,6,0.019195,0.052259,0.059706
89,486,,5,3.0,2,3,6,0.0,0.0,0.0
89,512,,1,3.0,2,3,7,0.0,0.0,0.0
89,531,,1,3.0,2,3,6,0.0,0.0,0.0
91,122,,5,3.0,2,3,6,0.005925,0.021566,0.027073
91,241,,2,3.0,2,3,3,0.0,0.0,0.0
91,363,,1,3.0,2,3,2,0.008728,0.020522,0.002591
92,122,,1,3.0,2,3,6,0.010147,0.036935,0.052537
92,241,,1,3.0,2,3,3,0.0,0.0,0.0
92,363,,1,3.0,2,3,1,0.014948,0.035147,0.002813
99,122,,5,3.0,2,3,6,0.001207,0.004395,0.005473
99,241,,2,3.0,2,3,3,0.0,0.0,0.0
99,363,,1,3.0,2,3,2,0.001779,0.004182,0.000603
101,122,,2,3.0,2,3,6,0.0,0.0,0.0
101,223,,2,3.0,2,3,6,0.0,0.0,0.0
109,122,,2,3.0,2,3,6,0.0,0.0,0.0
109,223,,2,3.0,2,3,6,0.0,0.0,0.0
111,122,,2,3.0,2,3,6,0.0,0.0,0.0
111,512,,1,3.0,2,3,2,0.0,0.0,0.0
121,12,,2,3.0,2,3,3,0.0,0.0,0.0
121,63,,2,3.0,2,3,8,0.0,0.0,0.0
121,64,,2,3.0,2,3,8,0.0,0.0,0.0
121,101,,2,3.0,2,3,5,0.0,0.0,0.0
121,121,,1,3.0,2,3,1,0.038254,0.064318,0.002662
121,121,,2,3.0,2,3,1,0.003643,0.006126,0.000269
121,121,,5,3.0,2,3,1,0.005465,0.009188,0.000406
121,122,,1,3.0,2,3,3,0.80983,1.15444,0.368986
121,122,,1,4.0,2,3,3,0.0,0.0,0.0
121,122,,2,3.0,2,3,3,0.269943,0.384813,0.129096
121,122,,5,3.0,2,3,3,0.404915,0.57722,0.20339
121,132,,1,3.0,2,3,2,0.0,0.0,0.0
121,171,,2,3.0,2,3,6,0.0,0.0,0.0
121,223,,2,3.0,2,3,4,0.052336,0.134887,0.086847
121,341,,2,3.0,2,3,5,0.0,0.0,0.0
121,363,,2,3.0,2,3,6,0.001869,0.000801,0.000813
121,451,,2,3.0,2,3,3,0.0,0.0,0.0
121,486,,2,3.0,2,3,6,0.163547,0.414863,0.417145
121,512,,3,3.0,2,3,4,0.0,0.0,0.0
121,531,,2,3.0,2,3,8,0.0,0.0,0.0
122,12,,2,3.0,2,3,5,0.0,0.0,0.0
122,61,,2,3.0,2,3,8,0.0,0.0,0.0
122,63,,2,3.0,2,3,8,0.0,0.0,0.0
122,64,,2,3.0,2,3,8,0.0,0.0,0.0
122,101,,2,3.0,2,3,6,0.0,0.0,0.0
122,121,,1,3.0,2,3,3,0.172197,0.289374,0.094857
122,121,,2,3.0,2,3,3,0.013198,0.022191,0.007204
122,121,,5,3.0,2,3,3,0.013198,0.022191,0.007358
122,122,,1,3.0,2,3,1,2.068683,2.948978,0.114038
122,122,,1,4.0,2,3,1,0.001222,0.000428,1.7e-05
122,122,,2,3.0,2,3,1,2.068838,13.09914,0.648979
122,122,,3,3.0,2,3,1,2.068838,2.949183,0.135954
122,124,,1,3.0,2,3,2,0.0,0.0,0.0
122,129,,1,3.0,2,3,2,0.0,0.0,0.0
122,132,,1,3.0,2,3,3,0.002002,0.001193,0.000553
122,171,,2,3.0,2,3,6,0.0,0.0,0.0
122,223,,1,3.0,2,3,5,0.218768,0.563833,0.490219
122,230,,2,3.0,2,3,7,0.0,0.0,0.0
122,241,,2,3.0,2,3,6,0.002625,0.001339,0.001564
122,341,,2,3.0,2,3,6,0.0,0.0,0.0
122,363,,3,3.0,2,3,6,0.007806,0.003346,0.003783
122,371,,4,4.0,2,3,4,0.0,0.0,0.0
122,451,,1,3.0,2,3,4,0.003058,0.001084,0.000632
122,486,,3,3.0,2,3,6,0.683631,1.734141,2.015199
122,512,,3,3.0,2,3,5,0.0,0.0,0.0
122,531,,2,3.0,2,3,8,0.0,0.0,0.0
123,12,,2,3.0,2,3,4,0.0,0.0,0.0
123,61,,2,3.0,2,3,8,0.0,0.0,0.0
123,63,,2,3.0,2,3,8,0.0,0.0,0.0
123,64,,2,3.0,2,3,8,0.0,0.0,0.0
123,101,,2,3.0,2,3,5,0.0,0.0,0.0
123,121,,1,3.0,2,3,2,0.09394,0.157803,0.019872
123,122,,1,3.0,2,3,2,2.926142,4.171314,0.965082
123,122,,1,4.0,2,3,2,0.0,0.0,0.0
123,122,,2,3.0,2,3,3,0.0,0.0,0.0
123,132,,1,3.0,2,3,3,0.0,0.0,0.0
123,132,,5,3.0,2,3,3,0.0,0.0,0.0
123,171,,2,3.0,2,3,6,0.0,0.0,0.0
123,223,,2,3.0,2,3,4,0.103149,0.265846,0.198189
123,241,,2,3.0,2,3,5,0.001238,0.000631,0.000578
123,341,,2,3.0,2,3,6,0.0,0.0,0.0
123,363,,2,3.0,2,3,6,0.003681,0.001578,0.001764
123,451,,1,3.0,2,3,3,0.001474,0.000531,0.0002
123,486,,2,3.0,2,3,6,0.322331,0.817644,0.905328
123,512,,2,3.0,2,3,5,0.0,0.0,0.0
123,531,,2,3.0,2,3,8,0.0,0.0,0.0
124,12,,2,3.0,2,3,4,0.0,0.0,0.0
124,61,,2,3.0,2,3,8,0.0,0.0,0.0
124,63,,2,3.0,2,3,8,0.0,0.0,0.0
124,64,,2,3.0,2,3,8,0.0,0.0,0.0
124,101,,2,3.0,2,3,6,0.0,0.0,0.0
124,121,,1,3.0,2,3,2,0.093076,0.156494,0.03146
124,122,,1,3.0,2,3,3,2.610742,3.722176,0.942726
124,122,,1,4.0,2,3,3,0.0,0.0,0.0
124,122,,5,3.0,2,3,3,0.30713,0.437825,0.120014
124,132,,1,3.0,2,3,3,0.0,0.0,0.0
124,171,,2,3.0,2,3,6,0.0,0.0,0.0
124,223,,2,3.0,2,3,5,0.102852,0.265083,0.211505
124,241,,2,3.0,2,3,5,0.001234,0.00063,0.000619
124,341,,2,3.0,2,3,6,0.0,0.0,0.0
124,363,,2,3.0,2,3,6,0.00367,0.001573,0.001862
124,451,,2,3.0,2,3,3,0.001432,0.000507,0.00023
124,486,,2,3.0,2,3,6,0.321405,0.815296,0.945377
124,512,,2,3.0,2,3,5,0.0,0.0,0.0
124,531,,2,3.0,2,3,8,0.0,0.0,0.0
129,12,,1,3.0,2,3,3,0.0,0.0,0.0
129,61,,2,3.0,2,3,8,0.0,0.0,0.0
129,63,,2,3.0,2,3,8,0.0,0.0,0.0
129,64,,2,3.0,2,3,8,0.0,0.0,0.0
129,101,,2,3.0,2,3,6,0.0,0.0,0.0
129,121,,1,3.0,2,3,2,0.096349,0.161997,0.037826
129,121,,5,3.0,2,3,3,0.026277,0.044181,0.012203
129,122,,1,3.0,2,3,2,3.569491,5.08843,1.259984
129,122,,1,4.0,2,3,2,0.0,0.0,0.0
129,122,,5,3.0,2,3,3,0.274576,0.391418,0.129838
129,124,,1,3.0,2,3,2,0.0,0.0,0.0
129,129,,1,3.0,2,3,2,0.0,0.0,0.0
129,132,,1,3.0,2,3,3,0.00124,0.000739,0.000263
129,171,,2,3.0,2,3,6,0.0,0.0,0.0
129,223,,1,3.0,2,3,4,0.135506,0.349242,0.212807
129,230,,2,3.0,2,3,7,0.0,0.0,0.0
129,241,,2,3.0,2,3,5,0.001626,0.00083,0.000821
129,341,,2,3.0,2,3,6,0.0,0.0,0.0
129,363,,2,3.0,2,3,6,0.004835,0.002073,0.002468
129,371,,4,4.0,2,3,3,0.0,0.0,0.0
129,451,,1,3.0,2,3,3,0.001886,0.000668,0.000313
129,451,,5,3.0,2,3,4,0.0,0.0,0.0
129,486,,5,3.0,2,3,5,0.423445,1.074138,0.987169
129,512,,2,3.0,2,3,5,0.0,0.0,0.0
129,531,,2,3.0,2,3,8,0.0,0.0,0.0
131,122,,1,3.0,2,3,4,0.078093,0.088288,0.058744
131,122,,4,4.0,2,3,4,0.0,0.0,0.0
131,122,,5,3.0,2,3,4,0.013016,0.014715,0.010853
131,132,,1,3.0,2,3,3,0.067693,0.073252,0.018941
131,132,,2,3.0,2,3,3,0.015043,0.016278,0.004893
131,132,,5,3.0,2,3,3,0.007521,0.008139,0.002463
131,139,,1,3.0,2,3,3,0.018049,0.054342,0.016355
131,139,,5,3.0,2,3,3,0.009025,0.027171,0.009211
131,451,,1,3.0,2,3,3,0.010705,0.007612,0.002432
131,512,,1,3.0,2,3,4,0.0,0.0,0.0
132,122,,1,3.0,2,3,3,0.004792,0.005418,0.002465
132,122,,4,4.0,2,3,3,0.0,0.0,0.0
132,132,,1,3.0,2,3,1,0.004748,0.005137,0.000176
132,132,,2,3.0,2,3,1,0.0,0.0,0.0
132,139,,2,3.0,2,3,2,0.001424,0.004288,0.000578
132,451,,1,3.0,2,3,2,0.0,0.0,0.0
139,122,,1,3.0,2,3,4,0.014299,0.016165,0.00882
139,122,,2,3.0,2,3,4,0.004085,0.004619,0.002806
139,122,,4,4.0,2,3,3,0.0,0.0,0.0
139,122,,5,3.0,2,3,4,0.004085,0.004619,0.002939
139,132,,1,3.0,2,3,2,0.020406,0.022081,0.004083
139,132,,2,3.0,2,3,2,0.002499,0.002616,0.000539
139,132,,5,3.0,2,3,2,0.0,0.0,0.0
139,139,,1,3.0,2,3,2,0.006677,0.020103,0.003797
139,451,,1,3.0,2,3,3,0.00262,0.001863,0.000506
151,121,,5,3.0,2,3,8,0.0,0.0,0.0
151,122,,4,4.0,2,3,8,8.25034,0.742984,3.601457
151,151,,1,3.0,2,3,1,0.0,0.0,0.0
151,151,,1,4.0,2,3,1,0.0,0.0,0.0
151,261,,5,4.0,2,3,8,0.059071,0.418662,2.096927
151,471,,4,4.0,2,3,8,0.0,0.0,0.0
151,486,,4,4.0,2,3,8,0.0,0.0,0.0
151,486,,5,4.0,2,3,8,0.016227,0.049965,0.211958
159,121,,5,3.0,2,3,8,0.0,0.0,0.0
159,122,,4,4.0,2,3,8,2.871642,0.258605,1.242529
159,151,,3,3.0,2,3,2,0.0,0.0,0.0
159,151,,4,4.0,2,3,2,0.0,0.0,0.0
159,261,,5,4.0,2,3,8,0.020561,0.145721,0.741532
159,471,,4,4.0,2,3,8,0.0,0.0,0.0
159,486,,4,4.0,2,3,8,0.0,0.0,0.0
159,486,,5,4.0,2,3,8,0.00663,0.01862,0.080627
160,61,,2,3.0,2,3,6,0.0,0.0,0.0
160,64,,1,3.0,2,3,5,0.221168,0.018736,0.014404
160,64,,2,3.0,2,3,6,0.110584,0.021426,0.022347
160,122,,2,3.0,2,3,8,0.0,0.0,0.0
160,122,,4,4.0,2,3,8,0.0,0.0,0.0
160,223,,2,3.0,2,3,8,0.0,0.0,0.0
160,241,,2,3.0,2,3,8,0.071817,0.013915,0.034322
160,486,,2,3.0,2,3,8,0.0,0.0,0.0
160,531,,1,3.0,2,3,4,0.0,0.0,0.0
160,531,,2,3.0,2,3,4,0.0,0.0,0.0
171,12,,2,3.0,2,3,5,0.0,0.0,0.0
171,61,,2,3.0,2,3,8,0.031225,0.054272,0.119405
171,101,,2,3.0,2,3,5,0.154895,0.069383,0.059374
171,121,,1,3.0,2,3,6,0.547726,0.383937,0.422028
171,122,,1,3.0,2,3,6,0.100077,0.095024,0.133276
171,122,,4,4.0,2,3,6,0.221903,0.019983,0.023314
171,122,,5,3.0,2,3,6,0.014297,0.013575,0.020034
171,131,,4,4.0,2,3,4,0.0,0.0,0.0
171,132,,2,3.0,2,3,6,1.136077,0.5393,0.565844
171,151,,4,4.0,2,3,8,0.0,0.0,0.0
171,171,,1,3.0,2,3,1,2.025252,13.740807,0.358635
171,171,,1,4.0,2,3,1,0.262772,0.02226,0.000581
171,171,,3,3.0,2,3,1,2.025252,14.480848,0.286278
171,181,,2,3.0,2,3,1,0.003443,0.000826,4.7e-05
171,221,,2,3.0,2,3,5,0.0,0.0,0.0
171,223,,1,3.0,2,3,5,48.530132,319.989502,302.325486
171,223,,2,3.0,2,3,5,24.265066,159.994751,152.447944
171,223,,5,3.0,2,3,5,24.265066,159.994751,151.453822
171,241,,1,3.0,2,3,5,0.630887,0.101826,0.08128
171,241,,2,3.0,2,3,5,0.630887,0.122234,0.100843
171,341,,1,3.0,2,3,5,0.0,0.0,0.0
171,341,,5,3.0,2,3,5,0.003287,0.00255,0.002361
171,363,,1,3.0,2,3,5,0.329705,0.59659,0.513493
171,363,,5,3.0,2,3,5,0.329711,0.59659,0.564197
171,421,,1,3.0,2,3,5,0.0,0.0,0.0
171,421,,2,3.0,2,3,5,0.022059,0.037118,0.032276
171,451,,2,3.0,2,3,6,2.026148,1.001827,1.065917
171,484,,1,4.0,2,3,5,0.006807,0.00081,0.000797
171,486,,1,3.0,2,3,6,0.093401,0.161256,0.180537
171,486,,5,3.0,2,3,6,0.062268,0.107504,0.121105
171,512,,1,3.0,2,3,5,3.126474,2.989559,2.702666
171,512,,2,3.0,2,3,6,0.0,0.0,0.0
171,512,,5,3.0,2,3,6,0.781501,0.747369,0.750283
172,12,,2,3.0,2,3,5,0.0,0.0,0.0
172,61,,1,3.0,2,3,7,0.001078,0.001873,0.00355
172,61,,5,3.0,2,3,8,0.0,0.0,0.0
172,101,,2,3.0,2,3,6,0.005554,0.002516,0.002558
172,121,,1,3.0,2,3,5,0.018904,0.013251,0.012197
172,122,,1,3.0,2,3,6,0.003947,0.003748,0.004517
172,122,,1,4.0,2,3,6,0.007659,0.000649,0.000782
172,122,,4,4.0,2,3,6,0.0,0.0,0.0
172,132,,2,3.0,2,3,5,0.039276,0.018663,0.018066
172,151,,4,4.0,2,3,8,0.0,0.0,0.0
172,171,,1,4.0,2,3,3,0.009069,0.000768,0.000221
172,171,,5,3.0,2,3,3,0.139798,0.999574,0.280745
172,221,,2,3.0,2,3,4,0.0,0.0,0.0
172,223,,3,3.0,2,3,6,3.349904,22.088013,22.447817
172,241,,2,3.0,2,3,5,0.043548,0.008437,0.008371
172,341,,2,3.0,2,3,6,0.0,0.0,0.0
172,363,,1,3.0,2,3,5,0.022759,0.041181,0.040922
172,421,,3,3.0,2,3,8,0.000914,0.001538,0.004215
172,451,,5,3.0,2,3,6,0.06993,0.034577,0.034844
172,486,,1,3.0,2,3,5,0.005373,0.009276,0.008183
172,512,,1,3.0,2,3,5,0.134896,0.129007,0.121503
172,512,,2,3.0,2,3,6,0.0,0.0,0.0
172,512,,5,3.0,2,3,6,0.0,0.0,0.0
179,12,,2,3.0,2,3,5,0.0,0.0,0.0
179,61,,1,3.0,2,3,7,0.004736,0.008231,0.016223
179,61,,2,3.0,2,3,8,0.000748,0.0013,0.002807
179,61,,5,3.0,2,3,8,0.000748,0.0013,0.002817
179,101,,2,3.0,2,3,5,0.03103,0.013877,0.0133
179,121,,1,3.0,2,3,5,0.095637,0.067038,0.065702
179,121,,2,3.0,2,3,6,0.013662,0.009577,0.010403
179,122,,1,3.0,2,3,6,0.022824,0.021671,0.027629
179,122,,1,4.0,2,3,6,0.045224,0.003831,0.004884
179,122,,4,4.0,2,3,6,0.0,0.0,0.0
179,131,,4,4.0,2,3,3,0.0,0.0,0.0
179,132,,2,3.0,2,3,6,0.226666,0.107589,0.109006
179,151,,4,4.0,2,3,8,0.0,0.0,0.0
179,171,,1,3.0,2,3,2,0.808285,5.779359,1.138189
179,171,,1,4.0,2,3,2,0.052437,0.004442,0.000875
179,221,,2,3.0,2,3,5,0.0,0.0,0.0
179,223,,1,3.0,2,3,5,12.912368,85.13932,68.972713
179,223,,5,3.0,2,3,5,6.456184,42.56966,40.039077
179,241,,1,3.0,2,3,5,0.251789,0.040639,0.032779
179,341,,1,3.0,2,3,5,0.0,0.0,0.0
179,341,,2,3.0,2,3,6,0.0,0.0,0.0
179,341,,5,3.0,2,3,6,0.0,0.0,0.0
179,363,,1,3.0,2,3,5,0.131586,0.238101,0.224094
179,421,,1,3.0,2,3,5,0.004402,0.007407,0.006569
179,451,,2,3.0,2,3,6,0.404322,0.199916,0.209615
179,484,,1,4.0,2,3,5,0.001593,0.00019,0.000161
179,486,,1,3.0,2,3,5,0.015532,0.026816,0.026499
179,486,,2,3.0,2,3,5,0.005177,0.008939,0.008716
179,486,,5,3.0,2,3,6,0.010355,0.017877,0.018199
179,512,,1,3.0,2,3,5,0.584874,0.559282,0.512907
179,512,,2,3.0,2,3,6,0.194938,0.186424,0.20048
179,512,,5,3.0,2,3,6,0.0,0.0,0.0
181,12,,2,3.0,2,3,5,0.0,0.0,0.0
181,61,,1,3.0,2,3,8,0.006012,0.009443,0.019367
181,61,,2,3.0,2,3,8,0.001002,0.001574,0.003582
181,61,,5,3.0,2,3,8,0.001002,0.001574,0.003585
181,101,,2,3.0,2,3,5,0.004729,0.006159,0.005016
181,121,,1,3.0,2,3,6,1.099986,0.243444,0.250501
181,122,,1,4.0,2,3,6,0.00395,0.000443,0.000596
181,122,,2,3.0,2,3,6,0.0,0.0,0.0
181,122,,4,4.0,2,3,6,0.0,0.0,0.0
181,131,,4,4.0,2,3,4,0.0,0.0,0.0
181,132,,2,3.0,2,3,6,0.029537,0.03521,0.0359
181,171,,1,4.0,2,3,1,0.0,0.0,0.0
181,171,,2,3.0,2,3,1,0.0,0.0,0.0
181,223,,2,3.0,2,3,5,0.051684,0.198986,0.194159
181,241,,1,3.0,2,3,4,0.057801,0.086811,0.062651
181,280,,2,3.0,2,3,5,0.005934,0.004967,0.004327
181,341,,1,3.0,2,3,5,0.001172,0.00295,0.002295
181,341,,2,3.0,2,3,5,0.0,0.0,0.0
181,341,,5,3.0,2,3,5,0.0,0.0,0.0
181,363,,1,3.0,2,3,5,0.638834,0.293666,0.236218
181,363,,1,4.0,2,3,5,0.0043,0.001257,0.001011
181,363,,4,4.0,2,3,4,0.0,0.0,0.0
181,421,,2,3.0,2,3,5,0.001135,0.002316,0.001913
181,451,,2,3.0,2,3,6,0.765862,0.284206,0.294162
181,512,,1,3.0,2,3,5,0.043426,0.031843,0.026754
181,512,,2,3.0,2,3,5,0.065296,0.047937,0.046912
182,12,,2,3.0,2,3,5,0.0,0.0,0.0
182,61,,1,3.0,2,3,8,0.020044,0.031483,0.06719
182,61,,2,3.0,2,3,8,0.002855,0.003442,0.007879
182,61,,5,3.0,2,3,8,0.012026,0.01889,0.043279
182,101,,1,3.0,2,3,4,0.019598,0.025412,0.01719
182,121,,1,3.0,2,3,5,4.675645,1.034793,0.929976
182,122,,1,4.0,2,3,6,0.016791,0.001883,0.002285
182,122,,2,3.0,2,3,6,0.0,0.0,0.0
182,122,,4,4.0,2,3,5,0.0,0.0,0.0
182,131,,1,4.0,2,3,4,0.002384,0.000202,0.000111
182,131,,4,4.0,2,3,3,0.0,0.0,0.0
182,132,,1,3.0,2,3,5,0.083844,0.099989,0.077951
182,132,,5,3.0,2,3,5,0.04185,0.049888,0.045134
182,171,,1,4.0,2,3,2,0.0,0.0,0.0
182,171,,2,3.0,2,3,3,0.0,0.0,0.0
182,223,,1,3.0,2,3,5,0.219689,0.845815,0.721982
182,241,,5,3.0,2,3,4,0.245692,0.369,0.273769
182,280,,5,3.0,2,3,5,0.025225,0.021112,0.018271
182,341,,1,3.0,2,3,4,0.000969,0.004484,0.003275
182,341,,5,3.0,2,3,5,0.001186,0.004547,0.003967
182,363,,1,3.0,2,3,4,2.715451,1.248268,0.936141
182,363,,1,4.0,2,3,4,0.018276,0.005342,0.004006
182,363,,4,4.0,2,3,4,0.0,0.0,0.0
182,363,,5,3.0,2,3,5,0.0,0.0,0.0
182,421,,1,3.0,2,3,4,0.004822,0.009841,0.006812
182,451,,5,3.0,2,3,5,3.255405,1.208056,1.129486
182,512,,1,3.0,2,3,4,0.293683,0.215344,0.156554
182,512,,5,3.0,2,3,5,0.167807,0.123049,0.106
183,12,,2,3.0,2,3,5,0.0,0.0,0.0
183,61,,1,3.0,2,3,8,0.006462,0.01015,0.022049
183,61,,5,3.0,2,3,8,0.001212,0.001903,0.004473
183,101,,1,3.0,2,3,4,0.004409,0.005721,0.0036
183,121,,1,3.0,2,3,5,1.052954,0.233035,0.226523
183,122,,1,4.0,2,3,6,0.003781,0.000424,0.000543
183,122,,2,3.0,2,3,6,0.0,0.0,0.0
183,122,,4,4.0,2,3,6,0.0,0.0,0.0
183,131,,4,4.0,2,3,4,0.0,0.0,0.0
183,132,,1,3.0,2,3,5,0.028274,0.033704,0.028432
183,171,,1,4.0,2,3,2,0.0,0.0,0.0
183,171,,2,3.0,2,3,2,0.0,0.0,0.0
183,223,,5,3.0,2,3,6,0.049474,0.190477,0.195363
183,241,,1,3.0,2,3,4,0.05533,0.083099,0.049493
183,280,,5,3.0,2,3,6,0.005681,0.004754,0.004837
183,341,,1,3.0,2,3,4,0.0,0.0,0.0
183,341,,2,3.0,2,3,4,0.0,0.0,0.0
183,341,,5,3.0,2,3,5,0.0,0.0,0.0
183,363,,1,3.0,2,3,4,0.611519,0.28111,0.191732
183,363,,1,4.0,2,3,4,0.004116,0.001203,0.000821
183,363,,2,3.0,2,3,5,0.0,0.0,0.0
183,363,,4,4.0,2,3,4,0.0,0.0,0.0
183,363,,5,3.0,2,3,5,0.0,0.0,0.0
183,421,,5,3.0,2,3,4,0.001086,0.002216,0.001563
183,451,,1,3.0,2,3,5,0.733116,0.272054,0.21282
183,512,,1,3.0,2,3,4,0.089077,0.065318,0.047781
183,512,,5,3.0,2,3,5,0.014846,0.010886,0.009354
189,12,,2,3.0,2,3,5,0.0,0.0,0.0
189,61,,1,3.0,2,3,8,0.029449,0.046255,0.097743
189,101,,1,3.0,2,3,4,0.01692,0.021954,0.01562
189,121,,1,3.0,2,3,5,4.040908,0.894316,0.797218
189,122,,1,4.0,2,3,6,0.014512,0.001628,0.001948
189,122,,2,3.0,2,3,6,0.0,0.0,0.0
189,122,,4,4.0,2,3,5,0.0,0.0,0.0
189,131,,1,4.0,2,3,4,0.003203,0.000271,0.000147
189,131,,4,4.0,2,3,3,0.0,0.0,0.0
189,132,,1,3.0,2,3,5,0.108505,0.129347,0.100283
189,171,,1,4.0,2,3,2,0.0,0.0,0.0
189,171,,2,3.0,2,3,3,0.0,0.0,0.0
189,223,,1,3.0,2,3,5,0.094933,0.365496,0.309764
189,223,,5,3.0,2,3,5,0.094933,0.365496,0.346668
189,241,,1,3.0,2,3,4,0.141559,0.212605,0.138222
189,241,,2,3.0,2,3,5,0.071408,0.106623,0.085389
189,280,,3,3.0,2,3,5,0.0218,0.018246,0.015327
189,341,,1,3.0,2,3,4,0.002024,0.004533,0.003394
189,341,,2,3.0,2,3,5,0.0,0.0,0.0
189,341,,5,3.0,2,3,5,0.000838,0.003875,0.003515
189,363,,1,3.0,2,3,5,2.346818,1.078811,0.837955
189,363,,1,4.0,2,3,5,0.015795,0.004617,0.003586
189,363,,4,4.0,2,3,4,0.0,0.0,0.0
189,421,,3,3.0,2,3,8,0.004167,0.008505,0.023266
189,451,,1,3.0,2,3,4,2.813495,1.044072,0.773434
189,512,,1,3.0,2,3,5,0.132941,0.097483,0.073243
189,512,,5,3.0,2,3,5,0.265882,0.194966,0.173554
190,12,,2,3.0,2,3,6,0.0,0.0,0.0
190,61,,1,3.0,2,3,7,0.196557,0.053216,0.0929
190,61,,2,3.0,2,3,7,0.057811,0.015652,0.030986
190,61,,5,3.0,2,3,7,0.046249,0.012521,0.024889
190,64,,1,3.0,2,3,7,0.0,0.0,0.0
190,64,,5,3.0,2,3,7,0.0,0.0,0.0
190,101,,2,3.0,2,3,6,0.047046,0.02224,0.026339
190,121,,1,3.0,2,3,6,2.707723,0.632771,0.831814
190,121,,2,3.0,2,3,6,0.541545,0.126554,0.180032
190,122,,1,3.0,2,3,7,0.018561,0.008925,0.014558
190,122,,1,4.0,2,3,7,3.267715,0.276818,0.451531
190,122,,4,4.0,2,3,6,0.0,0.0,0.0
190,122,,5,3.0,2,3,7,0.004553,0.002046,0.003978
190,131,,1,4.0,2,3,5,0.02056,0.001742,0.001661
190,131,,4,4.0,2,3,5,0.0,0.0,0.0
190,132,,2,3.0,2,3,6,0.0,0.0,0.0
190,171,,1,4.0,2,3,3,0.019319,0.006953,0.002494
190,221,,5,3.0,2,3,6,81.879021,469.629669,550.173598
190,223,,3,3.0,2,3,6,58.842224,351.340729,520.528782
190,241,,2,3.0,2,3,6,0.0,0.0,0.0
190,363,,1,3.0,2,3,6,0.238074,0.048949,0.058452
190,363,,1,4.0,2,3,6,0.035356,0.009473,0.011312
190,363,,2,3.0,2,3,6,0.238074,0.048949,0.062184
190,363,,4,4.0,2,3,6,0.0,0.0,0.0
190,421,,1,3.0,2,3,6,0.0,0.0,0.0
190,451,,1,3.0,2,3,6,0.271903,0.144714,0.175281
190,471,,1,4.0,2,3,4,0.006028,0.001769,0.001179
190,471,,4,4.0,2,3,4,0.0,0.0,0.0
190,482,,3,3.0,2,3,7,4.283513,21.263556,33.848952
190,486,,1,3.0,2,3,6,10.682952,36.00713,37.219856
190,512,,1,3.0,2,3,6,1.921266,0.528362,0.637659
190,512,,2,3.0,2,3,6,0.960622,0.264171,0.356218
190,512,,5,3.0,2,3,6,0.961048,0.264246,0.359294
201,61,,1,3.0,2,3,7,0.0,0.0,0.0
201,101,,2,3.0,2,3,6,0.016457,0.007951,0.010033
201,121,,2,3.0,2,3,6,0.0,0.0,0.0
201,122,,1,3.0,2,3,7,0.00155,0.000493,0.000743
201,132,,2,3.0,2,3,6,0.01744,0.025585,0.032734
201,221,,2,3.0,2,3,5,6.099832,26.480881,21.881451
201,223,,2,3.0,2,3,5,36.79324,181.007202,172.706815
201,363,,1,3.0,2,3,6,0.0,0.0,0.0
201,451,,2,3.0,2,3,6,0.21137,0.072426,0.101793
201,482,,1,3.0,2,3,4,3.271313,15.533873,11.508318
201,483,,2,3.0,2,3,5,5.294922,29.89813,27.653885
201,486,,1,3.0,2,3,5,39.773235,182.51268,141.971827
201,512,,1,3.0,2,3,6,0.210051,0.184076,0.218188
201,512,,5,3.0,2,3,6,0.034991,0.030671,0.04383
202,61,,5,3.0,2,3,7,0.0,0.0,0.0
202,101,,5,3.0,2,3,6,0.00901,0.004428,0.006558
202,121,,2,3.0,2,3,6,0.0,0.0,0.0
202,132,,5,3.0,2,3,6,0.00874,0.012817,0.017253
202,221,,5,3.0,2,3,5,3.04495,13.218882,11.045105
202,223,,5,3.0,2,3,5,18.366663,90.356239,82.072053
202,363,,1,3.0,2,3,6,0.0,0.0,0.0
202,451,,5,3.0,2,3,7,0.105513,0.036154,0.054278
202,482,,1,3.0,2,3,4,1.632993,7.75429,5.178505
202,483,,5,3.0,2,3,5,2.64315,14.924722,12.039681
202,486,,1,3.0,2,3,4,19.854237,91.10775,56.718309
202,512,,1,3.0,2,3,6,0.122284,0.107189,0.145339
209,61,,1,3.0,2,3,6,0.0,0.0,0.0
209,101,,2,3.0,2,3,7,0.010364,0.005007,0.007529
209,121,,2,3.0,2,3,6,0.0,0.0,0.0
209,132,,1,3.0,2,3,6,0.010957,0.016091,0.020223
209,221,,2,3.0,2,3,5,3.841519,16.676991,16.381492
209,223,,2,3.0,2,3,6,23.17145,113.993797,120.537246
209,363,,1,3.0,2,3,6,0.0,0.0,0.0
209,363,,2,3.0,2,3,7,0.0,0.0,0.0
209,451,,2,3.0,2,3,7,0.133157,0.045632,0.068468
209,482,,2,3.0,2,3,5,2.06019,9.782839,8.882243
209,483,,2,3.0,2,3,5,3.334608,18.829081,18.785309
209,486,,1,3.0,2,3,5,25.048176,114.941856,87.053403
209,512,,1,3.0,2,3,6,0.102843,0.090149,0.125172
209,512,,2,3.0,2,3,7,0.025709,0.022535,0.037445
209,512,,5,3.0,2,3,7,0.025709,0.022535,0.037671
211,61,,2,3.0,2,3,8,0.0,0.0,0.0
211,122,,1,3.0,2,3,6,0.001098,0.000303,0.00033
211,132,,2,3.0,2,3,5,0.0,0.0,0.0
211,221,,2,3.0,2,3,5,0.0,0.0,0.0
211,223,,3,3.0,2,3,6,0.169304,0.890788,1.160737
211,451,,1,3.0,2,3,4,0.003781,0.000705,0.00042
211,512,,1,3.0,2,3,4,0.0,0.0,0.0
211,512,,5,3.0,2,3,4,0.002165,0.003446,0.002438
212,61,,1,3.0,2,3,8,0.0,0.0,0.0
212,122,,1,3.0,2,3,6,0.003691,0.00102,0.001106
212,132,,1,3.0,2,3,4,0.002704,0.000884,0.000577
212,132,,2,3.0,2,3,4,0.0,0.0,0.0
212,132,,5,3.0,2,3,4,0.0,0.0,0.0
212,221,,2,3.0,2,3,5,0.0,0.0,0.0
212,223,,5,3.0,2,3,5,0.569422,2.996007,2.607971
212,451,,1,3.0,2,3,4,0.01048,0.002028,0.001205
212,451,,2,3.0,2,3,5,0.002543,0.000493,0.000389
212,451,,5,3.0,2,3,5,0.0,0.0,0.0
212,512,,1,3.0,2,3,4,0.00625,0.008888,0.005736
212,512,,2,3.0,2,3,5,0.0,0.0,0.0
212,512,,5,3.0,2,3,5,0.001908,0.002913,0.002354
219,61,,1,3.0,2,3,8,0.0,0.0,0.0
219,61,,2,3.0,2,3,8,0.0,0.0,0.0
219,61,,5,3.0,2,3,8,0.0,0.0,0.0
219,122,,1,3.0,2,3,5,0.004719,0.001303,0.001302
219,132,,1,3.0,2,3,4,0.003936,0.001415,0.000834
219,132,,2,3.0,2,3,4,0.0,0.0,0.0
219,132,,5,3.0,2,3,4,0.0,0.0,0.0
219,221,,2,3.0,2,3,5,0.0,0.0,0.0
219,223,,1,3.0,2,3,4,0.727873,3.829694,2.641196
219,223,,5,3.0,2,3,5,0.0,0.0,0.0
219,451,,1,3.0,2,3,4,0.016256,0.003032,0.001742
219,451,,2,3.0,2,3,4,0.0,0.0,0.0
219,451,,5,3.0,2,3,4,0.0,0.0,0.0
219,512,,1,3.0,2,3,4,0.009307,0.014814,0.009702
219,512,,2,3.0,2,3,5,0.0,0.0,0.0
219,512,,5,3.0,2,3,5,0.0,0.0,0.0
221,12,,1,3.0,2,3,2,0.0,0.0,0.0
221,61,,1,3.0,2,3,7,0.0,0.0,0.0
221,61,,2,3.0,2,3,7,0.0,0.0,0.0
221,61,,5,3.0,2,3,7,0.0,0.0,0.0
221,64,,1,3.0,2,3,8,0.0,0.0,0.0
221,121,,2,3.0,2,3,4,0.117419,0.265757,0.192577
221,122,,4,4.0,2,3,4,0.0,0.0,0.0
221,122,,5,3.0,2,3,6,0.028579,0.021754,0.022533
221,131,,4,4.0,2,3,3,0.0,0.0,0.0
221,132,,2,3.0,2,3,5,0.076731,0.050593,0.04237
221,221,,1,3.0,2,3,1,15.054906,102.143631,1.596265
221,221,,3,3.0,2,3,1,15.054906,65.750076,1.310581
221,222,,3,3.0,2,3,2,1.067397,3.402918,0.781449
221,223,,3,3.0,2,3,2,509.053284,3148.448242,369.265573
221,280,,3,3.0,2,3,3,0.558213,1.597949,0.418122
221,363,,3,3.0,2,3,8,0.0,0.0,0.0
221,451,,2,3.0,2,3,5,0.007206,0.006562,0.006205
221,486,,1,3.0,2,3,3,1.459351,3.11563,0.904573
221,512,,3,3.0,2,3,7,0.001207,0.001656,0.003087
222,12,,3,3.0,2,3,3,0.0,0.0,0.0
222,61,,1,3.0,2,3,7,0.0,0.0,0.0
222,61,,2,3.0,2,3,7,0.0,0.0,0.0
222,64,,1,3.0,2,3,8,0.0,0.0,0.0
222,121,,1,3.0,2,3,5,0.02669,0.060407,0.045545
222,122,,3,3.0,2,3,6,0.006496,0.004945,0.005491
222,122,,4,4.0,2,3,5,0.0,0.0,0.0
222,131,,4,4.0,2,3,4,0.0,0.0,0.0
222,132,,2,3.0,2,3,5,0.017441,0.0115,0.010984
222,221,,3,3.0,2,3,2,6.844042,29.890343,6.379399
222,222,,1,3.0,2,3,1,0.169836,0.803236,0.02459
222,222,,2,3.0,2,3,1,0.0,0.0,0.0
222,222,,3,3.0,2,3,1,0.072787,0.232048,0.009809
222,223,,1,3.0,2,3,2,115.709198,715.650818,146.727471
222,280,,3,3.0,2,3,3,0.126883,0.363218,0.143233
222,363,,2,3.0,2,3,7,0.0,0.0,0.0
222,451,,2,3.0,2,3,6,0.001638,0.001492,0.001587
222,486,,1,3.0,2,3,2,0.199029,0.424915,0.072855
222,486,,2,3.0,2,3,2,0.066343,0.141638,0.024141
222,486,,3,3.0,2,3,2,0.0,0.0,0.0
222,486,,5,3.0,2,3,2,0.066343,0.141638,0.024146
222,512,,3,3.0,2,3,7,0.0,0.0,0.0
223,12,,3,3.0,2,3,2,0.0,0.0,0.0
223,61,,1,3.0,2,3,7,0.0,0.0,0.0
223,61,,2,3.0,2,3,8,0.0,0.0,0.0
223,64,,1,3.0,2,3,8,0.0,0.0,0.0
223,121,,2,3.0,2,3,4,0.176079,0.398524,0.257071
223,122,,1,3.0,2,3,5,0.042856,0.032622,0.028237
223,122,,4,4.0,2,3,4,0.0,0.0,0.0
223,131,,4,4.0,2,3,3,0.0,0.0,0.0
223,132,,1,3.0,2,3,4,0.05798,0.038273,0.025046
223,132,,2,3.0,2,3,5,0.057533,0.037934,0.029227
223,221,,5,3.0,2,3,1,45.152142,197.195312,18.593783
223,222,,3,3.0,2,3,3,1.60065,5.102956,1.424979
223,223,,1,3.0,2,3,1,381.683655,2589.624512,95.9673
223,223,,2,3.0,2,3,1,0.0,0.0,0.0
223,223,,3,3.0,2,3,1,381.683655,2360.678467,88.743505
223,280,,3,3.0,2,3,2,0.837087,2.396255,0.566896
223,363,,5,3.0,2,3,7,0.0,0.0,0.0
223,451,,2,3.0,2,3,5,0.010806,0.00984,0.008549
223,486,,1,3.0,2,3,3,2.188418,4.672144,1.689152
223,512,,3,3.0,2,3,7,0.001951,0.002546,0.00445
229,12,,3,3.0,2,3,3,0.0,0.0,0.0
229,61,,1,3.0,2,3,7,0.0,0.0,0.0
229,61,,2,3.0,2,3,7,0.0,0.0,0.0
229,61,,5,3.0,2,3,7,0.0,0.0,0.0
229,64,,1,3.0,2,3,8,0.0,0.0,0.0
229,121,,1,3.0,2,3,4,0.189111,0.428018,0.317777
229,122,,1,3.0,2,3,6,0.046028,0.035037,0.036261
229,122,,4,4.0,2,3,5,0.0,0.0,0.0
229,131,,4,4.0,2,3,3,0.0,0.0,0.0
229,132,,1,3.0,2,3,5,0.031781,0.020987,0.016304
229,132,,2,3.0,2,3,5,0.061803,0.040752,0.036123
229,132,,5,3.0,2,3,6,0.031329,0.0207,0.024921
229,221,,3,3.0,2,3,2,48.493767,211.789352,49.199215
229,222,,3,3.0,2,3,3,1.719111,5.480616,1.721424
229,223,,1,3.0,2,3,2,819.862671,5070.775879,1096.527248
229,223,,3,3.0,2,3,3,0.0,0.0,0.0
229,280,,1,3.0,2,3,2,0.899038,2.573598,0.634855
229,363,,5,3.0,2,3,8,0.0,0.0,0.0
229,451,,2,3.0,2,3,6,0.012404,0.010624,0.010663
229,486,,1,3.0,2,3,3,1.410227,3.010752,0.830068
229,486,,2,3.0,2,3,3,0.470076,1.003584,0.272481
229,486,,5,3.0,2,3,3,0.470076,1.003584,0.294726
229,512,,3,3.0,2,3,8,0.001945,0.002666,0.00542
241,101,,2,3.0,2,3,1,0.003742,0.000964,7.1e-05
241,111,,1,4.0,2,3,1,0.0,0.0,0.0
241,122,,2,3.0,2,3,6,0.0,0.0,0.0
241,132,,2,3.0,2,3,4,0.0,0.0,0.0
241,241,,1,3.0,2,3,1,0.041935,0.076205,0.001971
241,241,,2,3.0,2,3,1,0.0,0.0,0.0
241,341,,1,3.0,2,3,2,0.0,0.0,0.0
241,363,,1,3.0,2,3,2,0.0,0.0,0.0
241,421,,1,3.0,2,3,2,0.0,0.0,0.0
241,451,,2,3.0,2,3,4,0.0,0.0,0.0
241,512,,2,3.0,2,3,3,0.319837,1.003632,0.271638
241,531,,2,3.0,2,3,8,0.0,0.0,0.0
242,101,,2,3.0,2,3,2,0.002646,0.000673,7.9e-05
242,111,,1,4.0,2,3,1,0.0,0.0,0.0
242,122,,2,3.0,2,3,6,0.0,0.0,0.0
242,132,,2,3.0,2,3,4,0.0,0.0,0.0
242,241,,1,3.0,2,3,1,0.030335,0.055126,0.002209
242,341,,1,3.0,2,3,2,0.0,0.0,0.0
242,363,,1,3.0,2,3,3,0.0,0.0,0.0
242,363,,5,3.0,2,3,3,0.0,0.0,0.0
242,451,,2,3.0,2,3,4,0.0,0.0,0.0
242,512,,2,3.0,2,3,2,0.231367,0.726017,0.156321
242,531,,2,3.0,2,3,8,0.0,0.0,0.0
249,122,,2,3.0,2,3,6,0.0,0.0,0.0
249,132,,2,3.0,2,3,5,0.0,0.0,0.0
249,241,,1,3.0,2,3,1,0.00655,0.011903,0.001085
249,363,,1,3.0,2,3,2,0.0,0.0,0.0
249,363,,5,3.0,2,3,3,0.0,0.0,0.0
249,512,,1,3.0,2,3,2,0.049957,0.156761,0.03459
249,531,,2,3.0,2,3,8,0.0,0.0,0.0
251,101,,2,3.0,2,3,3,0.0,0.0,0.0
251,122,,1,3.0,2,3,7,0.014657,0.030283,0.047568
251,363,,1,3.0,2,3,2,0.0,0.0,0.0
259,101,,1,3.0,2,3,3,0.0,0.0,0.0
259,122,,1,3.0,2,3,6,0.001009,0.002085,0.00311
259,363,,1,3.0,2,3,2,0.0,0.0,0.0
261,12,,2,3.0,2,3,6,0.0,0.0,0.0
261,61,,1,3.0,2,3,8,0.0,0.0,0.0
261,61,,2,3.0,2,3,8,0.0,0.0,0.0
261,61,,5,3.0,2,3,8,0.0,0.0,0.0
261,64,,2,3.0,2,3,8,0.041933,0.071576,0.18311
261,101,,1,3.0,2,3,4,0.002043,0.002847,0.001741
261,122,,2,3.0,2,3,6,0.0,0.0,0.0
261,122,,4,4.0,2,3,6,0.0,0.0,0.0
261,131,,1,4.0,2,3,4,0.002787,0.000236,0.000175
261,132,,2,3.0,2,3,5,0.0,0.0,0.0
261,241,,2,3.0,2,3,4,0.0,0.0,0.0
261,261,,1,3.0,2,3,1,0.0,0.0,0.0
261,363,,1,3.0,2,3,4,0.096213,0.167093,0.112639
261,363,,2,3.0,2,3,5,0.0,0.0,0.0
261,363,,5,3.0,2,3,5,0.0,0.0,0.0
261,421,,2,3.0,2,3,4,0.0,0.0,0.0
261,512,,1,3.0,2,3,4,0.030398,0.031592,0.023121
261,512,,2,3.0,2,3,5,0.003378,0.00351,0.002988
261,512,,5,3.0,2,3,5,0.004355,0.004179,0.003559
262,12,,2,3.0,2,3,6,0.0,0.0,0.0
262,61,,1,3.0,2,3,8,0.0,0.0,0.0
262,64,,1,3.0,2,3,8,0.010446,0.01783,0.0411
262,101,,2,3.0,2,3,5,0.0,0.0,0.0
262,122,,4,4.0,2,3,6,0.0,0.0,0.0
262,241,,2,3.0,2,3,5,0.0,0.0,0.0
262,261,,3,3.0,2,3,4,0.0,0.0,0.0
262,363,,1,3.0,2,3,5,0.023967,0.041624,0.033933
262,363,,5,3.0,2,3,5,0.0,0.0,0.0
262,421,,2,3.0,2,3,5,0.0,0.0,0.0
262,512,,1,3.0,2,3,5,0.006407,0.006659,0.005719
262,512,,5,3.0,2,3,5,0.002856,0.002968,0.002848
269,12,,2,3.0,2,3,6,0.0,0.0,0.0
269,61,,1,3.0,2,3,8,0.0,0.0,0.0
269,64,,2,3.0,2,3,8,0.016568,0.02828,0.0719
269,101,,2,3.0,2,3,5,0.0,0.0,0.0
269,122,,2,3.0,2,3,7,0.0,0.0,0.0
269,122,,4,4.0,2,3,6,0.0,0.0,0.0
269,132,,2,3.0,2,3,6,0.0,0.0,0.0
269,241,,2,3.0,2,3,5,0.0,0.0,0.0
269,261,,3,3.0,2,3,3,0.0,0.0,0.0
269,363,,1,3.0,2,3,5,0.028514,0.049515,0.039393
269,363,,2,3.0,2,3,5,0.009504,0.016505,0.015627
269,363,,5,3.0,2,3,5,0.0,0.0,0.0
269,421,,2,3.0,2,3,5,0.0,0.0,0.0
269,512,,1,3.0,2,3,5,0.014817,0.015397,0.013376
269,512,,2,3.0,2,3,5,0.0,0.0,0.0
269,512,,5,3.0,2,3,6,0.0,0.0,0.0
271,12,,2,3.0,2,3,6,0.0,0.0,0.0
271,61,,1,3.0,2,3,7,0.0,0.0,0.0
271,61,,2,3.0,2,3,8,0.0,0.0,0.0
271,61,,4,4.0,2,3,7,0.0,0.0,0.0
271,61,,5,3.0,2,3,8,0.0,0.0,0.0
271,101,,2,3.0,2,3,6,0.0,0.0,0.0
271,121,,1,3.0,2,3,7,0.326363,0.307957,0.462391
271,122,,1,3.0,2,3,7,0.029992,0.011598,0.020935
271,122,,4,4.0,2,3,6,0.0,0.0,0.0
271,131,,1,4.0,2,3,6,0.2309,0.039039,0.044521
271,131,,4,4.0,2,3,5,0.0,0.0,0.0
271,132,,2,3.0,2,3,6,0.039336,0.055552,0.081708
271,171,,4,4.0,2,3,3,0.0,0.0,0.0
271,221,,3,3.0,2,3,7,0.24391,1.215204,1.898722
271,223,,3,3.0,2,3,7,62.877182,357.343384,603.586627
271,241,,2,3.0,2,3,6,0.0,0.0,0.0
271,261,,2,3.0,2,3,5,0.0,0.0,0.0
271,279,,2,3.0,2,3,3,0.0,0.0,0.0
271,341,,1,3.0,2,3,6,0.0,0.0,0.0
271,363,,1,3.0,2,3,6,0.047602,0.037077,0.0502
271,421,,1,3.0,2,3,6,0.0,0.0,0.0
271,451,,2,3.0,2,3,6,0.079041,0.075185,0.112228
271,483,,3,3.0,2,3,8,0.0,0.0,0.0
271,486,,2,3.0,2,3,6,0.0,0.0,0.0
271,512,,1,3.0,2,3,6,1.077327,0.541494,0.752136
271,512,,5,3.0,2,3,6,0.489694,0.246133,0.358249
271,531,,5,3.0,2,3,7,0.0,0.0,0.0
271,532,,2,3.0,2,3,7,0.0,0.0,0.0
279,12,,2,3.0,2,3,6,0.0,0.0,0.0
279,61,,1,3.0,2,3,7,0.0,0.0,0.0
279,61,,2,3.0,2,3,8,0.0,0.0,0.0
279,61,,4,4.0,2,3,6,0.0,0.0,0.0
279,61,,5,3.0,2,3,8,0.0,0.0,0.0
279,121,,2,3.0,2,3,7,0.0843,0.079546,0.12979
279,122,,1,3.0,2,3,7,0.006198,0.002397,0.004475
279,122,,2,3.0,2,3,7,0.001549,0.000599,0.001193
279,122,,4,4.0,2,3,7,0.0,0.0,0.0
279,131,,1,4.0,2,3,6,0.059591,0.010086,0.01223
279,131,,4,4.0,2,3,5,0.0,0.0,0.0
279,132,,2,3.0,2,3,7,0.010156,0.014343,0.022452
279,171,,4,4.0,2,3,3,0.0,0.0,0.0
279,221,,2,3.0,2,3,6,0.063003,0.313891,0.437733
279,223,,1,3.0,2,3,6,16.241371,92.302902,120.991065
279,241,,2,3.0,2,3,6,0.0,0.0,0.0
279,279,,1,3.0,2,3,3,0.0,0.0,0.0
279,363,,1,3.0,2,3,6,0.0,0.0,0.0
279,363,,5,3.0,2,3,6,0.012296,0.009577,0.014195
279,421,,5,3.0,2,3,6,0.0,0.0,0.0
279,451,,2,3.0,2,3,7,0.020289,0.019345,0.030733
279,483,,2,3.0,2,3,7,0.0,0.0,0.0
279,486,,2,3.0,2,3,6,0.0,0.0,0.0
279,512,,1,3.0,2,3,6,0.314818,0.158236,0.229095
279,512,,2,3.0,2,3,7,0.044974,0.022605,0.035033
279,512,,5,3.0,2,3,7,0.044974,0.022605,0.035121
279,531,,2,3.0,2,3,7,0.0,0.0,0.0
279,532,,2,3.0,2,3,7,0.0,0.0,0.0
280,12,,1,3.0,2,3,2,0.088836,0.138197,0.030581
280,101,,2,3.0,2,3,6,0.0,0.0,0.0
280,121,,1,3.0,2,3,4,0.027003,0.044253,0.027163
280,121,,2,3.0,2,3,4,0.006751,0.011063,0.008241
280,122,,1,3.0,2,3,5,0.157933,0.189666,0.173976
280,132,,1,3.0,2,3,4,0.286504,0.209665,0.126176
280,132,,2,3.0,2,3,4,0.143252,0.104833,0.075027
280,223,,1,3.0,2,3,2,0.0,0.0,0.0
280,223,,2,3.0,2,3,2,0.0,0.0,0.0
280,223,,5,3.0,2,3,3,0.0,0.0,0.0
280,280,,1,3.0,2,3,2,0.0,0.0,0.0
280,363,,2,3.0,2,3,6,0.0,0.0,0.0
280,451,,1,3.0,2,3,4,0.021368,0.013746,0.009359
280,451,,2,3.0,2,3,5,0.021703,0.013983,0.011772
280,486,,1,3.0,2,3,4,0.0,0.0,0.0
280,512,,3,3.0,2,3,8,0.0,0.0,0.0
291,101,,1,3.0,2,3,6,0.001847,0.000354,0.000416
291,122,,1,4.0,2,3,6,0.134437,0.061902,0.092382
291,122,,2,3.0,2,3,7,0.0,0.0,0.0
291,122,,4,4.0,2,3,6,0.0,0.0,0.0
291,132,,2,3.0,2,3,6,0.003836,0.003963,0.005041
291,223,,2,3.0,2,3,5,1.392856,8.204221,7.491036
291,341,,1,3.0,2,3,6,0.015167,0.046635,0.05737
291,341,,5,3.0,2,3,6,0.014514,0.046445,0.061258
291,363,,1,3.0,2,3,6,0.0,0.0,0.0
291,363,,5,3.0,2,3,6,0.100811,0.191166,0.257196
291,451,,2,3.0,2,3,6,0.004725,0.003562,0.004969
291,471,,1,4.0,2,3,4,0.008402,0.000712,0.000367
291,486,,2,3.0,2,3,5,0.0,0.0,0.0
291,486,,4,4.0,2,3,4,0.0,0.0,0.0
291,512,,1,3.0,2,3,6,0.020769,0.013319,0.015725
291,512,,5,3.0,2,3,6,0.008307,0.005328,0.007645
292,12,,2,3.0,2,3,4,0.0,0.0,0.0
292,101,,2,3.0,2,3,6,0.004334,0.001079,0.001121
292,122,,1,4.0,2,3,6,0.266055,0.122506,0.149605
292,122,,2,3.0,2,3,6,0.0,0.0,0.0
292,122,,4,4.0,2,3,6,0.0,0.0,0.0
292,132,,2,3.0,2,3,5,0.006444,0.006159,0.005999
292,223,,1,3.0,2,3,4,2.756498,16.236366,11.101688
292,341,,1,3.0,2,3,6,0.057448,0.18383,0.184013
292,363,,1,3.0,2,3,6,0.199507,0.378323,0.386155
292,451,,2,3.0,2,3,6,0.009588,0.007227,0.007377
292,471,,1,4.0,2,3,3,0.016628,0.001409,0.000421
292,486,,2,3.0,2,3,5,0.0,0.0,0.0
292,486,,4,4.0,2,3,4,0.0,0.0,0.0
292,512,,1,3.0,2,3,5,0.038362,0.024602,0.02348
292,512,,2,3.0,2,3,6,0.0,0.0,0.0
292,512,,5,3.0,2,3,6,0.019181,0.012301,0.01342
299,12,,2,3.0,2,3,5,0.0,0.0,0.0
299,101,,1,3.0,2,3,6,0.001899,0.000355,0.000385
299,122,,1,4.0,2,3,6,0.137326,0.063233,0.082541
299,122,,2,3.0,2,3,6,0.0,0.0,0.0
299,122,,4,4.0,2,3,6,0.0,0.0,0.0
299,132,,1,3.0,2,3,5,0.003326,0.003179,0.00292
299,223,,5,3.0,2,3,5,1.42279,8.380538,7.523559
299,341,,1,3.0,2,3,6,0.014827,0.047443,0.054601
299,341,,2,3.0,2,3,6,0.014827,0.047443,0.060551
299,363,,1,3.0,2,3,6,0.102977,0.195275,0.227957
299,451,,2,3.0,2,3,6,0.004852,0.003653,0.004204
299,471,,1,4.0,2,3,3,0.008583,0.000727,0.000246
299,486,,2,3.0,2,3,5,0.0,0.0,0.0
299,486,,4,4.0,2,3,4,0.0,0.0,0.0
299,512,,1,3.0,2,3,6,0.019801,0.012698,0.013707
299,512,,2,3.0,2,3,6,0.0,0.0,0.0
299,512,,5,3.0,2,3,6,0.0099,0.006349,0.008069
300,512,,1,3.0,2,3,8,0.101369,0.106406,0.243826
300,531,,1,3.0,2,3,4,0.0,0.0,0.0
300,531,,2,3.0,2,3,5,0.0,0.0,0.0
311,12,,2,3.0,2,3,6,0.0,0.0,0.0
311,61,,1,3.0,2,3,7,0.0,0.0,0.0
311,61,,2,3.0,2,3,7,0.031626,0.049354,0.087529
311,61,,5,3.0,2,3,7,0.0,0.0,0.0
311,64,,1,3.0,2,3,7,0.0,0.0,0.0
311,64,,5,3.0,2,3,7,0.0,0.0,0.0
311,101,,2,3.0,2,3,6,0.01188,0.002626,0.003523
311,121,,2,3.0,2,3,6,0.0,0.0,0.0
311,122,,2,3.0,2,3,7,0.072328,0.029807,0.053625
311,122,,4,4.0,2,3,6,0.0,0.0,0.0
311,132,,2,3.0,2,3,6,0.042114,0.017864,0.02495
311,171,,4,4.0,2,3,3,0.0,0.0,0.0
311,221,,2,3.0,2,3,6,0.0,0.0,0.0
311,223,,2,3.0,2,3,6,0.666387,3.324097,3.867885
311,241,,1,3.0,2,3,6,0.137737,0.252586,0.310273
311,241,,2,3.0,2,3,6,0.137737,0.252586,0.32611
311,363,,1,3.0,2,3,6,0.124861,0.258252,0.343896
311,421,,2,3.0,2,3,6,0.0,0.0,0.0
311,451,,2,3.0,2,3,7,0.022703,0.008313,0.01253
311,486,,5,3.0,2,3,6,0.292494,0.035916,0.035964
311,512,,1,3.0,2,3,6,0.02864,0.01829,0.024463
311,512,,2,3.0,2,3,7,0.02864,0.01829,0.02745
311,512,,5,3.0,2,3,7,0.028947,0.01868,0.028055
319,12,,2,3.0,2,3,6,0.0,0.0,0.0
319,61,,1,3.0,2,3,6,0.019531,0.030478,0.04418
319,61,,2,3.0,2,3,7,0.00217,0.003386,0.005821
319,61,,5,3.0,2,3,7,0.00434,0.006773,0.011855
319,64,,1,3.0,2,3,7,0.0,0.0,0.0
319,101,,2,3.0,2,3,6,0.01004,0.002319,0.003398
319,121,,2,3.0,2,3,7,0.0,0.0,0.0
319,122,,1,3.0,2,3,7,0.059554,0.024543,0.043546
319,122,,4,4.0,2,3,6,0.0,0.0,0.0
319,132,,2,3.0,2,3,7,0.034539,0.014609,0.022083
319,171,,4,4.0,2,3,4,0.0,0.0,0.0
319,221,,2,3.0,2,3,6,0.0,0.0,0.0
319,223,,2,3.0,2,3,6,0.548701,2.73705,3.42751
319,241,,1,3.0,2,3,6,0.113412,0.207978,0.277834
319,241,,5,3.0,2,3,6,0.113412,0.207978,0.298246
319,363,,1,3.0,2,3,6,0.10281,0.212644,0.307219
319,363,,2,3.0,2,3,7,0.0,0.0,0.0
319,363,,5,3.0,2,3,7,0.0,0.0,0.0
319,421,,2,3.0,2,3,7,0.0,0.0,0.0
319,451,,1,3.0,2,3,6,0.018694,0.006845,0.00959
319,486,,1,3.0,2,3,5,0.240838,0.029573,0.027231
319,512,,1,3.0,2,3,6,0.028438,0.018226,0.026275
319,512,,5,3.0,2,3,7,0.042447,0.027108,0.04456
321,64,,2,3.0,2,3,4,0.0,0.0,0.0
321,451,,2,3.0,2,3,8,0.0,0.0,0.0
321,486,,4,4.0,2,3,6,0.0,0.0,0.0
321,512,,2,3.0,2,3,8,0.0,0.0,0.0
329,64,,1,3.0,2,3,3,0.0,0.0,0.0
329,451,,2,3.0,2,3,8,0.0,0.0,0.0
329,486,,4,4.0,2,3,6,0.0,0.0,0.0
329,512,,2,3.0,2,3,8,0.0,0.0,0.0
331,122,,2,3.0,2,3,7,0.0,0.0,0.0
339,122,,2,3.0,2,3,7,0.0,0.0,0.0
341,61,,5,3.0,2,3,8,0.0,0.0,0.0
341,64,,5,3.0,2,3,8,0.0,0.0,0.0
341,101,,2,3.0,2,3,2,0.382104,0.166939,0.021259
341,111,,1,4.0,2,3,2,0.001982,0.000268,6.3e-05
341,121,,2,3.0,2,3,6,0.0,0.0,0.0
341,122,,1,3.0,2,3,6,0.03544,0.093427,0.121753
341,131,,1,4.0,2,3,5,0.005306,0.000449,0.000389
341,132,,2,3.0,2,3,5,0.056121,0.063537,0.053135
341,212,,1,4.0,2,3,5,0.003288,0.019067,0.014395
341,222,,1,3.0,2,3,6,0.078528,0.191765,0.284115
341,341,,1,3.0,2,3,1,0.0,0.0,0.0
341,341,,2,3.0,2,3,1,0.0,0.0,0.0
341,341,,3,3.0,2,3,2,0.0,0.0,0.0
341,363,,1,3.0,2,3,1,0.039158,0.088211,0.003434
341,363,,1,4.0,2,3,1,0.0,0.0,0.0
341,451,,2,3.0,2,3,4,0.172576,0.168853,0.124047
341,486,,1,3.0,2,3,7,0.0,0.0,0.0
341,512,,1,3.0,2,3,3,0.070033,0.091047,0.034528
342,61,,5,3.0,2,3,8,0.0,0.0,0.0
342,64,,2,3.0,2,3,8,0.0,0.0,0.0
342,101,,1,3.0,2,3,1,0.064523,0.028537,0.001306
342,122,,1,3.0,2,3,6,0.006915,0.015966,0.018857
342,132,,2,3.0,2,3,5,0.009139,0.010425,0.008118
342,212,,1,4.0,2,3,4,0.000551,0.003195,0.002292
342,222,,3,3.0,2,3,8,0.013159,0.032134,0.068128
342,341,,1,3.0,2,3,1,0.0,0.0,0.0
342,341,,5,3.0,2,3,1,0.0,0.0,0.0
342,363,,1,3.0,2,3,2,0.005965,0.013438,0.001415
342,363,,1,4.0,2,3,2,0.0,0.0,0.0
342,363,,5,3.0,2,3,2,0.000597,0.001344,0.000151
342,451,,2,3.0,2,3,4,0.028919,0.028295,0.019145
342,486,,1,3.0,2,3,7,0.0,0.0,0.0
342,512,,3,3.0,2,3,3,0.01174,0.015259,0.004544
350,61,,1,3.0,2,3,5,0.566059,0.978871,0.837034
350,61,,2,3.0,2,3,5,0.0,0.0,0.0
350,61,,5,3.0,2,3,5,0.0,0.0,0.0
350,486,,1,3.0,2,3,5,0.012472,0.022001,0.017857
361,101,,1,3.0,2,3,3,0.0,0.0,0.0
361,122,,1,3.0,2,3,6,0.003404,0.002621,0.003889
361,171,,2,3.0,2,3,5,0.0,0.0,0.0
361,223,,2,3.0,2,3,7,0.0,0.0,0.0
361,341,,1,3.0,2,3,2,0.0,0.0,0.0
361,363,,1,3.0,2,3,2,0.03016,0.04691,0.008014
362,101,,2,3.0,2,3,3,0.0,0.0,0.0
362,122,,1,3.0,2,3,6,0.00436,0.003007,0.004192
362,171,,2,3.0,2,3,4,0.0,0.0,0.0
362,223,,2,3.0,2,3,6,0.0,0.0,0.0
362,341,,1,3.0,2,3,3,0.0,0.0,0.0
362,341,,5,3.0,2,3,3,0.0,0.0,0.0
362,363,,1,3.0,2,3,3,0.031773,0.04942,0.019193
363,101,,1,3.0,2,3,2,0.0,0.0,0.0
363,122,,1,3.0,2,3,6,0.070118,0.053986,0.071879
363,171,,2,3.0,2,3,5,0.0,0.0,0.0
363,223,,2,3.0,2,3,6,0.0,0.0,0.0
363,341,,1,3.0,2,3,1,0.011307,0.003936,0.000196
363,363,,1,3.0,2,3,1,0.621204,0.966207,0.022152
363,363,,5,3.0,2,3,1,0.0,0.0,0.0
363,421,,3,3.0,2,3,3,0.0,0.0,0.0
363,512,,3,3.0,2,3,3,0.0,0.0,0.0
364,101,,2,3.0,2,3,3,0.0,0.0,0.0
364,122,,1,3.0,2,3,6,0.003505,0.002699,0.003793
364,171,,2,3.0,2,3,4,0.0,0.0,0.0
364,223,,2,3.0,2,3,6,0.0,0.0,0.0
364,341,,1,3.0,2,3,3,0.0,0.0,0.0
364,341,,5,3.0,2,3,3,0.0,0.0,0.0
364,363,,1,3.0,2,3,3,0.031053,0.048299,0.015916
364,363,,5,3.0,2,3,3,0.0,0.0,0.0
369,101,,1,3.0,2,3,3,0.0,0.0,0.0
369,122,,1,3.0,2,3,6,0.005471,0.004212,0.005966
369,171,,2,3.0,2,3,5,0.0,0.0,0.0
369,223,,2,3.0,2,3,7,0.0,0.0,0.0
369,341,,1,3.0,2,3,2,0.0,0.0,0.0
369,341,,5,3.0,2,3,3,0.0,0.0,0.0
369,363,,1,3.0,2,3,3,0.04847,0.075385,0.019318
369,363,,5,3.0,2,3,3,0.0,0.0,0.0
369,421,,2,3.0,2,3,3,0.0,0.0,0.0
371,61,,2,3.0,2,3,8,0.0,0.0,0.0
371,101,,1,3.0,2,3,4,0.0,0.0,0.0
371,122,,1,3.0,2,3,4,0.00289,0.001583,0.001128
371,132,,1,3.0,2,3,3,0.002142,0.00156,0.000417
371,363,,5,3.0,2,3,4,0.002312,0.000518,0.000319
371,379,,1,3.0,2,3,3,0.0,0.0,0.0
371,451,,1,3.0,2,3,2,0.008692,0.004875,0.001076
371,451,,2,3.0,2,3,3,0.001449,0.000812,0.000212
371,512,,1,3.0,2,3,3,0.002856,0.002143,0.000727
372,61,,2,3.0,2,3,8,0.0,0.0,0.0
372,101,,2,3.0,2,3,3,0.0,0.0,0.0
372,122,,1,3.0,2,3,5,0.001924,0.001338,0.001051
372,132,,1,3.0,2,3,3,0.0,0.0,0.0
372,363,,5,3.0,2,3,4,0.001063,0.000181,0.0001
372,379,,1,3.0,2,3,2,0.0,0.0,0.0
372,451,,1,3.0,2,3,3,0.005478,0.003072,0.000891
372,512,,1,3.0,2,3,3,0.001543,0.001158,0.000321
372,512,,5,3.0,2,3,3,0.0,0.0,0.0
373,61,,2,3.0,2,3,8,0.0,0.0,0.0
373,101,,2,3.0,2,3,3,0.0,0.0,0.0
373,122,,1,3.0,2,3,5,0.002495,0.001367,0.001067
373,132,,1,3.0,2,3,3,0.001416,0.000985,0.000331
373,363,,2,3.0,2,3,4,0.002155,0.000866,0.000509
373,379,,1,3.0,2,3,2,0.0,0.0,0.0
373,451,,1,3.0,2,3,3,0.008998,0.005029,0.001423
373,451,,5,3.0,2,3,3,0.0,0.0,0.0
373,512,,1,3.0,2,3,2,0.002465,0.00185,0.000368
379,61,,2,3.0,2,3,8,0.0,0.0,0.0
379,101,,2,3.0,2,3,3,0.0,0.0,0.0
379,122,,1,3.0,2,3,5,0.002397,0.001313,0.001019
379,132,,1,3.0,2,3,3,0.00136,0.000946,0.000313
379,132,,5,3.0,2,3,3,0.0,0.0,0.0
379,363,,2,3.0,2,3,4,0.001633,0.000316,0.000185
379,379,,1,3.0,2,3,2,0.0,0.0,0.0
379,379,,5,3.0,2,3,2,0.0,0.0,0.0
379,451,,1,3.0,2,3,3,0.008413,0.004718,0.001275
379,451,,5,3.0,2,3,3,0.0,0.0,0.0
379,512,,1,3.0,2,3,2,0.003586,0.002144,0.000492
379,512,,5,3.0,2,3,3,0.0,0.0,0.0
380,61,,2,3.0,2,3,8,0.0,0.0,0.0
380,121,,2,3.0,2,3,7,0.0,0.0,0.0
380,122,,1,4.0,2,3,8,0.005711,0.000745,0.001634
380,122,,2,3.0,2,3,8,0.0,0.0,0.0
380,171,,4,4.0,2,3,4,0.0,0.0,0.0
380,223,,1,3.0,2,3,7,11.896173,51.437233,84.943633
380,223,,2,3.0,2,3,7,11.896173,51.437233,90.392671
380,223,,5,3.0,2,3,7,23.792345,102.874466,185.458417
380,241,,2,3.0,2,3,7,0.0,0.0,0.0
380,341,,2,3.0,2,3,7,0.0,0.0,0.0
380,363,,1,3.0,2,3,7,0.0,0.0,0.0
380,483,,5,3.0,2,3,7,0.612246,2.383917,4.711758
380,486,,2,3.0,2,3,7,0.0,0.0,0.0
380,512,,2,3.0,2,3,7,0.119657,0.205153,0.377665
380,531,,1,3.0,2,3,6,0.0,0.0,0.0
380,531,,2,3.0,2,3,6,0.0,0.0,0.0
391,61,,1,3.0,2,3,8,0.0,0.0,0.0
391,61,,5,3.0,2,3,8,0.0,0.0,0.0
391,64,,2,3.0,2,3,8,0.0,0.0,0.0
391,64,,5,3.0,2,3,8,0.0,0.0,0.0
391,101,,1,3.0,2,3,4,0.011574,0.004806,0.00281
391,122,,1,3.0,2,3,6,0.016224,0.015229,0.017116
391,122,,4,4.0,2,3,5,0.0,0.0,0.0
391,129,,2,3.0,2,3,6,0.0,0.0,0.0
391,132,,2,3.0,2,3,5,0.002361,0.001122,0.000875
391,221,,1,3.0,2,3,5,0.0,0.0,0.0
391,223,,3,3.0,2,3,6,0.118822,0.679791,0.886917
391,241,,2,3.0,2,3,4,0.0,0.0,0.0
391,341,,1,3.0,2,3,4,0.015651,0.025814,0.016711
391,363,,1,3.0,2,3,4,0.032411,0.055088,0.036518
391,399,,3,3.0,2,3,7,0.0,0.0,0.0
391,421,,2,3.0,2,3,5,0.0,0.0,0.0
391,451,,2,3.0,2,3,5,0.002732,0.002133,0.001758
391,486,,2,3.0,2,3,6,0.0,0.0,0.0
391,512,,1,3.0,2,3,4,0.010674,0.00422,0.00264
391,512,,5,3.0,2,3,4,0.010674,0.00422,0.003134
391,531,,2,3.0,2,3,8,0.0,0.0,0.0
392,61,,2,3.0,2,3,8,0.0,0.0,0.0
392,61,,5,3.0,2,3,8,0.0,0.0,0.0
392,64,,2,3.0,2,3,8,0.0,0.0,0.0
392,101,,2,3.0,2,3,3,0.02066,0.00917,0.004527
392,122,,1,3.0,2,3,6,0.027905,0.026194,0.031771
392,122,,4,4.0,2,3,6,0.0,0.0,0.0
392,129,,2,3.0,2,3,6,0.0,0.0,0.0
392,132,,2,3.0,2,3,5,0.003778,0.001607,0.001501
392,221,,2,3.0,2,3,6,0.0,0.0,0.0
392,223,,2,3.0,2,3,6,0.204372,1.169234,1.328837
392,241,,2,3.0,2,3,3,0.0,0.0,0.0
392,341,,1,3.0,2,3,3,0.026574,0.043168,0.019453
392,363,,1,3.0,2,3,3,0.055746,0.09475,0.04615
392,399,,2,3.0,2,3,2,0.0,0.0,0.0
392,421,,2,3.0,2,3,4,0.0,0.0,0.0
392,451,,2,3.0,2,3,5,0.003647,0.002947,0.002744
392,486,,2,3.0,2,3,6,0.0,0.0,0.0
392,512,,1,3.0,2,3,4,0.036717,0.014516,0.008307
392,512,,2,3.0,2,3,4,0.0,0.0,0.0
392,512,,5,3.0,2,3,4,0.0,0.0,0.0
392,531,,2,3.0,2,3,8,0.0,0.0,0.0
393,61,,1,3.0,2,3,8,0.0,0.0,0.0
393,61,,5,3.0,2,3,8,0.0,0.0,0.0
393,64,,2,3.0,2,3,8,0.0,0.0,0.0
393,101,,2,3.0,2,3,4,0.014433,0.005896,0.003683
393,122,,1,3.0,2,3,6,0.01939,0.018201,0.020868
393,122,,4,4.0,2,3,5,0.0,0.0,0.0
393,129,,2,3.0,2,3,6,0.0,0.0,0.0
393,132,,1,3.0,2,3,4,0.003286,0.001511,0.001088
393,221,,1,3.0,2,3,5,0.0,0.0,0.0
393,221,,2,3.0,2,3,6,0.0,0.0,0.0
393,221,,5,3.0,2,3,6,0.0,0.0,0.0
393,223,,2,3.0,2,3,5,0.142009,0.812448,0.793384
393,241,,2,3.0,2,3,4,0.0,0.0,0.0
393,341,,1,3.0,2,3,4,0.019023,0.030159,0.016864
393,363,,1,3.0,2,3,4,0.038735,0.065838,0.038131
393,399,,2,3.0,2,3,2,0.0,0.0,0.0
393,421,,2,3.0,2,3,4,0.0,0.0,0.0
393,451,,1,3.0,2,3,4,0.003263,0.002305,0.001561
393,486,,2,3.0,2,3,6,0.0,0.0,0.0
393,512,,1,3.0,2,3,4,0.025513,0.010086,0.005685
393,512,,2,3.0,2,3,4,0.0,0.0,0.0
393,512,,5,3.0,2,3,4,0.0,0.0,0.0
393,531,,2,3.0,2,3,8,0.0,0.0,0.0
394,61,,1,3.0,2,3,8,0.0,0.0,0.0
394,64,,5,3.0,2,3,8,0.0,0.0,0.0
394,101,,1,3.0,2,3,4,0.005594,0.002376,0.001343
394,122,,1,3.0,2,3,6,0.007379,0.006927,0.008061
394,122,,4,4.0,2,3,5,0.0,0.0,0.0
394,129,,2,3.0,2,3,6,0.0,0.0,0.0
394,132,,5,3.0,2,3,5,0.0,0.0,0.0
394,221,,5,3.0,2,3,5,0.0,0.0,0.0
394,223,,5,3.0,2,3,5,0.054043,0.309187,0.289831
394,241,,2,3.0,2,3,4,0.0,0.0,0.0
394,341,,1,3.0,2,3,4,0.007027,0.011415,0.007065
394,363,,1,3.0,2,3,4,0.014741,0.025055,0.016026
394,399,,5,3.0,2,3,2,0.0,0.0,0.0
394,421,,2,3.0,2,3,4,0.0,0.0,0.0
394,451,,5,3.0,2,3,5,0.0,0.0,0.0
394,486,,2,3.0,2,3,6,0.0,0.0,0.0
394,512,,1,3.0,2,3,4,0.00976,0.003847,0.002417
394,512,,5,3.0,2,3,4,0.0,0.0,0.0
394,531,,2,3.0,2,3,8,0.0,0.0,0.0
399,61,,1,3.0,2,3,8,0.0,0.0,0.0
399,61,,5,3.0,2,3,8,0.0,0.0,0.0
399,64,,5,3.0,2,3,8,0.0,0.0,0.0
399,101,,1,3.0,2,3,4,0.011359,0.004716,0.002474
399,122,,1,3.0,2,3,6,0.012738,0.011957,0.014753
399,122,,4,4.0,2,3,5,0.0,0.0,0.0
399,122,,5,3.0,2,3,6,0.003185,0.002989,0.004302
399,129,,2,3.0,2,3,6,0.0,0.0,0.0
399,132,,1,3.0,2,3,5,0.002156,0.000917,0.000739
399,221,,3,3.0,2,3,7,0.0,0.0,0.0
399,223,,3,3.0,2,3,7,0.116614,0.667164,1.293049
399,241,,2,3.0,2,3,4,0.0,0.0,0.0
399,341,,1,3.0,2,3,4,0.015163,0.024632,0.013223
399,363,,1,3.0,2,3,4,0.031809,0.054064,0.030946
399,399,,1,3.0,2,3,1,0.0,0.0,0.0
399,399,,2,3.0,2,3,1,0.0,0.0,0.0
399,399,,3,3.0,2,3,1,0.0,0.0,0.0
399,421,,2,3.0,2,3,4,0.0,0.0,0.0
399,451,,2,3.0,2,3,5,0.002559,0.001856,0.001664
399,486,,2,3.0,2,3,6,0.0,0.0,0.0
399,512,,1,3.0,2,3,4,0.020951,0.008283,0.005156
399,531,,2,3.0,2,3,8,0.0,0.0,0.0
401,121,,2,3.0,2,3,6,0.0,0.0,0.0
401,223,,5,3.0,2,3,4,10.359887,59.326561,43.321321
401,363,,2,3.0,2,3,7,0.0,0.0,0.0
401,451,,2,3.0,2,3,6,0.0,0.0,0.0
401,483,,2,3.0,2,3,4,0.0,0.0,0.0
402,121,,2,3.0,2,3,6,0.0,0.0,0.0
402,223,,3,3.0,2,3,5,9.519114,54.511822,50.93091
402,363,,2,3.0,2,3,7,0.0,0.0,0.0
402,451,,2,3.0,2,3,6,0.0,0.0,0.0
402,483,,2,3.0,2,3,4,0.0,0.0,0.0
409,121,,2,3.0,2,3,6,0.0,0.0,0.0
409,223,,2,3.0,2,3,5,5.654774,32.382431,24.370924
409,363,,2,3.0,2,3,7,0.0,0.0,0.0
409,451,,2,3.0,2,3,6,0.0,0.0,0.0
409,483,,2,3.0,2,3,4,0.0,0.0,0.0
411,61,,1,3.0,2,3,5,0.002661,0.000919,0.00089
411,64,,5,3.0,2,3,5,0.0,0.0,0.0
411,121,,2,3.0,2,3,8,0.0,0.0,0.0
411,122,,2,3.0,2,3,8,0.0,0.0,0.0
411,122,,4,4.0,2,3,8,0.0,0.0,0.0
411,131,,4,4.0,2,3,8,0.0,0.0,0.0
411,411,,1,3.0,2,3,1,0.0,0.0,0.0
411,411,,2,3.0,2,3,1,26.559517,168.165359,5.450963
411,411,,3,3.0,2,3,1,26.559517,143.07634,5.252537
411,484,,4,4.0,2,3,7,0.0,0.0,0.0
411,531,,1,3.0,2,3,2,0.080447,0.107015,0.020692
411,531,,2,3.0,2,3,2,0.0,0.0,0.0
411,531,,5,3.0,2,3,2,0.032178,0.042806,0.009135
419,61,,1,3.0,2,3,5,0.0,0.0,0.0
419,64,,1,3.0,2,3,4,0.0,0.0,0.0
419,64,,2,3.0,2,3,4,0.0,0.0,0.0
419,121,,2,3.0,2,3,8,0.0,0.0,0.0
419,122,,2,3.0,2,3,8,0.0,0.0,0.0
419,122,,4,4.0,2,3,8,0.0,0.0,0.0
419,131,,4,4.0,2,3,8,0.0,0.0,0.0
419,411,,1,3.0,2,3,2,16.97496,91.44426,16.417856
419,484,,4,4.0,2,3,7,0.0,0.0,0.0
419,531,,1,3.0,2,3,3,0.035991,0.047877,0.016127
419,531,,5,3.0,2,3,3,0.0,0.0,0.0
421,101,,1,3.0,2,3,1,0.004367,0.003789,0.000162
421,122,,2,3.0,2,3,6,0.0,0.0,0.0
421,132,,2,3.0,2,3,5,0.0,0.0,0.0
421,241,,1,3.0,2,3,2,0.027691,0.142908,0.016353
421,241,,2,3.0,2,3,2,0.004615,0.023818,0.003188
421,341,,1,3.0,2,3,1,0.0,0.0,0.0
421,363,,1,3.0,2,3,2,0.002387,0.001273,0.00014
421,363,,5,3.0,2,3,2,0.0,0.0,0.0
421,421,,1,3.0,2,3,1,0.010795,0.075606,0.001949
421,421,,3,3.0,2,3,1,0.003209,0.022775,0.000446
421,486,,2,3.0,2,3,7,0.0,0.0,0.0
421,512,,3,3.0,2,3,3,0.001076,0.001113,0.00035
422,101,,2,3.0,2,3,3,0.003036,0.002265,0.000793
422,122,,2,3.0,2,3,6,0.0,0.0,0.0
422,132,,2,3.0,2,3,5,0.0,0.0,0.0
422,241,,1,3.0,2,3,3,0.013461,0.069473,0.017722
422,241,,2,3.0,2,3,3,0.002244,0.011579,0.003953
422,341,,1,3.0,2,3,3,0.0,0.0,0.0
422,363,,1,3.0,2,3,3,0.00116,0.000619,0.000234
422,421,,1,3.0,2,3,3,0.006808,0.048314,0.015817
422,486,,2,3.0,2,3,6,0.0,0.0,0.0
422,512,,2,3.0,2,3,4,0.0,0.0,0.0
423,101,,1,3.0,2,3,2,0.0,0.0,0.0
423,122,,2,3.0,2,3,6,0.0,0.0,0.0
423,132,,2,3.0,2,3,5,0.0,0.0,0.0
423,241,,1,3.0,2,3,2,0.004661,0.024055,0.003918
423,341,,1,3.0,2,3,1,0.0,0.0,0.0
423,363,,1,3.0,2,3,1,0.0,0.0,0.0
423,421,,1,3.0,2,3,1,0.002193,0.01463,0.000923
423,486,,2,3.0,2,3,7,0.0,0.0,0.0
423,512,,2,3.0,2,3,4,0.0,0.0,0.0
429,101,,2,3.0,2,3,2,0.002762,0.002396,0.000422
429,122,,2,3.0,2,3,6,0.0,0.0,0.0
429,132,,2,3.0,2,3,5,0.0,0.0,0.0
429,241,,1,3.0,2,3,2,0.020429,0.105432,0.016359
429,341,,1,3.0,2,3,2,0.0,0.0,0.0
429,363,,1,3.0,2,3,2,0.001509,0.000805,0.000163
429,363,,5,3.0,2,3,2,0.0,0.0,0.0
429,421,,1,3.0,2,3,2,0.008909,0.062938,0.009338
429,486,,2,3.0,2,3,7,0.0,0.0,0.0
429,512,,2,3.0,2,3,4,0.0,0.0,0.0
441,122,,2,3.0,2,3,7,0.0,0.0,0.0
451,132,,1,3.0,2,3,2,0.0,0.0,0.0
451,379,,1,3.0,2,3,3,0.0,0.0,0.0
451,451,,1,3.0,2,3,1,0.005262,0.004946,8.4e-05
451,451,,2,3.0,2,3,1,0.0,0.0,0.0
452,101,,2,3.0,2,3,4,0.0,0.0,0.0
452,132,,1,3.0,2,3,2,0.0,0.0,0.0
452,379,,1,3.0,2,3,3,0.0,0.0,0.0
452,451,,1,3.0,2,3,2,0.008271,0.007773,0.001598
452,451,,2,3.0,2,3,2,0.001182,0.00111,0.000273
452,512,,1,3.0,2,3,3,0.0,0.0,0.0
459,101,,2,3.0,2,3,4,0.0,0.0,0.0
459,132,,1,3.0,2,3,2,0.0,0.0,0.0
459,379,,1,3.0,2,3,2,0.0,0.0,0.0
459,451,,1,3.0,2,3,2,0.014164,0.013203,0.001652
459,451,,2,3.0,2,3,2,0.0,0.0,0.0
459,451,,5,3.0,2,3,2,0.0,0.0,0.0
459,512,,1,3.0,2,3,3,0.0,0.0,0.0
460,122,,4,4.0,2,3,7,0.0,0.0,0.0
460,132,,2,3.0,2,3,7,0.044626,0.237187,0.402665
460,363,,2,3.0,2,3,7,0.0,0.0,0.0
460,483,,2,3.0,2,3,7,1.190884,6.336252,10.186801
460,512,,1,3.0,2,3,7,0.017694,0.008629,0.013667
460,512,,2,3.0,2,3,7,0.008847,0.004314,0.007497
471,122,,1,3.0,2,3,6,0.007752,0.014284,0.014841
471,122,,2,3.0,2,3,6,0.008101,0.014748,0.017445
471,122,,5,3.0,2,3,6,0.007752,0.014284,0.018184
471,132,,2,3.0,2,3,4,0.0,0.0,0.0
471,223,,1,3.0,2,3,3,0.337325,1.933684,0.78091
471,451,,2,3.0,2,3,5,0.0,0.0,0.0
471,486,,3,3.0,2,3,5,0.020177,0.043383,0.037896
471,531,,2,3.0,2,3,8,0.0,0.0,0.0
472,122,,1,3.0,2,3,5,0.045721,0.084247,0.075107
472,132,,2,3.0,2,3,4,0.0,0.0,0.0
472,223,,3,3.0,2,3,5,0.663191,3.801685,3.759266
472,451,,2,3.0,2,3,4,0.0,0.0,0.0
472,486,,3,3.0,2,3,6,0.039668,0.085292,0.112765
472,531,,2,3.0,2,3,8,0.0,0.0,0.0
473,122,,1,3.0,2,3,5,0.017917,0.033013,0.028377
473,132,,2,3.0,2,3,4,0.0,0.0,0.0
473,223,,2,3.0,2,3,4,0.259879,1.489735,0.955083
473,451,,1,3.0,2,3,3,0.0,0.0,0.0
473,486,,1,3.0,2,3,5,0.015544,0.033423,0.032169
473,531,,2,3.0,2,3,8,0.0,0.0,0.0
479,122,,1,3.0,2,3,5,0.025872,0.047672,0.042934
479,122,,2,3.0,2,3,6,0.005174,0.009534,0.009615
479,132,,2,3.0,2,3,4,0.0,0.0,0.0
479,223,,1,3.0,2,3,4,0.150108,0.860482,0.456572
479,223,,2,3.0,2,3,4,0.150108,0.860482,0.520005
479,223,,5,3.0,2,3,4,0.150108,0.860482,0.58822
479,451,,2,3.0,2,3,4,0.0,0.0,0.0
479,486,,3,3.0,2,3,6,0.026936,0.057915,0.067977
479,531,,2,3.0,2,3,8,0.0,0.0,0.0
481,12,,2,3.0,2,3,4,0.0,0.0,0.0
481,61,,1,3.0,2,3,6,0.0,0.0,0.0
481,61,,5,3.0,2,3,7,0.0,0.0,0.0
481,64,,2,3.0,2,3,7,0.0,0.0,0.0
481,101,,5,3.0,2,3,8,0.004731,0.003334,0.007916
481,121,,1,3.0,2,3,6,0.003982,0.005739,0.00605
481,122,,1,3.0,2,3,6,0.002228,0.002962,0.004032
481,122,,1,4.0,2,3,6,0.00578,0.001825,0.002484
481,122,,4,4.0,2,3,6,0.0,0.0,0.0
481,131,,4,4.0,2,3,5,0.0,0.0,0.0
481,132,,5,3.0,2,3,7,0.147827,0.13334,0.241601
481,223,,5,3.0,2,3,4,0.097134,0.497311,0.268152
481,363,,5,3.0,2,3,8,0.009287,0.01178,0.028717
481,371,,1,4.0,2,3,6,0.002863,0.000243,0.000287
481,421,,5,3.0,2,3,8,0.0011,0.001858,0.00444
481,451,,1,3.0,2,3,6,0.227631,0.229987,0.281579
481,451,,2,3.0,2,3,6,0.0,0.0,0.0
481,451,,5,3.0,2,3,7,0.0,0.0,0.0
481,481,,1,4.0,2,3,1,0.0,0.0,0.0
481,482,,5,3.0,2,3,3,0.523445,2.393766,0.680107
481,483,,5,3.0,2,3,2,0.89944,5.040075,1.199636
481,484,,1,4.0,2,3,2,0.0,0.0,0.0
481,486,,1,3.0,2,3,2,19.139723,96.632324,16.977478
481,486,,1,4.0,2,3,2,0.0,0.0,0.0
481,512,,5,3.0,2,3,8,0.01992,0.013623,0.029938
482,64,,2,3.0,2,3,8,0.0,0.0,0.0
482,101,,2,3.0,2,3,7,0.0,0.0,0.0
482,121,,2,3.0,2,3,5,0.0,0.0,0.0
482,122,,2,3.0,2,3,6,0.0,0.0,0.0
482,122,,4,4.0,2,3,5,0.0,0.0,0.0
482,131,,4,4.0,2,3,4,0.0,0.0,0.0
482,132,,2,3.0,2,3,6,0.020439,0.018435,0.018875
482,223,,3,3.0,2,3,3,0.013431,0.068767,0.020839
482,363,,1,3.0,2,3,7,0.001284,0.001629,0.002533
482,451,,2,3.0,2,3,6,0.031564,0.031953,0.03617
482,481,,1,4.0,2,3,3,0.0,0.0,0.0
482,482,,1,3.0,2,3,1,0.03619,0.245543,0.004681
482,482,,3,3.0,2,3,1,0.03619,0.165503,0.003136
482,483,,3,3.0,2,3,3,0.124373,0.696931,0.221301
482,484,,1,4.0,2,3,3,0.0,0.0,0.0
482,486,,1,3.0,2,3,2,1.512344,7.6355,0.807464
482,486,,2,3.0,2,3,2,0.378086,1.908875,0.206464
482,486,,3,3.0,2,3,2,0.378086,1.908875,0.312106
482,486,,5,3.0,2,3,2,0.378086,1.908875,0.206557
482,512,,3,3.0,2,3,7,0.002754,0.001884,0.003692
483,61,,2,3.0,2,3,7,0.0,0.0,0.0
483,64,,2,3.0,2,3,7,0.0,0.0,0.0
483,101,,2,3.0,2,3,7,0.0,0.0,0.0
483,121,,2,3.0,2,3,6,0.0,0.0,0.0
483,122,,2,3.0,2,3,7,0.0,0.0,0.0
483,122,,4,4.0,2,3,6,0.0,0.0,0.0
483,131,,4,4.0,2,3,5,0.0,0.0,0.0
483,132,,2,3.0,2,3,6,0.024125,0.021472,0.028717
483,223,,3,3.0,2,3,4,0.015235,0.078,0.051217
483,363,,1,3.0,2,3,7,0.001457,0.001848,0.003429
483,451,,2,3.0,2,3,6,0.035702,0.036072,0.052144
483,481,,1,4.0,2,3,2,0.0,0.0,0.0
483,482,,3,3.0,2,3,3,0.082099,0.375446,0.118974
483,483,,1,3.0,2,3,1,0.035268,0.197625,0.004265
483,483,,2,3.0,2,3,1,0.052902,0.334954,0.011017
483,483,,3,3.0,2,3,1,0.052902,0.296438,0.00471
483,484,,4,4.0,2,3,3,0.0,0.0,0.0
483,486,,1,3.0,2,3,2,2.001289,10.104074,2.232151
483,486,,3,3.0,2,3,3,1.000644,5.052037,1.35698
483,512,,1,3.0,2,3,7,0.003124,0.002137,0.003451
483,512,,2,3.0,2,3,7,0.0,0.0,0.0
484,12,,2,3.0,2,3,4,0.0,0.0,0.0
484,61,,1,3.0,2,3,6,0.0,0.0,0.0
484,61,,2,3.0,2,3,7,0.0,0.0,0.0
484,61,,5,3.0,2,3,7,0.0,0.0,0.0
484,64,,2,3.0,2,3,7,0.0,0.0,0.0
484,101,,5,3.0,2,3,8,0.01553,0.010944,0.027092
484,121,,1,3.0,2,3,6,0.012028,0.017336,0.018393
484,121,,5,3.0,2,3,7,0.002406,0.003467,0.006129
484,122,,1,3.0,2,3,6,0.007261,0.009654,0.012863
484,122,,1,4.0,2,3,6,0.021981,0.00694,0.009247
484,122,,4,4.0,2,3,6,0.0,0.0,0.0
484,122,,5,3.0,2,3,6,0.00121,0.001609,0.002366
484,131,,4,4.0,2,3,4,0.0,0.0,0.0
484,132,,2,3.0,2,3,6,0.281338,0.253895,0.295632
484,132,,5,3.0,2,3,7,0.28143,0.253787,0.428622
484,223,,5,3.0,2,3,4,0.369396,1.89125,0.994989
484,363,,5,3.0,2,3,8,0.035317,0.044799,0.113743
484,371,,1,4.0,2,3,6,0.011875,0.001006,0.001063
484,421,,5,3.0,2,3,8,0.004184,0.007065,0.017599
484,451,,1,3.0,2,3,6,0.0,0.0,0.0
484,451,,2,3.0,2,3,6,0.865668,0.874628,1.145124
484,451,,5,3.0,2,3,7,0.0,0.0,0.0
484,481,,1,4.0,2,3,2,0.0,0.0,0.0
484,482,,5,3.0,2,3,3,1.990635,9.103379,3.462744
484,483,,1,3.0,2,3,3,3.420527,19.167164,8.740548
484,484,,1,4.0,2,3,1,0.0,0.0,0.0
484,486,,1,3.0,2,3,3,62.38924,314.989807,88.380981
484,486,,1,4.0,2,3,3,0.001849,0.002316,0.00065
484,486,,2,3.0,2,3,3,5.199103,26.249151,8.145046
484,486,,5,3.0,2,3,3,5.199103,26.249151,8.180411
484,512,,5,3.0,2,3,8,0.075754,0.051808,0.119096
485,61,,1,3.0,2,3,5,0.0,0.0,0.0
485,64,,2,3.0,2,3,6,0.0,0.0,0.0
485,101,,2,3.0,2,3,8,0.0,0.0,0.0
485,121,,2,3.0,2,3,7,0.0,0.0,0.0
485,122,,2,3.0,2,3,8,0.0,0.0,0.0
485,122,,4,4.0,2,3,7,0.0,0.0,0.0
485,131,,4,4.0,2,3,6,0.0,0.0,0.0
485,132,,5,3.0,2,3,8,0.02411,0.021746,0.052169
485,223,,5,3.0,2,3,6,0.015843,0.081116,0.091676
485,363,,5,3.0,2,3,8,0.001515,0.001921,0.005811
485,451,,1,3.0,2,3,7,0.037129,0.037513,0.064196
485,451,,5,3.0,2,3,8,0.0,0.0,0.0
485,481,,4,4.0,2,3,3,0.0,0.0,0.0
485,482,,5,3.0,2,3,5,0.085379,0.390447,0.341673
485,483,,5,3.0,2,3,4,0.146707,0.822086,0.589395
485,484,,4,4.0,2,3,4,0.0,0.0,0.0
485,486,,1,3.0,2,3,4,3.121877,15.761682,11.59136
485,512,,5,3.0,2,3,8,0.003249,0.002222,0.006188
486,12,,1,3.0,2,3,4,0.0,0.0,0.0
486,61,,1,3.0,2,3,7,0.0,0.0,0.0
486,61,,2,3.0,2,3,7,0.0,0.0,0.0
486,61,,5,3.0,2,3,7,0.0,0.0,0.0
486,64,,2,3.0,2,3,8,0.0,0.0,0.0
486,101,,2,3.0,2,3,7,0.014637,0.010288,0.016672
486,121,,1,3.0,2,3,5,0.012902,0.018596,0.016846
486,122,,1,4.0,2,3,6,0.019649,0.006204,0.007454
486,122,,4,4.0,2,3,5,0.0,0.0,0.0
486,122,,5,3.0,2,3,6,0.007573,0.010068,0.011891
486,131,,4,4.0,2,3,4,0.0,0.0,0.0
486,132,,2,3.0,2,3,6,0.334984,0.302141,0.33624
486,132,,5,3.0,2,3,7,0.168576,0.151567,0.246131
486,223,,3,3.0,2,3,3,0.330197,1.69056,0.830419
486,363,,1,3.0,2,3,7,0.031571,0.040046,0.066152
486,363,,5,3.0,2,3,8,0.0,0.0,0.0
486,371,,1,4.0,2,3,6,0.009734,0.000825,0.00088
486,421,,1,3.0,2,3,7,0.00392,0.006618,0.010424
486,451,,2,3.0,2,3,6,0.774859,0.782638,0.955573
486,481,,1,4.0,2,3,2,0.0,0.0,0.0
486,482,,3,3.0,2,3,2,1.779399,8.137374,1.427754
486,483,,3,3.0,2,3,3,3.057557,17.13324,4.823594
486,484,,1,4.0,2,3,3,0.0,0.0,0.0
486,486,,1,3.0,2,3,1,0.0,0.0,0.0
486,486,,1,4.0,2,3,1,0.001324,0.001659,4.6e-05
486,486,,2,3.0,2,3,1,32.531803,205.979752,7.622788
486,486,,3,3.0,2,3,1,32.531803,164.246048,7.234139
486,512,,3,3.0,2,3,8,0.067716,0.04631,0.092893
487,121,,2,3.0,2,3,6,0.0,0.0,0.0
487,122,,2,3.0,2,3,7,0.0,0.0,0.0
487,122,,4,4.0,2,3,6,0.0,0.0,0.0
487,132,,5,3.0,2,3,7,0.007251,0.00654,0.012941
487,223,,5,3.0,2,3,4,0.004765,0.024397,0.017318
487,451,,1,3.0,2,3,6,0.011192,0.011297,0.015954
487,451,,2,3.0,2,3,7,0.0,0.0,0.0
487,482,,5,3.0,2,3,3,0.025679,0.117433,0.053406
487,483,,5,3.0,2,3,2,0.044125,0.247256,0.039017
487,486,,1,3.0,2,3,3,0.938956,4.740589,1.563796
487,512,,5,3.0,2,3,8,0.0,0.0,0.0
488,12,,2,3.0,2,3,4,0.0,0.0,0.0
488,61,,1,3.0,2,3,6,0.0,0.0,0.0
488,61,,5,3.0,2,3,6,0.0,0.0,0.0
488,64,,2,3.0,2,3,7,0.0,0.0,0.0
488,101,,5,3.0,2,3,8,0.003387,0.002387,0.005725
488,121,,1,3.0,2,3,6,0.002361,0.003403,0.003733
488,121,,5,3.0,2,3,7,0.000787,0.001134,0.001917
488,122,,1,3.0,2,3,6,0.001848,0.002456,0.00345
488,122,,1,4.0,2,3,6,0.004794,0.001514,0.002127
488,122,,4,4.0,2,3,6,0.0,0.0,0.0
488,131,,4,4.0,2,3,5,0.0,0.0,0.0
488,132,,5,3.0,2,3,7,0.122594,0.110574,0.203017
488,223,,5,3.0,2,3,4,0.080561,0.412462,0.233932
488,363,,5,3.0,2,3,8,0.007704,0.009771,0.024055
488,371,,1,4.0,2,3,6,0.002375,0.000201,0.00025
488,421,,5,3.0,2,3,8,0.000913,0.001541,0.00372
488,451,,1,3.0,2,3,6,0.0,0.0,0.0
488,451,,2,3.0,2,3,6,0.188793,0.190747,0.272054
488,481,,1,4.0,2,3,1,0.0,0.0,0.0
488,482,,5,3.0,2,3,3,0.434137,1.985353,0.61963
488,483,,5,3.0,2,3,2,0.745981,4.18016,0.698613
488,484,,1,4.0,2,3,3,0.0,0.0,0.0
488,486,,1,3.0,2,3,2,15.874188,80.145348,17.010183
488,486,,1,4.0,2,3,2,0.0,0.0,0.0
488,486,,5,3.0,2,3,2,0.0,0.0,0.0
488,512,,5,3.0,2,3,8,0.016521,0.011299,0.025103
489,12,,1,3.0,2,3,5,0.0,0.0,0.0
489,61,,1,3.0,2,3,6,0.0,0.0,0.0
489,61,,5,3.0,2,3,6,0.0,0.0,0.0
489,64,,2,3.0,2,3,7,0.0,0.0,0.0
489,101,,2,3.0,2,3,7,0.006595,0.004636,0.008053
489,121,,2,3.0,2,3,6,0.006093,0.008782,0.011156
489,122,,1,3.0,2,3,6,0.003576,0.004755,0.006857
489,122,,1,4.0,2,3,6,0.00928,0.00293,0.004225
489,122,,4,4.0,2,3,6,0.0,0.0,0.0
489,131,,4,4.0,2,3,5,0.0,0.0,0.0
489,132,,2,3.0,2,3,6,0.237321,0.21406,0.290979
489,223,,1,3.0,2,3,4,0.155944,0.798409,0.492691
489,363,,1,3.0,2,3,7,0.0,0.0,0.0
489,363,,2,3.0,2,3,7,0.014909,0.018912,0.036351
489,371,,1,4.0,2,3,6,0.005064,0.000429,0.000516
489,421,,1,3.0,2,3,7,0.001766,0.002982,0.004949
489,451,,2,3.0,2,3,6,0.36545,0.369232,0.544957
489,481,,1,4.0,2,3,3,0.0,0.0,0.0
489,482,,1,3.0,2,3,3,0.840365,3.843077,1.496481
489,483,,3,3.0,2,3,2,1.444007,8.091598,1.369569
489,484,,1,4.0,2,3,3,0.0,0.0,0.0
489,486,,1,3.0,2,3,3,25.305332,127.761162,42.441016
489,486,,1,4.0,2,3,3,0.0,0.0,0.0
489,486,,2,3.0,2,3,3,0.0,0.0,0.0
489,486,,3,3.0,2,3,3,0.0,0.0,0.0
489,486,,5,3.0,2,3,3,5.422571,27.377392,10.62547
489,512,,1,3.0,2,3,7,0.03198,0.021871,0.033508
489,512,,2,3.0,2,3,7,0.0,0.0,0.0
491,61,,1,3.0,2,3,4,0.006459,0.017937,0.012373
491,61,,2,3.0,2,3,5,0.0,0.0,0.0
491,61,,5,3.0,2,3,5,0.0,0.0,0.0
491,64,,1,3.0,2,3,5,0.0,0.0,0.0
491,64,,5,3.0,2,3,5,0.0,0.0,0.0
491,122,,5,3.0,2,3,8,0.010687,0.017313,0.049414
491,131,,4,4.0,2,3,7,0.0,0.0,0.0
491,132,,2,3.0,2,3,8,0.0,0.0,0.0
491,363,,2,3.0,2,3,8,0.0,0.0,0.0
491,491,,1,4.0,2,3,1,0.0,0.0,0.0
491,512,,2,3.0,2,3,8,0.0,0.0,0.0
499,61,,1,3.0,2,3,4,0.000744,0.002065,0.001135
499,64,,1,3.0,2,3,5,0.0,0.0,0.0
499,122,,5,3.0,2,3,8,0.00123,0.001993,0.005766
499,131,,4,4.0,2,3,7,0.0,0.0,0.0
499,132,,2,3.0,2,3,8,0.0,0.0,0.0
499,363,,2,3.0,2,3,8,0.0,0.0,0.0
499,491,,1,4.0,2,3,2,0.0,0.0,0.0
499,512,,2,3.0,2,3,8,0.0,0.0,0.0
511,101,,1,3.0,2,3,2,0.00347,0.002803,0.000659
511,122,,2,3.0,2,3,6,0.0,0.0,0.0
511,132,,2,3.0,2,3,3,0.0,0.0,0.0
511,223,,2,3.0,2,3,6,0.0,0.0,0.0
511,241,,2,3.0,2,3,2,0.0,0.0,0.0
511,341,,2,3.0,2,3,3,0.0,0.0,0.0
511,451,,2,3.0,2,3,3,0.002937,0.001554,0.000602
511,512,,1,3.0,2,3,1,0.206508,0.554116,0.047888
511,512,,2,3.0,2,3,1,0.0,0.0,0.0
511,512,,5,3.0,2,3,1,0.029588,0.079194,0.007337
512,101,,2,3.0,2,3,3,0.002805,0.002386,0.000813
512,121,,2,3.0,2,3,4,0.0,0.0,0.0
512,122,,2,3.0,2,3,6,0.0,0.0,0.0
512,132,,2,3.0,2,3,4,0.0,0.0,0.0
512,223,,2,3.0,2,3,6,0.0,0.0,0.0
512,241,,1,3.0,2,3,2,0.0,0.0,0.0
512,341,,2,3.0,2,3,3,0.0,0.0,0.0
512,451,,2,3.0,2,3,3,0.002816,0.00149,0.000601
512,512,,1,3.0,2,3,1,0.226285,0.607184,0.014953
512,512,,2,3.0,2,3,1,0.0,0.0,0.0
512,512,,3,3.0,2,3,1,0.0,0.0,0.0
513,101,,2,3.0,2,3,2,0.009426,0.008018,0.00124
513,111,,1,4.0,2,3,1,0.0,0.0,0.0
513,121,,2,3.0,2,3,5,0.0,0.0,0.0
513,122,,2,3.0,2,3,6,0.0,0.0,0.0
513,132,,2,3.0,2,3,4,0.002163,0.002047,0.00128
513,223,,2,3.0,2,3,6,0.0,0.0,0.0
513,241,,1,3.0,2,3,1,0.0,0.0,0.0
513,341,,1,3.0,2,3,3,0.0,0.0,0.0
513,451,,2,3.0,2,3,4,0.009465,0.005007,0.002657
513,512,,1,3.0,2,3,2,0.761097,2.041257,0.351686
513,512,,5,3.0,2,3,2,0.0,0.0,0.0
519,101,,1,3.0,2,3,3,0.003448,0.002933,0.000898
519,111,,1,4.0,2,3,2,0.0,0.0,0.0
519,121,,2,3.0,2,3,5,0.0,0.0,0.0
519,122,,2,3.0,2,3,6,0.0,0.0,0.0
519,132,,2,3.0,2,3,4,0.0,0.0,0.0
519,223,,2,3.0,2,3,6,0.0,0.0,0.0
519,241,,1,3.0,2,3,2,0.0,0.0,0.0
519,341,,2,3.0,2,3,3,0.0,0.0,0.0
519,451,,1,3.0,2,3,3,0.003462,0.001832,0.000778
519,512,,1,3.0,2,3,2,0.278201,0.746488,0.159137
519,512,,2,3.0,2,3,3,0.0,0.0,0.0
519,512,,5,3.0,2,3,3,0.0,0.0,0.0
531,61,,1,3.0,2,3,6,0.0,0.0,0.0
531,61,,5,3.0,2,3,6,0.0,0.0,0.0
531,121,,2,3.0,2,3,8,0.0,0.0,0.0
531,122,,1,4.0,2,3,8,0.008398,0.002466,0.00817
531,122,,4,4.0,2,3,8,0.0,0.0,0.0
531,122,,5,3.0,2,3,8,0.002113,0.010462,0.066641
531,131,,4,4.0,2,3,8,0.0,0.0,0.0
531,132,,2,3.0,2,3,8,0.0,0.0,0.0
531,171,,4,4.0,2,3,7,0.0,0.0,0.0
531,241,,2,3.0,2,3,8,0.0,0.0,0.0
531,371,,4,4.0,2,3,8,0.0,0.0,0.0
531,411,,1,3.0,2,3,2,0.0,0.0,0.0
531,451,,2,3.0,2,3,8,0.0,0.0,0.0
531,486,,1,3.0,2,3,8,0.0,0.0,0.0
531,486,,2,3.0,2,3,8,0.135092,0.026174,0.068517
531,531,,1,3.0,2,3,1,0.2383,0.914905,0.039908
531,531,,2,3.0,2,3,1,0.0,0.0,0.0
531,531,,3,3.0,2,3,1,0.079435,0.187978,0.008193
531,532,,2,3.0,2,3,2,108.398903,560.781616,88.163632
532,61,,1,3.0,2,3,6,0.0,0.0,0.0
532,121,,2,3.0,2,3,8,0.0,0.0,0.0
532,122,,2,3.0,2,3,8,0.0,0.0,0.0
532,122,,4,4.0,2,3,8,0.0,0.0,0.0
532,131,,4,4.0,2,3,8,0.0,0.0,0.0
532,132,,2,3.0,2,3,8,0.0,0.0,0.0
532,241,,2,3.0,2,3,8,0.0,0.0,0.0
532,371,,4,4.0,2,3,8,0.0,0.0,0.0
532,411,,1,3.0,2,3,1,0.0,0.0,0.0
532,451,,2,3.0,2,3,8,0.0,0.0,0.0
532,486,,2,3.0,2,3,8,0.008609,0.001668,0.004097
532,531,,1,3.0,2,3,2,0.020248,0.047916,0.007989
532,531,,2,3.0,2,3,2,0.0,0.0,0.0
532,531,,5,3.0,2,3,2,0.0,0.0,0.0
532,532,,2,3.0,2,3,1,6.907816,35.73629,1.8545
539,61,,1,3.0,2,3,6,0.0,0.0,0.0
539,121,,2,3.0,2,3,8,0.0,0.0,0.0
539,122,,1,4.0,2,3,8,0.001696,0.000498,0.001561
539,122,,4,4.0,2,3,8,0.0,0.0,0.0
539,122,,5,3.0,2,3,8,0.000427,0.002113,0.009163
539,131,,4,4.0,2,3,8,0.0,0.0,0.0
539,132,,2,3.0,2,3,8,0.0,0.0,0.0
539,171,,4,4.0,2,3,7,0.0,0.0,0.0
539,241,,2,3.0,2,3,8,0.0,0.0,0.0
539,371,,4,4.0,2,3,8,0.0,0.0,0.0
539,411,,3,3.0,2,3,3,0.0,0.0,0.0
539,451,,2,3.0,2,3,8,0.0,0.0,0.0
539,486,,1,3.0,2,3,8,0.027284,0.004403,0.010104
539,486,,2,3.0,2,3,8,0.0,0.0,0.0
539,531,,1,3.0,2,3,2,0.032085,0.075931,0.017285
539,531,,2,3.0,2,3,3,0.032085,0.075931,0.020259
539,532,,2,3.0,2,3,3,21.892941,113.259003,36.824565
551,61,,1,3.0,2,3,8,0.0,0.0,0.0
551,61,,2,3.0,2,3,8,0.0,0.0,0.0
551,61,,5,3.0,2,3,8,0.0,0.0,0.0
551,101,,2,3.0,2,3,5,0.001617,0.000313,0.000296
551,121,,2,3.0,2,3,6,0.0,0.0,0.0
551,122,,1,3.0,2,3,6,0.047401,0.190147,0.284221
551,132,,2,3.0,2,3,6,0.0,0.0,0.0
551,171,,3,3.0,2,3,2,0.0,0.0,0.0
551,223,,2,3.0,2,3,6,0.815218,4.337669,4.706136
551,241,,1,3.0,2,3,5,0.036304,0.02634,0.023342
551,279,,3,3.0,2,3,5,0.0,0.0,0.0
551,341,,1,3.0,2,3,5,0.0,0.0,0.0
551,341,,5,3.0,2,3,6,0.0,0.0,0.0
551,363,,1,3.0,2,3,5,0.0259,0.126353,0.11791
551,371,,4,4.0,2,3,4,0.0,0.0,0.0
551,421,,2,3.0,2,3,5,0.0,0.0,0.0
551,451,,2,3.0,2,3,6,0.0,0.0,0.0
551,512,,1,3.0,2,3,6,0.001382,0.00061,0.000611
559,61,,1,3.0,2,3,8,0.0,0.0,0.0
559,61,,2,3.0,2,3,8,0.0,0.0,0.0
559,61,,5,3.0,2,3,8,0.0,0.0,0.0
559,101,,2,3.0,2,3,6,0.002356,0.000456,0.000494
559,121,,2,3.0,2,3,6,0.0,0.0,0.0
559,122,,1,3.0,2,3,7,0.070048,0.280997,0.45159
559,132,,2,3.0,2,3,6,0.0,0.0,0.0
559,171,,3,3.0,2,3,4,0.0,0.0,0.0
559,223,,2,3.0,2,3,6,1.204722,6.410173,7.696992
559,241,,2,3.0,2,3,6,0.053649,0.038925,0.040499
559,279,,3,3.0,2,3,5,0.0,0.0,0.0
559,341,,1,3.0,2,3,6,0.0,0.0,0.0
559,341,,2,3.0,2,3,6,0.0,0.0,0.0
559,341,,5,3.0,2,3,6,0.0,0.0,0.0
559,363,,1,3.0,2,3,6,0.03827,0.186722,0.201258
559,363,,2,3.0,2,3,6,0.0,0.0,0.0
559,371,,4,4.0,2,3,5,0.0,0.0,0.0
559,421,,1,3.0,2,3,6,0.0,0.0,0.0
559,451,,2,3.0,2,3,6,0.0,0.0,0.0
559,512,,1,3.0,2,3,6,0.0,0.0,0.0
559,512,,2,3.0,2,3,6,0.0,0.0,0.0
560,61,,2,3.0,2,3,6,0.0,0.0,0.0
560,486,,2,3.0,2,3,6,0.0,0.0,0.0
11,12,,1,3.0,2,3,3,0.0,0.0,0.0
11,12,,2,3.0,2,3,3,0.0,0.0,0.0
11,12,,3,3.0,2,3,3,0.0,0.0,0.0
11,12,,5,3.0,2,3,3,0.0,0.0,0.0
11,131,,1,4.0,2,3,2,0.0,0.0,0.0
11,132,,1,3.0,2,3,3,0.0,0.0,0.0
11,451,,2,3.0,2,3,4,0.0,0.0,0.0
12,12,,1,3.0,2,3,1,0.0,0.0,0.0
12,12,,2,3.0,2,3,1,0.0,0.0,0.0
12,12,,3,3.0,2,3,1,0.0,0.0,0.0
12,12,,5,3.0,2,3,1,0.0,0.0,0.0
12,131,,4,4.0,2,3,3,0.0,0.0,0.0
12,451,,3,3.0,2,3,6,0.0,0.0,0.0
19,12,,1,3.0,2,3,2,0.0,0.0,0.0
19,12,,2,3.0,2,3,3,0.0,0.0,0.0
19,12,,5,3.0,2,3,3,0.0,0.0,0.0
19,131,,1,4.0,2,3,2,0.0,0.0,0.0
19,132,,1,3.0,2,3,3,0.0,0.0,0.0
19,451,,1,3.0,2,3,3,0.0,0.0,0.0
20,64,,3,3.0,2,3,8,0.0,0.0,0.0
41,41,,1,4.0,2,3,1,0.855315,0.072456,0.001193
41,61,,1,3.0,2,3,3,0.033944,0.059487,0.023081
41,61,,2,3.0,2,3,4,0.0,0.0,0.0
41,61,,5,3.0,2,3,4,0.005607,0.009896,0.005199
41,64,,5,3.0,2,3,5,0.0,0.0,0.0
41,111,,4,4.0,2,3,7,0.0,0.0,0.0
41,131,,1,4.0,2,3,7,0.019253,0.001631,0.00301
41,131,,4,4.0,2,3,7,0.0,0.0,0.0
41,132,,5,3.0,2,3,8,2.535262,0.202851,0.578147
41,261,,2,3.0,2,3,8,0.0,0.0,0.0
41,321,,4,4.0,2,3,3,0.0,0.0,0.0
41,341,,2,3.0,2,3,8,0.0,0.0,0.0
41,363,,2,3.0,2,3,8,0.0,0.0,0.0
41,451,,5,3.0,2,3,8,0.768594,0.055916,0.16049
41,483,,5,3.0,2,3,6,24.998981,76.069679,88.849904
41,486,,2,3.0,2,3,6,0.0,0.0,0.0
41,512,,2,3.0,2,3,8,0.0,0.0,0.0
42,41,,1,4.0,2,3,2,0.139149,0.011788,0.00172
42,61,,1,3.0,2,3,4,0.006401,0.011276,0.005871
42,64,,5,3.0,2,3,5,0.0,0.0,0.0
42,111,,4,4.0,2,3,7,0.0,0.0,0.0
42,131,,1,4.0,2,3,7,0.004252,0.00036,0.000641
42,131,,4,4.0,2,3,7,0.0,0.0,0.0
42,132,,5,3.0,2,3,8,0.41269,0.03345,0.092869
42,321,,4,4.0,2,3,3,0.0,0.0,0.0
42,341,,2,3.0,2,3,8,0.0,0.0,0.0
42,363,,2,3.0,2,3,8,0.0,0.0,0.0
42,451,,5,3.0,2,3,8,0.125041,0.009097,0.025439
42,483,,5,3.0,2,3,6,4.067023,12.375588,13.541987
42,486,,2,3.0,2,3,6,0.0,0.0,0.0
42,512,,2,3.0,2,3,8,0.0,0.0,0.0
49,41,,1,4.0,2,3,2,0.100782,0.008538,0.001071
49,61,,1,3.0,2,3,3,0.004625,0.008163,0.003706
49,64,,5,3.0,2,3,5,0.0,0.0,0.0
49,111,,4,4.0,2,3,7,0.0,0.0,0.0
49,131,,1,4.0,2,3,7,0.002243,0.00019,0.00034
49,131,,4,4.0,2,3,7,0.0,0.0,0.0
49,132,,1,3.0,2,3,8,0.298677,0.025302,0.050945
49,321,,1,4.0,2,3,3,0.0,0.0,0.0
49,341,,2,3.0,2,3,8,0.0,0.0,0.0
49,451,,5,3.0,2,3,8,0.090607,0.006598,0.019276
49,483,,5,3.0,2,3,6,2.945631,8.963293,12.732887
49,486,,2,3.0,2,3,6,0.0,0.0,0.0
49,512,,2,3.0,2,3,8,0.0,0.0,0.0
50,122,,1,3.0,2,3,6,0.0,0.0,0.0
50,122,,5,3.0,2,3,6,0.0,0.0,0.0
50,131,,1,4.0,2,3,4,0.076774,0.018702,0.010236
50,131,,4,4.0,2,3,4,0.0,0.0,0.0
50,132,,1,3.0,2,3,5,0.157133,0.111181,0.086539
50,132,,2,3.0,2,3,5,0.078405,0.055546,0.050063
50,132,,5,3.0,2,3,5,0.0,0.0,0.0
50,223,,1,3.0,2,3,3,0.0,0.0,0.0
50,223,,2,3.0,2,3,4,0.0,0.0,0.0
50,223,,5,3.0,2,3,4,0.0,0.0,0.0
50,451,,1,3.0,2,3,5,0.129231,0.038424,0.032442
50,451,,5,3.0,2,3,6,0.0,0.0,0.0
50,481,,4,4.0,2,3,3,0.0,0.0,0.0
50,486,,1,3.0,2,3,4,0.360006,0.714142,0.365579
50,486,,2,3.0,2,3,4,0.0,0.0,0.0
50,486,,5,3.0,2,3,4,0.144003,0.285657,0.159737
50,512,,3,3.0,2,3,8,0.0,0.0,0.0
61,41,,4,4.0,2,3,3,0.0,0.0,0.0
61,61,,1,3.0,2,3,1,0.353318,0.371294,0.017479
61,61,,1,4.0,2,3,1,0.0,0.0,0.0
61,61,,2,3.0,2,3,1,0.014412,0.01343,0.001054
61,61,,3,3.0,2,3,1,0.007206,0.006715,0.000348
61,61,,5,3.0,2,3,1,0.029217,0.027001,0.002195
61,64,,1,3.0,2,3,3,15.74404,16.435133,6.592751
61,64,,1,4.0,2,3,3,0.062792,0.005319,0.002134
61,64,,4,4.0,2,3,3,0.0,0.0,0.0
61,64,,5,3.0,2,3,3,0.0,0.0,0.0
61,81,,4,4.0,2,3,5,0.0,0.0,0.0
61,111,,4,4.0,2,3,8,0.0,0.0,0.0
61,122,,5,3.0,2,3,8,0.0,0.0,0.0
61,131,,1,4.0,2,3,8,0.002948,0.00025,0.000548
61,131,,4,4.0,2,3,7,0.0,0.0,0.0
61,132,,5,3.0,2,3,8,0.009979,0.002753,0.008933
61,171,,2,3.0,2,3,8,0.0,0.0,0.0
61,171,,4,4.0,2,3,7,0.0,0.0,0.0
61,211,,4,4.0,2,3,7,0.0,0.0,0.0
61,212,,4,4.0,2,3,7,0.0,0.0,0.0
61,241,,2,3.0,2,3,8,0.020657,0.021668,0.064475
61,261,,2,3.0,2,3,8,0.0,0.0,0.0
61,321,,1,4.0,2,3,3,0.0,0.0,0.0
61,341,,5,3.0,2,3,8,0.0,0.0,0.0
61,363,,2,3.0,2,3,8,0.004535,0.008668,0.027017
61,421,,1,4.0,2,3,8,0.001191,0.007441,0.020893
61,421,,4,4.0,2,3,8,0.0,0.0,0.0
61,451,,2,3.0,2,3,8,0.0,0.0,0.0
61,451,,5,3.0,2,3,8,0.038342,0.006577,0.021474
61,486,,1,3.0,2,3,7,0.0,0.0,0.0
61,486,,5,3.0,2,3,7,0.0,0.0,0.0
61,491,,4,4.0,2,3,4,0.0,0.0,0.0
61,512,,5,3.0,2,3,8,0.042545,0.009054,0.038164
61,531,,1,3.0,2,3,6,0.0,0.0,0.0
61,531,,2,3.0,2,3,6,0.0,0.0,0.0
61,531,,5,3.0,2,3,6,0.0,0.0,0.0
62,61,,1,3.0,2,3,3,0.045723,0.042508,0.017793
62,61,,4,4.0,2,3,3,0.0,0.0,0.0
62,64,,1,3.0,2,3,2,1.777109,1.855116,0.188804
62,64,,1,4.0,2,3,2,0.007088,0.0006,6.1e-05
62,111,,4,4.0,2,3,8,0.0,0.0,0.0
62,131,,4,4.0,2,3,8,0.0,0.0,0.0
62,132,,2,3.0,2,3,8,0.001462,0.000423,0.001277
62,171,,2,3.0,2,3,8,0.0,0.0,0.0
62,171,,4,4.0,2,3,7,0.0,0.0,0.0
62,212,,4,4.0,2,3,7,0.0,0.0,0.0
62,241,,2,3.0,2,3,8,0.002257,0.002367,0.006934
62,261,,2,3.0,2,3,8,0.0,0.0,0.0
62,341,,2,3.0,2,3,8,0.0,0.0,0.0
62,363,,2,3.0,2,3,8,0.0,0.0,0.0
62,421,,4,4.0,2,3,8,0.0,0.0,0.0
62,451,,2,3.0,2,3,8,0.00433,0.000839,0.002552
62,486,,1,3.0,2,3,7,0.0,0.0,0.0
62,512,,2,3.0,2,3,8,0.004802,0.001022,0.003208
62,531,,5,3.0,2,3,6,0.0,0.0,0.0
63,61,,1,3.0,2,3,2,0.072398,0.067465,0.008545
63,61,,1,4.0,2,3,2,0.0,0.0,0.0
63,61,,2,3.0,2,3,2,0.00605,0.005628,0.000838
63,61,,5,3.0,2,3,2,0.0,0.0,0.0
63,64,,1,3.0,2,3,3,3.059947,3.194266,1.577934
63,64,,1,4.0,2,3,3,0.012204,0.001034,0.000511
63,64,,4,4.0,2,3,3,0.0,0.0,0.0
63,111,,4,4.0,2,3,8,0.0,0.0,0.0
63,131,,4,4.0,2,3,7,0.0,0.0,0.0
63,132,,2,3.0,2,3,8,0.001894,0.000526,0.001496
63,171,,2,3.0,2,3,8,0.0,0.0,0.0
63,171,,4,4.0,2,3,7,0.0,0.0,0.0
63,212,,4,4.0,2,3,7,0.0,0.0,0.0
63,241,,2,3.0,2,3,8,0.003886,0.004076,0.012413
63,261,,2,3.0,2,3,8,0.0,0.0,0.0
63,341,,2,3.0,2,3,8,0.0,0.0,0.0
63,363,,2,3.0,2,3,8,0.000881,0.001685,0.00534
63,363,,5,3.0,2,3,8,0.0,0.0,0.0
63,421,,4,4.0,2,3,8,0.0,0.0,0.0
63,421,,5,4.0,2,3,8,0.000232,0.001446,0.008284
63,451,,2,3.0,2,3,8,0.007452,0.001444,0.004331
63,486,,1,3.0,2,3,6,0.0,0.0,0.0
63,491,,4,4.0,2,3,4,0.0,0.0,0.0
63,512,,2,3.0,2,3,8,0.008339,0.001795,0.00567
63,531,,3,3.0,2,3,7,0.0,0.0,0.0
64,41,,4,4.0,2,3,4,0.0,0.0,0.0
64,61,,1,3.0,2,3,3,0.380003,0.353948,0.136925
64,61,,3,3.0,2,3,3,0.0,0.0,0.0
64,61,,4,4.0,2,3,3,0.0,0.0,0.0
64,61,,5,3.0,2,3,3,0.0,0.0,0.0
64,64,,1,3.0,2,3,1,14.814696,15.464996,0.651673
64,64,,1,4.0,2,3,1,0.059085,0.005005,0.000211
64,81,,4,4.0,2,3,5,0.0,0.0,0.0
64,111,,4,4.0,2,3,8,0.0,0.0,0.0
64,122,,5,3.0,2,3,8,0.0,0.0,0.0
64,131,,1,4.0,2,3,8,0.003849,0.000326,0.000809
64,131,,4,4.0,2,3,8,0.0,0.0,0.0
64,132,,2,3.0,2,3,8,0.009571,0.002801,0.008663
64,171,,2,3.0,2,3,8,0.0,0.0,0.0
64,171,,4,4.0,2,3,7,0.0,0.0,0.0
64,211,,4,4.0,2,3,8,0.0,0.0,0.0
64,212,,4,4.0,2,3,7,0.0,0.0,0.0
64,241,,2,3.0,2,3,8,0.018813,0.019734,0.060123
64,261,,2,3.0,2,3,8,0.0,0.0,0.0
64,321,,4,4.0,2,3,3,0.0,0.0,0.0
64,341,,5,3.0,2,3,8,0.0,0.0,0.0
64,363,,2,3.0,2,3,8,0.004473,0.008405,0.026751
64,363,,5,3.0,2,3,8,0.0,0.0,0.0
64,421,,1,4.0,2,3,8,0.001255,0.007842,0.024061
64,421,,4,4.0,2,3,8,0.0,0.0,0.0
64,451,,2,3.0,2,3,8,0.036305,0.007034,0.022274
64,486,,1,3.0,2,3,7,0.0,0.0,0.0
64,491,,4,4.0,2,3,4,0.0,0.0,0.0
64,512,,5,3.0,2,3,8,0.040034,0.008519,0.051424
64,531,,1,3.0,2,3,5,0.0,0.0,0.0
64,531,,5,3.0,2,3,6,0.0,0.0,0.0
65,61,,1,3.0,2,3,3,0.013399,0.012486,0.003161
65,61,,1,4.0,2,3,3,0.0,0.0,0.0
65,61,,5,3.0,2,3,3,0.0,0.0,0.0
65,64,,1,3.0,2,3,2,0.435623,0.454745,0.075806
65,64,,1,4.0,2,3,2,0.002085,0.000177,3e-05
65,64,,2,3.0,2,3,2,0.087125,0.090949,0.016606
65,111,,4,4.0,2,3,8,0.0,0.0,0.0
65,131,,4,4.0,2,3,8,0.0,0.0,0.0
65,132,,5,3.0,2,3,8,0.0,0.0,0.0
65,171,,2,3.0,2,3,8,0.0,0.0,0.0
65,171,,4,4.0,2,3,7,0.0,0.0,0.0
65,261,,2,3.0,2,3,8,0.0,0.0,0.0
65,341,,2,3.0,2,3,8,0.0,0.0,0.0
65,363,,5,3.0,2,3,8,0.0,0.0,0.0
65,451,,5,3.0,2,3,8,0.001702,0.000259,0.00091
65,486,,1,3.0,2,3,7,0.0,0.0,0.0
65,512,,5,3.0,2,3,8,0.001413,0.000301,0.001168
65,531,,5,3.0,2,3,6,0.0,0.0,0.0
69,61,,1,3.0,2,3,3,0.054332,0.050629,0.015147
69,61,,1,4.0,2,3,3,0.0,0.0,0.0
69,61,,2,3.0,2,3,3,0.0,0.0,0.0
69,64,,1,3.0,2,3,2,2.119711,2.212757,0.449263
69,64,,1,4.0,2,3,2,0.008454,0.000716,0.000145
69,64,,2,3.0,2,3,2,0.0,0.0,0.0
69,111,,4,4.0,2,3,8,0.0,0.0,0.0
69,131,,4,4.0,2,3,8,0.0,0.0,0.0
69,132,,2,3.0,2,3,8,0.001312,0.000364,0.001066
69,171,,2,3.0,2,3,8,0.0,0.0,0.0
69,171,,4,4.0,2,3,7,0.0,0.0,0.0
69,212,,4,4.0,2,3,7,0.0,0.0,0.0
69,241,,2,3.0,2,3,8,0.002692,0.002824,0.008564
69,261,,2,3.0,2,3,8,0.0,0.0,0.0
69,341,,2,3.0,2,3,8,0.0,0.0,0.0
69,363,,2,3.0,2,3,8,0.000611,0.001167,0.003695
69,421,,1,4.0,2,3,8,0.0002,0.001249,0.003654
69,421,,4,4.0,2,3,8,0.0,0.0,0.0
69,451,,2,3.0,2,3,8,0.005299,0.001027,0.003122
69,486,,1,3.0,2,3,7,0.0,0.0,0.0
69,491,,4,4.0,2,3,4,0.0,0.0,0.0
69,512,,5,3.0,2,3,8,0.005728,0.001219,0.005243
69,531,,1,3.0,2,3,5,0.0,0.0,0.0
81,61,,5,3.0,2,3,6,0.0,0.0,0.0
81,64,,1,3.0,2,3,6,0.0,0.0,0.0
81,64,,2,3.0,2,3,6,0.0,0.0,0.0
81,64,,5,3.0,2,3,6,0.0,0.0,0.0
81,81,,1,4.0,2,3,1,0.406235,0.034413,0.000494
81,111,,4,4.0,2,3,6,0.0,0.0,0.0
81,131,,1,4.0,2,3,6,0.080146,0.007004,0.009892
81,131,,4,4.0,2,3,6,0.0,0.0,0.0
81,132,,5,3.0,2,3,7,0.070878,0.004348,0.008148
81,321,,4,4.0,2,3,4,0.0,0.0,0.0
81,363,,1,3.0,2,3,7,0.137432,0.367044,0.681204
81,371,,1,4.0,2,3,7,0.003128,0.000265,0.000415
81,486,,5,3.0,2,3,6,0.040767,0.152775,0.162183
81,512,,1,3.0,2,3,7,0.0,0.0,0.0
81,512,,5,3.0,2,3,8,0.217362,0.102979,0.210949
81,531,,5,3.0,2,3,7,0.0,0.0,0.0
89,61,,1,3.0,2,3,5,0.0,0.0,0.0
89,64,,1,3.0,2,3,6,0.0,0.0,0.0
89,81,,1,4.0,2,3,2,0.143286,0.012138,0.00202
89,111,,4,4.0,2,3,7,0.0,0.0,0.0
89,131,,1,4.0,2,3,6,0.02895,0.002481,0.003664
89,131,,4,4.0,2,3,6,0.0,0.0,0.0
89,132,,5,3.0,2,3,8,0.024966,0.001531,0.00318
89,363,,1,3.0,2,3,7,0.048948,0.129745,0.247512
89,371,,1,4.0,2,3,7,0.001164,9.9e-05,0.000162
89,486,,1,3.0,2,3,6,0.008975,0.033633,0.037332
89,486,,2,3.0,2,3,6,0.00359,0.013453,0.01537
89,486,,5,3.0,2,3,6,0.001795,0.006727,0.007805
89,512,,1,3.0,2,3,7,0.076563,0.036273,0.066646
89,531,,1,3.0,2,3,6,0.0,0.0,0.0
91,363,,1,3.0,2,3,2,0.0,0.0,0.0
92,363,,1,3.0,2,3,1,0.0,0.0,0.0
99,363,,1,3.0,2,3,2,0.0,0.0,0.0
111,512,,1,3.0,2,3,2,0.0,0.0,0.0
121,61,,2,3.0,2,3,8,0.0,0.0,0.0
121,111,,4,4.0,2,3,4,0.0,0.0,0.0
121,122,,1,3.0,2,3,3,0.024845,0.027122,0.008669
121,122,,1,4.0,2,3,3,0.0,0.0,0.0
121,122,,2,3.0,2,3,3,0.0,0.0,0.0
121,122,,5,3.0,2,3,3,0.012422,0.013561,0.004778
121,131,,4,4.0,2,3,3,0.0,0.0,0.0
121,132,,1,3.0,2,3,2,0.004342,0.003742,0.000592
121,139,,1,3.0,2,3,1,0.0,0.0,0.0
121,230,,2,3.0,2,3,7,0.0,0.0,0.0
121,371,,4,4.0,2,3,3,0.0,0.0,0.0
121,451,,2,3.0,2,3,3,0.002129,0.001709,0.000487
121,486,,2,3.0,2,3,6,0.0,0.0,0.0
121,512,,3,3.0,2,3,4,0.0,0.0,0.0
122,61,,2,3.0,2,3,8,0.0,0.0,0.0
122,111,,4,4.0,2,3,5,0.0,0.0,0.0
122,122,,1,3.0,2,3,1,0.051926,0.056685,0.002192
122,122,,1,4.0,2,3,1,0.0,0.0,0.0
122,122,,2,3.0,2,3,1,0.051926,0.328776,0.016289
122,122,,3,3.0,2,3,1,0.051926,0.056685,0.002613
122,131,,1,4.0,2,3,4,0.001463,0.000124,8.3e-05
122,131,,4,4.0,2,3,4,0.0,0.0,0.0
122,132,,1,3.0,2,3,3,0.018629,0.015737,0.007297
122,139,,2,3.0,2,3,3,0.0,0.0,0.0
122,230,,2,3.0,2,3,7,0.0,0.0,0.0
122,371,,4,4.0,2,3,4,0.0,0.0,0.0
122,451,,1,3.0,2,3,4,0.008899,0.007146,0.004166
122,486,,3,3.0,2,3,6,0.0,0.0,0.0
122,512,,3,3.0,2,3,5,0.001052,0.000278,0.000247
123,61,,2,3.0,2,3,8,0.0,0.0,0.0
123,111,,4,4.0,2,3,4,0.0,0.0,0.0
123,122,,1,3.0,2,3,2,0.073449,0.08018,0.018551
123,122,,1,4.0,2,3,2,0.0,0.0,0.0
123,131,,4,4.0,2,3,3,0.0,0.0,0.0
123,132,,1,3.0,2,3,3,0.002853,0.002458,0.000643
123,132,,5,3.0,2,3,3,0.005706,0.004916,0.00139
123,139,,1,3.0,2,3,2,0.0,0.0,0.0
123,230,,2,3.0,2,3,7,0.0,0.0,0.0
123,371,,4,4.0,2,3,3,0.0,0.0,0.0
123,451,,1,3.0,2,3,3,0.004196,0.003369,0.001271
123,486,,2,3.0,2,3,6,0.0,0.0,0.0
123,512,,2,3.0,2,3,5,0.0,0.0,0.0
124,61,,2,3.0,2,3,8,0.0,0.0,0.0
124,111,,4,4.0,2,3,5,0.0,0.0,0.0
124,122,,1,3.0,2,3,3,0.073238,0.07995,0.020249
124,122,,1,4.0,2,3,3,0.0,0.0,0.0
124,122,,5,3.0,2,3,3,0.0,0.0,0.0
124,131,,4,4.0,2,3,3,0.0,0.0,0.0
124,132,,1,3.0,2,3,3,0.009431,0.008177,0.002676
124,139,,1,3.0,2,3,3,0.0,0.0,0.0
124,230,,2,3.0,2,3,7,0.0,0.0,0.0
124,371,,4,4.0,2,3,3,0.0,0.0,0.0
124,451,,2,3.0,2,3,3,0.004787,0.00338,0.001531
124,486,,2,3.0,2,3,6,0.0,0.0,0.0
124,512,,2,3.0,2,3,5,0.0,0.0,0.0
129,61,,2,3.0,2,3,8,0.0,0.0,0.0
129,111,,4,4.0,2,3,5,0.0,0.0,0.0
129,122,,1,3.0,2,3,2,0.077192,0.084266,0.020866
129,122,,1,4.0,2,3,2,0.0,0.0,0.0
129,122,,5,3.0,2,3,3,0.019298,0.021066,0.006988
129,131,,4,4.0,2,3,3,0.0,0.0,0.0
129,132,,1,3.0,2,3,3,0.011243,0.009687,0.003442
129,139,,3,3.0,2,3,5,0.0,0.0,0.0
129,230,,2,3.0,2,3,7,0.0,0.0,0.0
129,371,,4,4.0,2,3,3,0.0,0.0,0.0
129,451,,1,3.0,2,3,3,0.004352,0.003102,0.001455
129,451,,5,3.0,2,3,4,0.002595,0.001644,0.000886
129,486,,5,3.0,2,3,5,0.0,0.0,0.0
129,512,,2,3.0,2,3,5,0.0,0.0,0.0
131,131,,1,4.0,2,3,1,0.00183,0.000245,9e-06
131,132,,1,3.0,2,3,3,0.03384,0.026982,0.006977
131,132,,2,3.0,2,3,3,0.001991,0.001587,0.000477
131,132,,5,3.0,2,3,3,0.005972,0.004762,0.001441
131,139,,1,3.0,2,3,3,0.0,0.0,0.0
131,451,,1,3.0,2,3,3,0.0,0.0,0.0
131,486,,2,3.0,2,3,5,0.0,0.0,0.0
131,512,,1,3.0,2,3,4,0.0,0.0,0.0
132,132,,1,3.0,2,3,1,0.002199,0.001753,6e-05
132,132,,2,3.0,2,3,1,0.0,0.0,0.0
132,486,,2,3.0,2,3,6,0.0,0.0,0.0
132,512,,3,3.0,2,3,4,0.0,0.0,0.0
139,131,,1,4.0,2,3,2,0.0,0.0,0.0
139,132,,1,3.0,2,3,2,0.010457,0.008307,0.001536
139,132,,2,3.0,2,3,2,0.0,0.0,0.0
139,132,,5,3.0,2,3,2,0.0,0.0,0.0
139,486,,2,3.0,2,3,5,0.0,0.0,0.0
139,512,,1,3.0,2,3,4,0.0,0.0,0.0
151,111,,4,4.0,2,3,8,0.0,0.0,0.0
151,151,,1,4.0,2,3,1,0.0,0.0,0.0
151,261,,5,4.0,2,3,8,0.008777,0.062145,0.311262
151,341,,4,4.0,2,3,8,0.0,0.0,0.0
151,471,,4,4.0,2,3,8,0.0,0.0,0.0
159,111,,4,4.0,2,3,8,0.0,0.0,0.0
159,151,,4,4.0,2,3,2,0.0,0.0,0.0
159,261,,5,4.0,2,3,8,0.003055,0.02163,0.110069
159,341,,4,4.0,2,3,8,0.0,0.0,0.0
159,471,,4,4.0,2,3,8,0.0,0.0,0.0
160,64,,1,3.0,2,3,5,0.0,0.0,0.0
160,64,,2,3.0,2,3,6,0.0,0.0,0.0
160,131,,1,4.0,2,3,8,0.023835,0.002019,0.004266
160,131,,4,4.0,2,3,7,0.0,0.0,0.0
160,212,,4,4.0,2,3,7,0.0,0.0,0.0
160,363,,1,4.0,2,3,8,0.077717,0.006584,0.016322
160,363,,5,3.0,2,3,8,0.24056,0.024649,0.06455
160,512,,2,3.0,2,3,8,0.160724,0.108263,0.289746
160,531,,1,3.0,2,3,4,0.233959,0.03123,0.017638
160,531,,1,4.0,2,3,4,0.008447,0.000716,0.000404
160,531,,2,3.0,2,3,4,0.05849,0.011332,0.007491
160,531,,4,4.0,2,3,3,0.0,0.0,0.0
171,111,,1,4.0,2,3,5,0.012135,0.003473,0.002744
171,111,,4,4.0,2,3,4,0.0,0.0,0.0
171,122,,1,3.0,2,3,6,0.0,0.0,0.0
171,122,,4,4.0,2,3,6,0.0,0.0,0.0
171,122,,5,3.0,2,3,6,0.0,0.0,0.0
171,131,,1,4.0,2,3,4,0.004966,0.000421,0.000314
171,131,,4,4.0,2,3,4,0.0,0.0,0.0
171,132,,2,3.0,2,3,6,0.00893,0.01444,0.015151
171,171,,1,3.0,2,3,1,0.0,0.0,0.0
171,171,,1,4.0,2,3,1,0.0,0.0,0.0
171,171,,3,3.0,2,3,1,0.0,0.0,0.0
171,212,,4,4.0,2,3,3,0.0,0.0,0.0
171,221,,2,3.0,2,3,5,0.0,0.0,0.0
171,223,,1,3.0,2,3,5,0.0,0.0,0.0
171,223,,2,3.0,2,3,5,0.0,0.0,0.0
171,223,,5,3.0,2,3,5,0.0,0.0,0.0
171,241,,1,3.0,2,3,5,0.052143,0.009634,0.00769
171,241,,2,3.0,2,3,5,0.0,0.0,0.0
171,261,,3,3.0,2,3,4,0.0,0.0,0.0
171,341,,1,3.0,2,3,5,0.019611,0.064452,0.054158
171,341,,2,3.0,2,3,5,0.002802,0.009207,0.008487
171,341,,5,3.0,2,3,5,0.008405,0.027622,0.025578
171,362,,3,3.0,2,3,6,0.0,0.0,0.0
171,363,,1,3.0,2,3,5,2.898222,1.025764,0.882889
171,363,,5,3.0,2,3,5,0.0,0.0,0.0
171,371,,1,4.0,2,3,5,0.008854,0.00075,0.00059
171,371,,4,4.0,2,3,4,0.0,0.0,0.0
171,399,,3,3.0,2,3,5,0.0,0.0,0.0
171,421,,1,3.0,2,3,5,0.0,0.0,0.0
171,421,,2,3.0,2,3,5,0.0,0.0,0.0
171,421,,4,4.0,2,3,4,0.0,0.0,0.0
171,451,,2,3.0,2,3,6,0.017073,0.004274,0.004547
171,512,,1,3.0,2,3,5,11.315852,17.24157,15.586985
171,512,,2,3.0,2,3,6,0.595571,0.907451,0.914347
171,512,,5,3.0,2,3,6,3.573427,5.444706,5.465933
171,531,,2,3.0,2,3,8,0.0,0.0,0.0
172,111,,4,4.0,2,3,4,0.0,0.0,0.0
172,122,,1,3.0,2,3,6,0.0,0.0,0.0
172,131,,4,4.0,2,3,3,0.0,0.0,0.0
172,132,,2,3.0,2,3,5,0.0,0.0,0.0
172,171,,1,4.0,2,3,3,0.0,0.0,0.0
172,171,,5,3.0,2,3,3,0.0,0.0,0.0
172,221,,2,3.0,2,3,4,0.0,0.0,0.0
172,223,,3,3.0,2,3,6,0.0,0.0,0.0
172,241,,2,3.0,2,3,5,0.0018,0.000349,0.000346
172,261,,2,3.0,2,3,4,0.0,0.0,0.0
172,341,,2,3.0,2,3,6,0.001064,0.003496,0.00378
172,362,,2,3.0,2,3,4,0.0,0.0,0.0
172,363,,1,3.0,2,3,5,0.100028,0.035403,0.035181
172,399,,3,3.0,2,3,6,0.0,0.0,0.0
172,451,,5,3.0,2,3,6,0.0,0.0,0.0
172,512,,1,3.0,2,3,5,0.356292,0.54287,0.511291
172,512,,2,3.0,2,3,6,0.089073,0.135718,0.14665
172,512,,5,3.0,2,3,6,0.089304,0.135833,0.147253
172,531,,2,3.0,2,3,8,0.0,0.0,0.0
179,111,,1,4.0,2,3,5,0.003048,0.000818,0.000651
179,111,,4,4.0,2,3,4,0.0,0.0,0.0
179,122,,1,3.0,2,3,6,0.0,0.0,0.0
179,122,,4,4.0,2,3,6,0.0,0.0,0.0
179,131,,4,4.0,2,3,3,0.0,0.0,0.0
179,132,,2,3.0,2,3,6,0.001777,0.002878,0.002916
179,171,,1,3.0,2,3,2,0.0,0.0,0.0
179,171,,1,4.0,2,3,2,0.0,0.0,0.0
179,212,,1,4.0,2,3,3,0.0,0.0,0.0
179,221,,2,3.0,2,3,5,0.0,0.0,0.0
179,223,,1,3.0,2,3,5,0.0,0.0,0.0
179,223,,5,3.0,2,3,5,0.0,0.0,0.0
179,241,,1,3.0,2,3,5,0.010405,0.001923,0.001551
179,261,,2,3.0,2,3,3,0.0,0.0,0.0
179,341,,1,3.0,2,3,5,0.00246,0.008084,0.007458
179,341,,2,3.0,2,3,6,0.00123,0.004042,0.004142
179,341,,5,3.0,2,3,6,0.00246,0.008084,0.00833
179,362,,2,3.0,2,3,4,0.0,0.0,0.0
179,363,,1,3.0,2,3,5,0.578369,0.204722,0.192679
179,371,,1,4.0,2,3,5,0.001777,0.000151,0.000114
179,371,,4,4.0,2,3,4,0.0,0.0,0.0
179,399,,3,3.0,2,3,6,0.0,0.0,0.0
179,421,,1,3.0,2,3,5,0.0,0.0,0.0
179,421,,4,4.0,2,3,4,0.0,0.0,0.0
179,451,,2,3.0,2,3,6,0.003407,0.000853,0.000894
179,512,,1,3.0,2,3,5,2.354309,3.587178,3.289733
179,512,,2,3.0,2,3,6,0.294289,0.448397,0.482205
179,512,,5,3.0,2,3,6,0.441433,0.672596,0.731096
179,531,,1,3.0,2,3,8,0.0,0.0,0.0
179,531,,2,3.0,2,3,8,0.0,0.0,0.0
181,61,,1,3.0,2,3,8,0.0,0.0,0.0
181,64,,2,3.0,2,3,8,0.0,0.0,0.0
181,111,,4,4.0,2,3,4,0.0,0.0,0.0
181,131,,4,4.0,2,3,4,0.0,0.0,0.0
181,132,,2,3.0,2,3,6,0.051584,0.080764,0.082347
181,171,,1,4.0,2,3,1,0.00622,0.003222,0.000235
181,171,,2,3.0,2,3,1,0.0,0.0,0.0
181,181,,1,3.0,2,3,1,0.0,0.0,0.0
181,211,,1,4.0,2,3,3,0.0,0.0,0.0
181,230,,2,3.0,2,3,6,0.003138,0.002254,0.002815
181,241,,1,3.0,2,3,4,0.00759,0.00212,0.00153
181,261,,1,3.0,2,3,3,0.496387,0.722776,0.194478
181,341,,1,3.0,2,3,5,0.002763,0.011512,0.008956
181,341,,2,3.0,2,3,5,0.000921,0.003837,0.003349
181,341,,5,3.0,2,3,5,0.000921,0.003837,0.003355
181,362,,2,3.0,2,3,4,0.147851,0.198386,0.10308
181,363,,1,3.0,2,3,5,0.054847,0.071012,0.05712
181,363,,4,4.0,2,3,4,0.0,0.0,0.0
181,399,,2,3.0,2,3,2,0.154086,0.455096,0.104844
181,421,,2,3.0,2,3,5,0.0,0.0,0.0
181,421,,4,4.0,2,3,4,0.0,0.0,0.0
181,451,,2,3.0,2,3,6,0.009514,0.014011,0.014502
181,486,,2,3.0,2,3,6,0.0,0.0,0.0
181,512,,1,3.0,2,3,5,0.080459,0.080021,0.067231
181,512,,2,3.0,2,3,5,0.080459,0.080021,0.078311
181,531,,1,3.0,2,3,8,0.0,0.0,0.0
182,61,,1,3.0,2,3,8,0.0,0.0,0.0
182,61,,5,3.0,2,3,8,0.0,0.0,0.0
182,64,,5,3.0,2,3,8,0.0,0.0,0.0
182,111,,1,4.0,2,3,4,0.001729,0.000146,8.7e-05
182,111,,4,4.0,2,3,3,0.0,0.0,0.0
182,131,,1,4.0,2,3,4,0.001208,0.000102,5.6e-05
182,131,,4,4.0,2,3,3,0.0,0.0,0.0
182,132,,1,3.0,2,3,5,0.21934,0.34335,0.267674
182,132,,5,3.0,2,3,5,0.0,0.0,0.0
182,171,,1,4.0,2,3,2,0.026439,0.013696,0.002833
182,171,,2,3.0,2,3,3,0.0,0.0,0.0
182,181,,2,3.0,2,3,2,0.0,0.0,0.0
182,182,,1,4.0,2,3,1,0.0,0.0,0.0
182,211,,1,4.0,2,3,2,0.0,0.0,0.0
182,230,,5,3.0,2,3,6,0.013339,0.00958,0.012445
182,241,,5,3.0,2,3,4,0.032262,0.009009,0.006684
182,261,,2,3.0,2,3,3,1.055565,1.537048,0.479509
182,261,,5,3.0,2,3,3,1.055576,1.537065,0.481241
182,341,,1,3.0,2,3,4,0.013049,0.054372,0.039713
182,341,,5,3.0,2,3,5,0.006525,0.027186,0.023716
182,362,,1,3.0,2,3,4,0.628462,0.843269,0.438766
182,362,,5,3.0,2,3,3,0.0,0.0,0.0
182,363,,1,3.0,2,3,4,0.183177,0.237164,0.177862
182,363,,1,4.0,2,3,4,0.002391,0.000203,0.000152
182,363,,4,4.0,2,3,4,0.0,0.0,0.0
182,363,,5,3.0,2,3,5,0.049957,0.064681,0.058105
182,371,,4,4.0,2,3,3,0.002378,0.000214,9.2e-05
182,399,,5,3.0,2,3,2,0.654966,1.934451,0.439535
182,421,,1,3.0,2,3,4,0.0,0.0,0.0
182,421,,4,4.0,2,3,4,0.0,0.0,0.0
182,451,,5,3.0,2,3,5,0.040439,0.059557,0.055684
182,486,,2,3.0,2,3,6,0.0,0.0,0.0
182,512,,1,3.0,2,3,4,0.513,0.510211,0.370921
182,512,,5,3.0,2,3,5,0.171273,0.17013,0.146558
182,531,,5,3.0,2,3,8,0.0,0.0,0.0
183,61,,1,3.0,2,3,8,0.0,0.0,0.0
183,64,,5,3.0,2,3,8,0.0,0.0,0.0
183,111,,4,4.0,2,3,3,0.0,0.0,0.0
183,131,,4,4.0,2,3,4,0.0,0.0,0.0
183,132,,1,3.0,2,3,5,0.04977,0.077578,0.065442
183,171,,1,4.0,2,3,2,0.005954,0.003084,0.000578
183,171,,2,3.0,2,3,2,0.0,0.0,0.0
183,181,,2,3.0,2,3,2,0.0,0.0,0.0
183,211,,1,4.0,2,3,2,0.0,0.0,0.0
183,230,,5,3.0,2,3,6,0.003004,0.002157,0.002645
183,241,,1,3.0,2,3,4,0.007265,0.002029,0.001208
183,261,,1,3.0,2,3,2,0.475163,0.691873,0.135333
183,341,,1,3.0,2,3,4,0.001469,0.006122,0.00401
183,341,,2,3.0,2,3,4,0.001469,0.006122,0.004591
183,341,,5,3.0,2,3,5,0.001469,0.006122,0.004593
183,362,,5,3.0,2,3,3,0.14153,0.189904,0.074907
183,363,,1,3.0,2,3,4,0.040835,0.05287,0.03606
183,363,,2,3.0,2,3,5,0.005834,0.007553,0.005863
183,363,,4,4.0,2,3,4,0.0,0.0,0.0
183,363,,5,3.0,2,3,5,0.005834,0.007553,0.005864
183,371,,4,4.0,2,3,3,0.0,0.0,0.0
183,399,,5,3.0,2,3,2,0.147498,0.435638,0.049641
183,421,,4,4.0,2,3,4,0.0,0.0,0.0
183,421,,5,3.0,2,3,4,0.0,0.0,0.0
183,451,,1,3.0,2,3,5,0.009107,0.013412,0.010492
183,486,,2,3.0,2,3,6,0.0,0.0,0.0
183,512,,1,3.0,2,3,4,0.154037,0.153199,0.112066
183,512,,5,3.0,2,3,5,0.0,0.0,0.0
183,531,,1,3.0,2,3,8,0.0,0.0,0.0
189,61,,1,3.0,2,3,8,0.0,0.0,0.0
189,64,,1,3.0,2,3,8,0.0,0.0,0.0
189,111,,1,4.0,2,3,4,0.001504,0.000127,8.1e-05
189,111,,4,4.0,2,3,4,0.0,0.0,0.0
189,131,,1,4.0,2,3,4,0.002768,0.000235,0.000127
189,131,,4,4.0,2,3,3,0.0,0.0,0.0
189,132,,1,3.0,2,3,5,0.189506,0.296699,0.230031
189,171,,1,4.0,2,3,2,0.022849,0.011836,0.002592
189,171,,2,3.0,2,3,3,0.0,0.0,0.0
189,181,,2,3.0,2,3,2,0.0,0.0,0.0
189,182,,1,4.0,2,3,2,0.0,0.0,0.0
189,211,,1,4.0,2,3,2,0.0,0.0,0.0
189,230,,2,3.0,2,3,6,0.011528,0.008279,0.010433
189,241,,1,3.0,2,3,4,0.013941,0.003893,0.002531
189,241,,2,3.0,2,3,5,0.013941,0.003893,0.003118
189,261,,1,3.0,2,3,3,1.823526,2.65519,0.841553
189,341,,1,3.0,2,3,4,0.011278,0.046991,0.035179
189,341,,2,3.0,2,3,5,0.002874,0.011779,0.010546
189,341,,5,3.0,2,3,5,0.002819,0.011748,0.010657
189,362,,1,3.0,2,3,4,0.543146,0.728792,0.386866
189,363,,1,3.0,2,3,5,0.201523,0.260913,0.202661
189,363,,1,4.0,2,3,5,0.002109,0.000179,0.000139
189,363,,4,4.0,2,3,4,0.0,0.0,0.0
189,371,,1,4.0,2,3,4,0.002102,0.000178,0.000107
189,371,,4,4.0,2,3,3,0.0,0.0,0.0
189,399,,3,3.0,2,3,7,0.566052,1.671842,2.577973
189,421,,3,3.0,2,3,8,0.0,0.0,0.0
189,421,,4,4.0,2,3,4,0.0,0.0,0.0
189,451,,1,3.0,2,3,4,0.03516,0.051532,0.038174
189,486,,2,3.0,2,3,6,0.0,0.0,0.0
189,512,,1,3.0,2,3,5,0.0,0.0,0.0
189,512,,5,3.0,2,3,5,0.591145,0.58793,0.52336
189,531,,1,3.0,2,3,8,0.0,0.0,0.0
189,531,,5,3.0,2,3,8,0.0,0.0,0.0
190,61,,1,3.0,2,3,7,0.519524,0.279723,0.488316
190,61,,2,3.0,2,3,7,0.152609,0.082203,0.162735
190,61,,5,3.0,2,3,7,0.123475,0.066258,0.131709
190,64,,1,3.0,2,3,7,0.0,0.0,0.0
190,64,,5,3.0,2,3,7,0.0,0.0,0.0
190,111,,4,4.0,2,3,5,0.0,0.0,0.0
190,131,,1,4.0,2,3,5,0.066334,0.005619,0.005356
190,131,,4,4.0,2,3,5,0.0,0.0,0.0
190,132,,2,3.0,2,3,6,0.207468,0.086635,0.117519
190,171,,1,3.0,2,3,3,0.010251,0.057373,0.02058
190,171,,1,4.0,2,3,3,0.012197,0.001679,0.000602
190,171,,5,3.0,2,3,3,0.005431,0.031747,0.011485
190,190,,1,4.0,2,3,2,0.005528,0.000468,5.6e-05
190,223,,3,3.0,2,3,6,30.487988,204.510223,302.992077
190,230,,2,3.0,2,3,7,0.0,0.0,0.0
190,261,,2,3.0,2,3,4,0.0,0.0,0.0
190,271,,1,4.0,2,3,3,0.0,0.0,0.0
190,311,,1,4.0,2,3,2,0.0,0.0,0.0
190,341,,1,3.0,2,3,6,0.032462,0.028997,0.033747
190,341,,2,3.0,2,3,6,0.00794,0.007012,0.008772
190,362,,2,3.0,2,3,5,0.0,0.0,0.0
190,363,,1,3.0,2,3,6,5.862982,1.678797,2.004731
190,363,,2,3.0,2,3,6,0.0,0.0,0.0
190,399,,2,3.0,2,3,4,0.0,0.0,0.0
190,421,,1,3.0,2,3,6,0.0,0.0,0.0
190,451,,1,3.0,2,3,6,0.0,0.0,0.0
190,471,,4,4.0,2,3,4,0.0,0.0,0.0
190,486,,1,3.0,2,3,6,0.0,0.0,0.0
190,512,,1,3.0,2,3,6,3.536175,1.673618,2.019821
190,512,,2,3.0,2,3,6,3.53541,1.673244,2.256263
190,512,,5,3.0,2,3,6,0.0,0.0,0.0
190,531,,1,3.0,2,3,7,0.0,0.0,0.0
190,531,,2,3.0,2,3,8,0.0,0.0,0.0
190,531,,5,3.0,2,3,8,0.0,0.0,0.0
201,111,,4,4.0,2,3,5,0.0,0.0,0.0
201,132,,2,3.0,2,3,6,0.0,0.0,0.0
201,171,,4,4.0,2,3,3,0.0,0.0,0.0
201,341,,1,3.0,2,3,6,0.0,0.0,0.0
201,363,,1,3.0,2,3,6,0.114775,0.203304,0.252333
201,451,,2,3.0,2,3,6,3.123333,0.605144,0.850516
201,483,,2,3.0,2,3,5,0.0,0.0,0.0
201,484,,4,4.0,2,3,3,0.0,0.0,0.0
201,486,,1,3.0,2,3,5,0.0,0.0,0.0
201,512,,1,3.0,2,3,6,1.774111,2.455109,2.910074
201,512,,5,3.0,2,3,6,0.0,0.0,0.0
201,551,,2,3.0,2,3,4,3.34764,24.624281,13.597938
202,111,,4,4.0,2,3,6,0.0,0.0,0.0
202,132,,5,3.0,2,3,6,0.0,0.0,0.0
202,171,,4,4.0,2,3,4,0.0,0.0,0.0
202,363,,1,3.0,2,3,6,0.057294,0.101486,0.145488
202,451,,5,3.0,2,3,7,1.559123,0.158293,0.237643
202,483,,5,3.0,2,3,5,0.0,0.0,0.0
202,484,,4,4.0,2,3,3,0.0,0.0,0.0
202,486,,1,3.0,2,3,4,0.0,0.0,0.0
202,512,,1,3.0,2,3,6,0.885611,1.225555,1.661742
202,551,,5,3.0,2,3,4,1.671094,12.292094,9.204968
209,111,,4,4.0,2,3,6,0.0,0.0,0.0
209,132,,1,3.0,2,3,6,0.0,0.0,0.0
209,171,,4,4.0,2,3,4,0.0,0.0,0.0
209,363,,1,3.0,2,3,6,0.061956,0.109745,0.159839
209,363,,2,3.0,2,3,7,0.010326,0.018291,0.029073
209,451,,2,3.0,2,3,7,1.967384,0.38118,0.571938
209,483,,2,3.0,2,3,5,0.0,0.0,0.0
209,484,,4,4.0,2,3,3,0.0,0.0,0.0
209,486,,1,3.0,2,3,5,0.0,0.0,0.0
209,512,,1,3.0,2,3,6,1.118936,1.546645,2.147519
209,512,,2,3.0,2,3,7,0.0,0.0,0.0
209,512,,5,3.0,2,3,7,0.0,0.0,0.0
209,551,,2,3.0,2,3,5,2.108259,15.50775,12.082367
211,131,,4,4.0,2,3,3,0.0,0.0,0.0
211,132,,2,3.0,2,3,5,0.0,0.0,0.0
211,512,,1,3.0,2,3,4,0.0,0.0,0.0
211,512,,5,3.0,2,3,4,0.0,0.0,0.0
212,131,,4,4.0,2,3,3,0.0,0.0,0.0
212,132,,1,3.0,2,3,4,0.0,0.0,0.0
212,132,,2,3.0,2,3,4,0.0,0.0,0.0
212,132,,5,3.0,2,3,4,0.0,0.0,0.0
212,451,,1,3.0,2,3,4,0.001449,0.00014,8.3e-05
212,512,,1,3.0,2,3,4,0.002767,0.001105,0.000713
212,512,,2,3.0,2,3,5,0.0,0.0,0.0
212,512,,5,3.0,2,3,5,0.0,0.0,0.0
219,131,,1,4.0,2,3,3,0.0,0.0,0.0
219,132,,1,3.0,2,3,4,0.002173,0.000515,0.000303
219,132,,2,3.0,2,3,4,0.0,0.0,0.0
219,132,,5,3.0,2,3,4,0.0,0.0,0.0
219,451,,1,3.0,2,3,4,0.001843,0.000173,9.9e-05
219,512,,1,3.0,2,3,4,0.003616,0.001489,0.000975
219,512,,2,3.0,2,3,5,0.0,0.0,0.0
219,512,,5,3.0,2,3,5,0.0,0.0,0.0
221,64,,1,3.0,2,3,8,0.0,0.0,0.0
221,111,,1,4.0,2,3,6,0.00198,0.000168,0.000195
221,131,,1,4.0,2,3,4,0.650154,0.055077,0.030269
221,131,,4,4.0,2,3,3,0.0,0.0,0.0
221,132,,2,3.0,2,3,5,0.013514,0.002618,0.002192
221,221,,1,3.0,2,3,1,2.328034,11.55869,0.180635
221,221,,3,3.0,2,3,1,1.164017,3.661137,0.072977
221,223,,3,3.0,2,3,2,12.084159,83.000488,9.734708
221,371,,4,4.0,2,3,4,0.0,0.0,0.0
221,486,,1,3.0,2,3,3,0.11132,0.231936,0.067339
221,512,,3,3.0,2,3,7,0.0,0.0,0.0
222,64,,1,3.0,2,3,8,0.0,0.0,0.0
222,131,,1,4.0,2,3,4,0.147906,0.01253,0.008455
222,131,,4,4.0,2,3,4,0.0,0.0,0.0
222,132,,2,3.0,2,3,5,0.003883,0.000755,0.000721
222,221,,3,3.0,2,3,2,0.793753,2.496559,0.532833
222,223,,1,3.0,2,3,2,2.746762,18.866238,3.868081
222,371,,4,4.0,2,3,5,0.0,0.0,0.0
222,486,,1,3.0,2,3,2,0.025303,0.05272,0.009039
222,486,,2,3.0,2,3,2,0.0,0.0,0.0
222,486,,3,3.0,2,3,2,0.0,0.0,0.0
222,486,,5,3.0,2,3,2,0.0,0.0,0.0
222,512,,3,3.0,2,3,7,0.0,0.0,0.0
223,64,,1,3.0,2,3,8,0.0,0.0,0.0
223,111,,1,4.0,2,3,6,0.002452,0.000208,0.000229
223,131,,1,4.0,2,3,3,0.974509,0.082554,0.040392
223,131,,4,4.0,2,3,3,0.0,0.0,0.0
223,132,,1,3.0,2,3,4,0.0,0.0,0.0
223,132,,2,3.0,2,3,5,0.020265,0.003926,0.003025
223,221,,5,3.0,2,3,1,5.236618,16.47053,1.553026
223,223,,1,3.0,2,3,1,0.0,0.0,0.0
223,223,,2,3.0,2,3,1,9.060595,57.36845,2.612284
223,223,,3,3.0,2,3,1,9.060595,62.233036,2.339488
223,371,,4,4.0,2,3,4,0.0,0.0,0.0
223,486,,1,3.0,2,3,3,0.166933,0.347807,0.125745
223,512,,3,3.0,2,3,7,0.0,0.0,0.0
229,64,,1,3.0,2,3,8,0.0,0.0,0.0
229,111,,1,4.0,2,3,6,0.00261,0.000221,0.000263
229,131,,1,4.0,2,3,4,1.04785,0.088767,0.051917
229,131,,4,4.0,2,3,3,0.0,0.0,0.0
229,132,,1,3.0,2,3,5,0.005441,0.000461,0.000358
229,132,,2,3.0,2,3,5,0.010882,0.002108,0.001869
229,132,,5,3.0,2,3,6,0.005542,0.000488,0.000588
229,221,,3,3.0,2,3,2,5.62417,17.689482,4.109313
229,223,,1,3.0,2,3,2,17.516075,120.309807,26.016331
229,223,,3,3.0,2,3,3,1.946231,13.367756,4.15326
229,371,,4,4.0,2,3,4,0.0,0.0,0.0
229,486,,1,3.0,2,3,3,0.156877,0.326854,0.090114
229,486,,2,3.0,2,3,3,0.022411,0.046693,0.012678
229,486,,5,3.0,2,3,3,0.0,0.0,0.0
229,512,,3,3.0,2,3,8,0.0,0.0,0.0
230,230,,1,3.0,2,3,2,0.003416,0.000551,7e-05
241,64,,2,3.0,2,3,8,0.40002,0.51016,1.558832
241,111,,1,4.0,2,3,1,0.005652,0.000479,2.3e-05
241,241,,1,3.0,2,3,1,0.038546,0.055476,0.001435
241,241,,2,3.0,2,3,1,0.0,0.0,0.0
241,512,,2,3.0,2,3,3,0.005274,0.001022,0.000277
242,64,,2,3.0,2,3,8,0.28937,0.369044,1.111531
242,111,,1,4.0,2,3,1,0.00406,0.000344,6e-06
242,241,,1,3.0,2,3,1,0.027884,0.04013,0.001608
242,512,,2,3.0,2,3,2,0.003815,0.000739,0.000159
249,64,,2,3.0,2,3,8,0.062481,0.079684,0.243037
249,111,,1,4.0,2,3,1,0.0,0.0,0.0
249,241,,1,3.0,2,3,1,0.006021,0.008665,0.00079
251,64,,2,3.0,2,3,8,0.0,0.0,0.0
251,212,,4,4.0,2,3,5,0.0,0.0,0.0
251,230,,2,3.0,2,3,3,0.038183,0.04972,0.013575
251,341,,1,3.0,2,3,3,0.0,0.0,0.0
251,363,,1,3.0,2,3,2,0.003031,0.000844,0.000186
251,451,,2,3.0,2,3,6,0.0,0.0,0.0
259,64,,2,3.0,2,3,8,0.0,0.0,0.0
259,212,,4,4.0,2,3,5,0.0,0.0,0.0
259,230,,2,3.0,2,3,3,0.002629,0.003423,0.001294
261,261,,1,3.0,2,3,1,0.0,0.0,0.0
261,363,,1,3.0,2,3,4,0.028471,0.007725,0.005207
261,363,,2,3.0,2,3,5,0.003559,0.000966,0.000742
261,363,,5,3.0,2,3,5,0.003559,0.000966,0.000744
261,421,,4,4.0,2,3,3,0.0,0.0,0.0
261,512,,1,3.0,2,3,4,0.03258,0.034894,0.025537
261,512,,2,3.0,2,3,5,0.0,0.0,0.0
261,512,,5,3.0,2,3,5,0.0,0.0,0.0
262,363,,1,3.0,2,3,5,0.008865,0.002405,0.001961
262,421,,4,4.0,2,3,4,0.0,0.0,0.0
262,512,,1,3.0,2,3,5,0.006052,0.006579,0.005651
262,512,,5,3.0,2,3,5,0.002213,0.002371,0.002275
269,261,,3,3.0,2,3,3,0.0,0.0,0.0
269,363,,1,3.0,2,3,5,0.012655,0.003434,0.002732
269,363,,2,3.0,2,3,5,0.001918,0.00136,0.001288
269,363,,5,3.0,2,3,5,0.0,0.0,0.0
269,421,,4,4.0,2,3,4,0.0,0.0,0.0
269,512,,1,3.0,2,3,5,0.006436,0.006893,0.005988
269,512,,2,3.0,2,3,5,0.005644,0.005599,0.005522
269,512,,5,3.0,2,3,6,0.001287,0.001379,0.001383
271,61,,1,3.0,2,3,7,0.0,0.0,0.0
271,64,,4,4.0,2,3,7,0.0,0.0,0.0
271,101,,2,3.0,2,3,6,0.0,0.0,0.0
271,131,,4,4.0,2,3,5,0.0,0.0,0.0
271,132,,2,3.0,2,3,6,0.006128,0.028267,0.041576
271,171,,1,4.0,2,3,3,0.012128,0.003852,0.001637
271,171,,4,4.0,2,3,3,0.0,0.0,0.0
271,230,,2,3.0,2,3,7,0.01902,0.030171,0.051161
271,261,,2,3.0,2,3,5,0.0,0.0,0.0
271,271,,1,4.0,2,3,1,0.00493,0.000418,1e-05
271,279,,2,3.0,2,3,3,0.0,0.0,0.0
271,341,,1,3.0,2,3,6,12.323631,60.160957,79.67399
271,363,,1,3.0,2,3,6,0.25347,0.038511,0.052142
271,421,,1,3.0,2,3,6,0.020027,0.141917,0.196681
271,451,,2,3.0,2,3,6,0.271148,0.102756,0.153383
271,511,,2,3.0,2,3,6,0.0,0.0,0.0
271,512,,1,3.0,2,3,6,1.624306,0.879822,1.222074
271,512,,5,3.0,2,3,6,0.928434,0.502812,0.731848
279,64,,4,4.0,2,3,7,0.0,0.0,0.0
279,101,,2,3.0,2,3,6,0.0,0.0,0.0
279,131,,4,4.0,2,3,5,0.0,0.0,0.0
279,132,,2,3.0,2,3,7,0.001583,0.007301,0.011429
279,171,,1,4.0,2,3,4,0.003133,0.000995,0.00052
279,171,,4,4.0,2,3,3,0.0,0.0,0.0
279,230,,2,3.0,2,3,7,0.004913,0.007793,0.013868
279,261,,3,3.0,2,3,6,0.0,0.0,0.0
279,271,,1,4.0,2,3,2,0.001274,0.000108,1.7e-05
279,279,,1,3.0,2,3,3,0.0,0.0,0.0
279,341,,1,3.0,2,3,6,3.183232,15.539762,21.677147
279,363,,1,3.0,2,3,6,0.065867,0.010347,0.014826
279,363,,5,3.0,2,3,6,0.0,0.0,0.0
279,421,,5,3.0,2,3,6,0.005173,0.036658,0.051428
279,451,,2,3.0,2,3,7,0.070038,0.026542,0.042167
279,511,,2,3.0,2,3,6,0.0,0.0,0.0
279,512,,1,3.0,2,3,6,0.494485,0.267843,0.387784
279,512,,2,3.0,2,3,7,0.082414,0.044641,0.069184
279,512,,5,3.0,2,3,7,0.082902,0.044884,0.069735
280,132,,1,3.0,2,3,4,0.0,0.0,0.0
280,451,,1,3.0,2,3,4,0.008471,0.013397,0.009121
280,451,,2,3.0,2,3,5,0.001059,0.001675,0.00141
280,486,,1,3.0,2,3,4,0.0,0.0,0.0
291,131,,4,4.0,2,3,4,0.0,0.0,0.0
291,132,,2,3.0,2,3,6,0.016756,0.009841,0.012518
291,171,,4,4.0,2,3,3,0.0,0.0,0.0
291,341,,4,4.0,2,3,6,0.0,0.0,0.0
291,363,,1,3.0,2,3,6,0.080246,0.158258,0.196669
291,363,,5,3.0,2,3,6,0.0,0.0,0.0
291,451,,2,3.0,2,3,6,0.007041,0.004832,0.006741
291,512,,1,3.0,2,3,6,0.032023,0.017608,0.020789
291,512,,5,3.0,2,3,6,0.006405,0.003522,0.005054
292,111,,4,4.0,2,3,4,0.0,0.0,0.0
292,131,,4,4.0,2,3,3,0.0,0.0,0.0
292,132,,2,3.0,2,3,5,0.033027,0.019354,0.01885
292,171,,1,4.0,2,3,3,0.0,0.0,0.0
292,341,,4,4.0,2,3,5,0.0,0.0,0.0
292,363,,1,3.0,2,3,6,0.15881,0.313196,0.31968
292,451,,2,3.0,2,3,6,0.013967,0.009587,0.009785
292,512,,1,3.0,2,3,5,0.044599,0.024511,0.023393
292,512,,2,3.0,2,3,6,0.00666,0.003796,0.004138
292,512,,5,3.0,2,3,6,0.02535,0.013939,0.015207
299,131,,4,4.0,2,3,4,0.0,0.0,0.0
299,132,,1,3.0,2,3,5,0.017001,0.009975,0.009161
299,171,,4,4.0,2,3,3,0.0,0.0,0.0
299,341,,4,4.0,2,3,5,0.0,0.0,0.0
299,363,,1,3.0,2,3,6,0.081971,0.161659,0.188715
299,451,,2,3.0,2,3,6,0.007149,0.004903,0.005643
299,512,,1,3.0,2,3,6,0.018585,0.01013,0.010935
299,512,,2,3.0,2,3,6,0.013085,0.007195,0.009027
299,512,,5,3.0,2,3,6,0.008267,0.004407,0.005601
300,531,,1,4.0,2,3,4,0.005589,0.005124,0.003753
311,111,,1,4.0,2,3,6,0.00841,0.001374,0.001672
311,111,,4,4.0,2,3,6,0.0,0.0,0.0
311,122,,4,4.0,2,3,6,0.0,0.0,0.0
311,132,,2,3.0,2,3,6,1.325992,0.273193,0.381557
311,171,,1,4.0,2,3,3,0.027817,0.002629,0.001282
311,171,,4,4.0,2,3,3,0.0,0.0,0.0
311,230,,2,3.0,2,3,7,0.0,0.0,0.0
311,341,,1,3.0,2,3,6,0.035765,0.06356,0.082857
311,363,,1,3.0,2,3,6,0.162587,0.322517,0.429473
311,363,,4,4.0,2,3,6,0.0,0.0,0.0
311,451,,2,3.0,2,3,7,3.462595,0.670876,1.011224
311,484,,4,4.0,2,3,4,0.0,0.0,0.0
311,512,,1,3.0,2,3,6,0.440434,0.214449,0.286827
311,512,,2,3.0,2,3,7,0.440434,0.214449,0.321853
311,512,,5,3.0,2,3,7,0.0,0.0,0.0
311,531,,2,3.0,2,3,7,0.0,0.0,0.0
319,111,,1,4.0,2,3,6,0.005901,0.001115,0.001472
319,111,,4,4.0,2,3,6,0.0,0.0,0.0
319,122,,4,4.0,2,3,6,0.0,0.0,0.0
319,131,,4,4.0,2,3,5,0.0,0.0,0.0
319,132,,2,3.0,2,3,7,1.091817,0.224946,0.340026
319,171,,1,4.0,2,3,4,0.022905,0.002165,0.001342
319,171,,4,4.0,2,3,4,0.0,0.0,0.0
319,230,,2,3.0,2,3,7,0.0,0.0,0.0
319,341,,1,3.0,2,3,6,0.014724,0.026168,0.037197
319,341,,2,3.0,2,3,7,0.007362,0.013084,0.020056
319,341,,5,3.0,2,3,7,0.007362,0.013084,0.020212
319,363,,1,3.0,2,3,6,0.100405,0.199169,0.287751
319,363,,2,3.0,2,3,7,0.016734,0.033195,0.051493
319,363,,4,4.0,2,3,6,0.0,0.0,0.0
319,363,,5,3.0,2,3,7,0.016734,0.033195,0.05188
319,451,,1,3.0,2,3,6,2.851089,0.289361,0.405383
319,484,,4,4.0,2,3,4,0.0,0.0,0.0
319,512,,1,3.0,2,3,6,0.362652,0.176577,0.254557
319,512,,5,3.0,2,3,7,0.363545,0.176807,0.290635
319,531,,2,3.0,2,3,7,0.0,0.0,0.0
321,61,,1,3.0,2,3,3,0.003684,0.003685,0.00111
321,131,,4,4.0,2,3,7,0.0,0.0,0.0
321,132,,2,3.0,2,3,8,0.0,0.0,0.0
321,321,,1,4.0,2,3,1,0.0,0.0,0.0
321,512,,2,3.0,2,3,8,0.0,0.0,0.0
329,61,,1,3.0,2,3,4,0.001314,0.001315,0.000675
329,131,,4,4.0,2,3,7,0.0,0.0,0.0
329,132,,2,3.0,2,3,8,0.0,0.0,0.0
329,321,,1,4.0,2,3,3,0.0,0.0,0.0
329,512,,2,3.0,2,3,8,0.0,0.0,0.0
331,230,,1,3.0,2,3,2,0.0,0.0,0.0
339,230,,1,3.0,2,3,2,0.0,0.0,0.0
341,64,,5,3.0,2,3,8,0.066641,0.076383,0.406083
341,101,,2,3.0,2,3,2,0.0,0.0,0.0
341,111,,1,4.0,2,3,2,0.008214,0.000696,0.000164
341,131,,1,4.0,2,3,5,0.002416,0.000276,0.000239
341,131,,4,4.0,2,3,4,0.0,0.0,0.0
341,132,,2,3.0,2,3,5,0.007868,0.001818,0.00152
341,212,,4,4.0,2,3,4,0.0,0.0,0.0
341,230,,2,3.0,2,3,4,0.028779,0.019656,0.011727
341,341,,1,3.0,2,3,1,0.004192,0.005665,0.000188
341,341,,2,3.0,2,3,1,0.0,0.0,0.0
341,341,,3,3.0,2,3,2,0.0,0.0,0.0
341,363,,1,3.0,2,3,1,0.080375,0.14598,0.005683
341,363,,1,4.0,2,3,1,0.0,0.0,0.0
341,421,,1,3.0,2,3,1,0.0,0.0,0.0
341,451,,2,3.0,2,3,4,0.583516,0.113056,0.083056
341,491,,4,4.0,2,3,7,0.0,0.0,0.0
341,512,,1,3.0,2,3,3,0.000892,0.001537,0.000583
342,64,,2,3.0,2,3,8,0.011167,0.0128,0.040148
342,111,,1,4.0,2,3,2,0.002205,0.000187,2.9e-05
342,131,,4,4.0,2,3,4,0.0,0.0,0.0
342,132,,2,3.0,2,3,5,0.001258,0.000273,0.000213
342,212,,4,4.0,2,3,4,0.0,0.0,0.0
342,230,,2,3.0,2,3,4,0.004822,0.003294,0.002239
342,341,,1,3.0,2,3,1,0.0,0.0,0.0
342,341,,5,3.0,2,3,1,0.0,0.0,0.0
342,363,,1,3.0,2,3,2,0.013468,0.024462,0.002576
342,363,,1,4.0,2,3,2,0.0,0.0,0.0
342,363,,5,3.0,2,3,2,0.0,0.0,0.0
342,421,,1,3.0,2,3,1,0.0,0.0,0.0
342,451,,2,3.0,2,3,4,0.097781,0.018945,0.012819
342,491,,4,4.0,2,3,7,0.0,0.0,0.0
342,512,,3,3.0,2,3,3,0.0,0.0,0.0
350,486,,1,3.0,2,3,5,0.016,0.02002,0.016249
361,64,,2,3.0,2,3,8,0.0,0.0,0.0
361,230,,2,3.0,2,3,3,0.0,0.0,0.0
361,341,,1,3.0,2,3,2,0.151075,0.044008,0.008162
361,363,,1,3.0,2,3,2,0.0,0.0,0.0
361,363,,1,4.0,2,3,2,0.0,0.0,0.0
361,421,,1,4.0,2,3,3,0.0,0.0,0.0
361,452,,4,4.0,2,3,4,0.0,0.0,0.0
361,486,,2,3.0,2,3,7,0.0,0.0,0.0
361,512,,2,3.0,2,3,4,0.0,0.0,0.0
362,64,,2,3.0,2,3,8,0.0,0.0,0.0
362,230,,2,3.0,2,3,4,0.0,0.0,0.0
362,341,,1,3.0,2,3,3,0.143241,0.041726,0.01549
362,341,,5,3.0,2,3,3,0.015916,0.004636,0.002219
362,363,,1,3.0,2,3,3,0.0,0.0,0.0
362,363,,4,4.0,2,3,3,0.0,0.0,0.0
362,421,,1,4.0,2,3,3,0.0,0.0,0.0
362,452,,4,4.0,2,3,4,0.0,0.0,0.0
362,471,,4,4.0,2,3,5,0.0,0.0,0.0
362,486,,2,3.0,2,3,7,0.0,0.0,0.0
362,512,,2,3.0,2,3,5,0.0,0.0,0.0
363,64,,2,3.0,2,3,8,0.0,0.0,0.0
363,111,,1,4.0,2,3,3,0.0,0.0,0.0
363,131,,4,4.0,2,3,5,0.0,0.0,0.0
363,230,,2,3.0,2,3,4,0.0,0.0,0.0
363,341,,1,3.0,2,3,1,3.111679,0.906423,0.045127
363,341,,2,3.0,2,3,1,0.0,0.0,0.0
363,361,,1,4.0,2,3,2,0.0,0.0,0.0
363,363,,1,3.0,2,3,1,0.004708,0.005701,0.000131
363,363,,1,4.0,2,3,1,0.0,0.0,0.0
363,363,,5,3.0,2,3,1,0.0,0.0,0.0
363,371,,4,4.0,2,3,4,0.0,0.0,0.0
363,421,,1,4.0,2,3,2,0.0,0.0,0.0
363,452,,1,4.0,2,3,4,0.0028,0.000237,0.000174
363,452,,4,4.0,2,3,4,0.0,0.0,0.0
363,471,,4,4.0,2,3,5,0.0,0.0,0.0
363,486,,3,3.0,2,3,8,0.0,0.0,0.0
363,512,,3,3.0,2,3,3,0.005333,0.00141,0.000523
364,64,,2,3.0,2,3,8,0.0,0.0,0.0
364,230,,2,3.0,2,3,4,0.0,0.0,0.0
364,341,,1,3.0,2,3,3,0.136103,0.039646,0.012397
364,341,,5,3.0,2,3,3,0.019769,0.005854,0.002327
364,363,,1,3.0,2,3,3,0.0,0.0,0.0
364,363,,1,4.0,2,3,3,0.0,0.0,0.0
364,363,,5,3.0,2,3,3,0.0,0.0,0.0
364,421,,1,4.0,2,3,3,0.0,0.0,0.0
364,452,,4,4.0,2,3,4,0.0,0.0,0.0
364,486,,2,3.0,2,3,7,0.0,0.0,0.0
364,512,,2,3.0,2,3,5,0.0,0.0,0.0
369,64,,2,3.0,2,3,8,0.0,0.0,0.0
369,230,,2,3.0,2,3,4,0.0,0.0,0.0
369,341,,1,3.0,2,3,2,0.20231,0.058932,0.01471
369,341,,5,3.0,2,3,3,0.040462,0.011786,0.003753
369,363,,1,3.0,2,3,3,0.0,0.0,0.0
369,363,,1,4.0,2,3,3,0.0,0.0,0.0
369,363,,5,3.0,2,3,3,0.0,0.0,0.0
369,421,,1,4.0,2,3,3,0.0,0.0,0.0
369,452,,4,4.0,2,3,4,0.0,0.0,0.0
369,471,,4,4.0,2,3,5,0.0,0.0,0.0
369,486,,2,3.0,2,3,7,0.0,0.0,0.0
369,512,,2,3.0,2,3,4,0.0,0.0,0.0
371,131,,1,4.0,2,3,3,0.0,0.0,0.0
371,132,,1,3.0,2,3,3,0.0,0.0,0.0
371,230,,2,3.0,2,3,6,0.0,0.0,0.0
371,261,,2,3.0,2,3,5,0.0,0.0,0.0
371,363,,4,4.0,2,3,4,0.0,0.0,0.0
371,421,,4,4.0,2,3,3,0.0,0.0,0.0
371,451,,1,3.0,2,3,2,0.007766,0.009311,0.002056
371,452,,1,4.0,2,3,1,0.0,0.0,0.0
371,512,,1,3.0,2,3,3,0.071288,0.038744,0.013138
372,131,,4,4.0,2,3,3,0.0,0.0,0.0
372,132,,1,3.0,2,3,3,0.0,0.0,0.0
372,230,,2,3.0,2,3,6,0.0,0.0,0.0
372,261,,2,3.0,2,3,5,0.0,0.0,0.0
372,363,,4,4.0,2,3,3,0.0,0.0,0.0
372,421,,4,4.0,2,3,3,0.0,0.0,0.0
372,451,,1,3.0,2,3,3,0.004195,0.00503,0.001458
372,452,,1,4.0,2,3,2,0.0,0.0,0.0
372,512,,1,3.0,2,3,3,0.030884,0.016782,0.004651
372,512,,5,3.0,2,3,3,0.007702,0.004186,0.001426
373,131,,4,4.0,2,3,3,0.0,0.0,0.0
373,132,,1,3.0,2,3,3,0.0,0.0,0.0
373,230,,2,3.0,2,3,6,0.0,0.0,0.0
373,261,,2,3.0,2,3,5,0.0,0.0,0.0
373,363,,4,4.0,2,3,3,0.0,0.0,0.0
373,421,,4,4.0,2,3,3,0.0,0.0,0.0
373,451,,1,3.0,2,3,3,0.003352,0.00402,0.001137
373,451,,5,3.0,2,3,3,0.003352,0.00402,0.001123
373,452,,1,4.0,2,3,2,0.0,0.0,0.0
373,512,,1,3.0,2,3,2,0.061546,0.03345,0.006648
379,131,,1,4.0,2,3,3,0.0,0.0,0.0
379,132,,1,3.0,2,3,3,0.0,0.0,0.0
379,230,,2,3.0,2,3,6,0.0,0.0,0.0
379,261,,2,3.0,2,3,5,0.0,0.0,0.0
379,363,,4,4.0,2,3,3,0.0,0.0,0.0
379,421,,4,4.0,2,3,3,0.0,0.0,0.0
379,451,,1,3.0,2,3,3,0.006442,0.007725,0.002088
379,452,,1,4.0,2,3,2,0.0,0.0,0.0
379,512,,1,3.0,2,3,2,0.048702,0.026469,0.006068
379,512,,2,3.0,2,3,3,0.0,0.0,0.0
379,512,,5,3.0,2,3,3,0.010436,0.005672,0.001666
380,64,,5,3.0,2,3,8,0.0,0.0,0.0
380,341,,2,3.0,2,3,7,0.0,0.0,0.0
380,363,,1,3.0,2,3,7,0.127772,0.177344,0.318864
380,512,,2,3.0,2,3,7,1.661662,1.542384,2.839368
391,99,,2,3.0,2,3,5,0.0,0.0,0.0
391,111,,1,4.0,2,3,4,0.009179,0.000778,0.00039
391,111,,4,4.0,2,3,3,0.0,0.0,0.0
391,131,,4,4.0,2,3,3,0.0,0.0,0.0
391,132,,2,3.0,2,3,5,0.0,0.0,0.0
391,171,,4,4.0,2,3,3,0.0,0.0,0.0
391,212,,1,4.0,2,3,2,0.0,0.0,0.0
391,221,,1,3.0,2,3,5,0.0,0.0,0.0
391,230,,2,3.0,2,3,6,0.017139,0.026658,0.031582
391,261,,1,4.0,2,3,3,0.0,0.0,0.0
391,261,,2,3.0,2,3,3,0.0,0.0,0.0
391,341,,1,3.0,2,3,4,0.0,0.0,0.0
391,363,,1,3.0,2,3,4,0.003197,0.005437,0.003604
391,369,,2,3.0,2,3,4,0.0,0.0,0.0
391,399,,3,3.0,2,3,7,0.501101,1.785661,3.192538
391,421,,4,4.0,2,3,3,0.0,0.0,0.0
391,451,,2,3.0,2,3,5,0.001432,0.000278,0.000229
391,486,,2,3.0,2,3,6,0.0,0.0,0.0
391,512,,1,3.0,2,3,4,0.028691,0.019083,0.011939
391,512,,5,3.0,2,3,4,0.009564,0.006361,0.004724
392,99,,2,3.0,2,3,4,0.0,0.0,0.0
392,111,,1,4.0,2,3,3,0.017135,0.001452,0.000564
392,111,,4,4.0,2,3,3,0.0,0.0,0.0
392,131,,4,4.0,2,3,4,0.0,0.0,0.0
392,132,,2,3.0,2,3,5,0.001114,0.000699,0.000653
392,171,,4,4.0,2,3,3,0.0,0.0,0.0
392,171,,5,3.0,2,3,3,0.001295,0.002032,0.000725
392,212,,1,4.0,2,3,3,0.0,0.0,0.0
392,221,,2,3.0,2,3,6,0.0,0.0,0.0
392,230,,2,3.0,2,3,5,0.02948,0.045851,0.043943
392,261,,1,4.0,2,3,2,0.0,0.0,0.0
392,261,,2,3.0,2,3,2,0.001024,0.001607,0.000337
392,341,,1,3.0,2,3,3,0.0,0.0,0.0
392,363,,1,3.0,2,3,3,0.005135,0.008911,0.00434
392,369,,2,3.0,2,3,3,0.0,0.0,0.0
392,399,,2,3.0,2,3,2,0.861889,3.071321,0.389017
392,421,,4,4.0,2,3,3,0.0,0.0,0.0
392,451,,2,3.0,2,3,5,0.002282,0.000442,0.000412
392,486,,2,3.0,2,3,6,0.0,0.0,0.0
392,512,,1,3.0,2,3,4,0.046999,0.031259,0.017888
392,512,,2,3.0,2,3,4,0.0,0.0,0.0
392,512,,5,3.0,2,3,4,0.0188,0.012504,0.008399
393,99,,2,3.0,2,3,5,0.0,0.0,0.0
393,111,,1,4.0,2,3,3,0.011326,0.000959,0.000405
393,111,,4,4.0,2,3,3,0.0,0.0,0.0
393,131,,4,4.0,2,3,3,0.0,0.0,0.0
393,132,,1,3.0,2,3,4,0.0,0.0,0.0
393,171,,4,4.0,2,3,3,0.0,0.0,0.0
393,171,,5,3.0,2,3,3,0.001296,0.002034,0.000713
393,212,,1,4.0,2,3,2,0.0,0.0,0.0
393,221,,1,3.0,2,3,5,0.0,0.0,0.0
393,221,,2,3.0,2,3,6,0.0,0.0,0.0
393,221,,5,3.0,2,3,6,0.0,0.0,0.0
393,230,,2,3.0,2,3,6,0.020484,0.03186,0.034308
393,261,,1,4.0,2,3,2,0.0,0.0,0.0
393,261,,2,3.0,2,3,2,0.000983,0.001542,0.00034
393,341,,1,3.0,2,3,4,0.0,0.0,0.0
393,363,,1,3.0,2,3,4,0.003568,0.006192,0.003586
393,369,,2,3.0,2,3,4,0.0,0.0,0.0
393,399,,2,3.0,2,3,2,0.598888,2.134123,0.325369
393,421,,4,4.0,2,3,3,0.0,0.0,0.0
393,451,,1,3.0,2,3,4,0.001586,0.000134,9.1e-05
393,486,,2,3.0,2,3,6,0.0,0.0,0.0
393,512,,1,3.0,2,3,4,0.02286,0.015204,0.008569
393,512,,2,3.0,2,3,4,0.016227,0.010808,0.007456
393,512,,5,3.0,2,3,4,0.00762,0.005068,0.003504
394,111,,1,4.0,2,3,3,0.004175,0.000354,0.000171
394,111,,4,4.0,2,3,3,0.0,0.0,0.0
394,131,,4,4.0,2,3,3,0.0,0.0,0.0
394,132,,5,3.0,2,3,5,0.0,0.0,0.0
394,171,,4,4.0,2,3,2,0.0,0.0,0.0
394,212,,1,4.0,2,3,2,0.0,0.0,0.0
394,221,,5,3.0,2,3,5,0.0,0.0,0.0
394,230,,5,3.0,2,3,6,0.007795,0.012125,0.014402
394,261,,1,4.0,2,3,2,0.0,0.0,0.0
394,261,,2,3.0,2,3,2,0.0,0.0,0.0
394,341,,1,3.0,2,3,4,0.0,0.0,0.0
394,363,,1,3.0,2,3,4,0.001599,0.002648,0.001694
394,369,,2,3.0,2,3,4,0.0,0.0,0.0
394,399,,5,3.0,2,3,2,0.227914,0.812167,0.119449
394,421,,4,4.0,2,3,3,0.0,0.0,0.0
394,451,,5,3.0,2,3,5,0.0,0.0,0.0
394,486,,2,3.0,2,3,6,0.0,0.0,0.0
394,512,,1,3.0,2,3,4,0.011072,0.007364,0.004626
394,512,,2,3.0,2,3,4,0.003164,0.002104,0.001573
394,512,,5,3.0,2,3,4,0.003164,0.002104,0.001575
399,99,,2,3.0,2,3,5,0.0,0.0,0.0
399,111,,1,4.0,2,3,3,0.009009,0.000763,0.00036
399,111,,4,4.0,2,3,3,0.0,0.0,0.0
399,131,,4,4.0,2,3,3,0.0,0.0,0.0
399,132,,1,3.0,2,3,5,0.0,0.0,0.0
399,171,,1,4.0,2,3,3,0.0,0.0,0.0
399,212,,1,4.0,2,3,3,0.0,0.0,0.0
399,221,,3,3.0,2,3,7,0.0,0.0,0.0
399,230,,2,3.0,2,3,6,0.016821,0.026162,0.027604
399,261,,1,4.0,2,3,2,0.0,0.0,0.0
399,261,,3,3.0,2,3,7,0.0,0.0,0.0
399,341,,1,3.0,2,3,4,0.0,0.0,0.0
399,363,,1,3.0,2,3,4,0.00308,0.005373,0.003075
399,369,,2,3.0,2,3,4,0.0,0.0,0.0
399,399,,1,3.0,2,3,1,0.245896,0.876246,0.0759
399,399,,2,3.0,2,3,1,0.122948,0.778464,0.071395
399,399,,3,3.0,2,3,1,0.122948,0.438123,0.030496
399,421,,4,4.0,2,3,3,0.0,0.0,0.0
399,451,,2,3.0,2,3,5,0.001302,0.000252,0.000226
399,486,,2,3.0,2,3,6,0.0,0.0,0.0
399,512,,1,3.0,2,3,4,0.022527,0.014983,0.009327
399,512,,2,3.0,2,3,4,0.007509,0.004994,0.003677
399,512,,5,3.0,2,3,4,0.007761,0.005037,0.003772
401,111,,4,4.0,2,3,6,0.0,0.0,0.0
401,401,,1,4.0,2,3,1,0.0,0.0,0.0
401,451,,2,3.0,2,3,6,0.0,0.0,0.0
402,111,,4,4.0,2,3,6,0.0,0.0,0.0
402,401,,1,4.0,2,3,2,0.0,0.0,0.0
402,451,,2,3.0,2,3,6,0.0,0.0,0.0
409,111,,4,4.0,2,3,6,0.0,0.0,0.0
409,401,,1,4.0,2,3,2,0.0,0.0,0.0
409,451,,2,3.0,2,3,6,0.0,0.0,0.0
411,64,,5,3.0,2,3,5,0.0,0.0,0.0
411,131,,4,4.0,2,3,8,0.0,0.0,0.0
411,341,,1,4.0,2,3,8,0.009818,0.020884,0.060965
411,363,,2,3.0,2,3,8,0.0,0.0,0.0
411,371,,4,4.0,2,3,8,0.0,0.0,0.0
411,411,,1,3.0,2,3,1,0.0,0.0,0.0
411,411,,2,3.0,2,3,1,0.0,0.0,0.0
411,411,,3,3.0,2,3,1,0.0,0.0,0.0
411,471,,4,4.0,2,3,7,0.0,0.0,0.0
411,512,,5,3.0,2,3,8,0.018216,0.014283,0.046512
411,531,,1,3.0,2,3,2,0.006766,0.000573,0.000111
411,531,,2,3.0,2,3,2,0.0,0.0,0.0
411,531,,5,3.0,2,3,2,0.0,0.0,0.0
419,64,,1,3.0,2,3,4,0.0,0.0,0.0
419,64,,2,3.0,2,3,4,0.0,0.0,0.0
419,131,,4,4.0,2,3,8,0.0,0.0,0.0
419,341,,1,4.0,2,3,8,0.003137,0.006674,0.019181
419,363,,2,3.0,2,3,8,0.0,0.0,0.0
419,411,,1,3.0,2,3,2,0.0,0.0,0.0
419,471,,4,4.0,2,3,7,0.0,0.0,0.0
419,512,,2,3.0,2,3,8,0.005821,0.004564,0.015123
419,531,,1,3.0,2,3,3,0.002162,0.000183,6.2e-05
419,531,,5,3.0,2,3,3,0.0,0.0,0.0
421,101,,1,3.0,2,3,1,0.003384,0.000518,2.2e-05
421,111,,1,4.0,2,3,2,0.0,0.0,0.0
421,132,,2,3.0,2,3,5,0.0,0.0,0.0
421,230,,2,3.0,2,3,4,0.023422,0.015568,0.010574
421,241,,1,3.0,2,3,2,0.0,0.0,0.0
421,241,,2,3.0,2,3,2,0.0,0.0,0.0
421,341,,1,3.0,2,3,1,0.002637,0.001536,0.000126
421,363,,1,3.0,2,3,2,0.002164,0.009407,0.001034
421,363,,5,3.0,2,3,2,0.000361,0.001568,0.000168
421,421,,1,3.0,2,3,1,0.0,0.0,0.0
421,421,,3,3.0,2,3,1,0.0,0.0,0.0
421,451,,2,3.0,2,3,4,0.0,0.0,0.0
421,512,,3,3.0,2,3,3,0.0,0.0,0.0
422,101,,2,3.0,2,3,3,0.002134,0.000413,0.000145
422,132,,2,3.0,2,3,5,0.0,0.0,0.0
422,230,,2,3.0,2,3,5,0.011386,0.007568,0.007442
422,241,,1,3.0,2,3,3,0.0,0.0,0.0
422,341,,1,3.0,2,3,3,0.001282,0.000747,0.000268
422,363,,1,3.0,2,3,3,0.001228,0.005335,0.002019
422,421,,1,3.0,2,3,3,0.0,0.0,0.0
422,512,,2,3.0,2,3,4,0.0,0.0,0.0
423,101,,1,3.0,2,3,2,0.0,0.0,0.0
423,230,,5,3.0,2,3,4,0.003379,0.002246,0.001272
423,241,,1,3.0,2,3,2,0.0,0.0,0.0
423,341,,1,3.0,2,3,1,0.0,0.0,0.0
423,363,,1,3.0,2,3,1,0.000364,0.001583,0.000147
423,421,,1,3.0,2,3,1,0.0,0.0,0.0
423,512,,2,3.0,2,3,4,0.0,0.0,0.0
429,101,,2,3.0,2,3,2,0.00214,0.000415,7.3e-05
429,111,,1,4.0,2,3,2,0.0,0.0,0.0
429,132,,2,3.0,2,3,5,0.0,0.0,0.0
429,230,,2,3.0,2,3,4,0.014811,0.009845,0.00729
429,241,,1,3.0,2,3,2,0.0,0.0,0.0
429,341,,1,3.0,2,3,2,0.001668,0.000972,0.000174
429,363,,1,3.0,2,3,2,0.001597,0.00694,0.001408
429,363,,5,3.0,2,3,2,0.0,0.0,0.0
429,421,,1,3.0,2,3,2,0.0,0.0,0.0
429,451,,2,3.0,2,3,5,0.0,0.0,0.0
429,512,,2,3.0,2,3,4,0.0,0.0,0.0
451,131,,1,4.0,2,3,3,0.0,0.0,0.0
451,132,,1,3.0,2,3,2,0.0,0.0,0.0
451,212,,4,4.0,2,3,3,0.0,0.0,0.0
451,451,,1,3.0,2,3,1,0.002665,0.001366,2.3e-05
451,451,,2,3.0,2,3,1,0.0,0.0,0.0
452,131,,1,4.0,2,3,2,0.0,0.0,0.0
452,132,,1,3.0,2,3,2,0.0,0.0,0.0
452,212,,4,4.0,2,3,3,0.0,0.0,0.0
452,451,,1,3.0,2,3,2,0.004297,0.00218,0.000448
452,451,,2,3.0,2,3,2,0.0,0.0,0.0
459,131,,1,4.0,2,3,3,0.001193,0.000101,2.7e-05
459,132,,1,3.0,2,3,2,0.0,0.0,0.0
459,212,,4,4.0,2,3,3,0.0,0.0,0.0
459,451,,1,3.0,2,3,2,0.006342,0.003218,0.000403
459,451,,2,3.0,2,3,2,0.0,0.0,0.0
459,451,,5,3.0,2,3,2,0.0,0.0,0.0
460,61,,2,3.0,2,3,8,0.0,0.0,0.0
460,363,,2,3.0,2,3,7,0.0,0.0,0.0
460,486,,1,3.0,2,3,6,0.0,0.0,0.0
460,486,,5,3.0,2,3,6,0.0,0.0,0.0
460,512,,1,3.0,2,3,7,0.034035,0.040666,0.064408
460,512,,2,3.0,2,3,7,0.017017,0.020333,0.035337
471,132,,2,3.0,2,3,4,0.0,0.0,0.0
472,132,,2,3.0,2,3,4,0.0,0.0,0.0
473,132,,2,3.0,2,3,4,0.0,0.0,0.0
479,132,,2,3.0,2,3,4,0.0,0.0,0.0
481,111,,1,4.0,2,3,7,0.004475,0.000933,0.001425
481,111,,4,4.0,2,3,6,0.0,0.0,0.0
481,131,,1,4.0,2,3,5,0.011259,0.001566,0.001478
481,131,,4,4.0,2,3,5,0.0,0.0,0.0
481,132,,5,3.0,2,3,7,0.067468,0.065307,0.118331
481,421,,4,4.0,2,3,6,0.0,0.0,0.0
481,451,,1,3.0,2,3,6,0.0,0.0,0.0
481,451,,2,3.0,2,3,6,0.051071,0.024106,0.033753
481,451,,5,3.0,2,3,7,0.0,0.0,0.0
481,481,,1,4.0,2,3,1,0.0,0.0,0.0
481,483,,5,3.0,2,3,2,0.57477,1.689534,0.402142
481,484,,1,4.0,2,3,2,0.002385,0.002227,0.000482
481,486,,1,3.0,2,3,2,1.607056,2.585785,0.4543
481,512,,5,3.0,2,3,8,0.02012,0.013697,0.0301
482,111,,4,4.0,2,3,6,0.0,0.0,0.0
482,131,,1,4.0,2,3,4,0.001518,0.000215,0.000157
482,131,,4,4.0,2,3,4,0.0,0.0,0.0
482,132,,2,3.0,2,3,6,0.009427,0.009088,0.009305
482,421,,4,4.0,2,3,6,0.0,0.0,0.0
482,451,,2,3.0,2,3,6,0.007907,0.003576,0.004048
482,481,,1,4.0,2,3,3,0.0,0.0,0.0
482,483,,3,3.0,2,3,3,0.079478,0.233625,0.074185
482,484,,1,4.0,2,3,3,0.0,0.0,0.0
482,486,,1,3.0,2,3,2,0.148147,0.238371,0.025208
482,486,,2,3.0,2,3,2,0.0,0.0,0.0
482,486,,3,3.0,2,3,2,0.074073,0.119186,0.019487
482,486,,5,3.0,2,3,2,0.0,0.0,0.0
482,512,,3,3.0,2,3,7,0.002782,0.001894,0.003711
483,111,,4,4.0,2,3,6,0.0,0.0,0.0
483,131,,1,4.0,2,3,6,0.002501,0.00029,0.000299
483,131,,4,4.0,2,3,5,0.0,0.0,0.0
483,132,,2,3.0,2,3,6,0.011295,0.010811,0.014459
483,421,,4,4.0,2,3,7,0.0,0.0,0.0
483,451,,2,3.0,2,3,6,0.00801,0.003781,0.005466
483,481,,1,4.0,2,3,2,0.0,0.0,0.0
483,483,,1,3.0,2,3,1,0.045074,0.305818,0.0066
483,483,,2,3.0,2,3,1,0.0,0.0,0.0
483,483,,3,3.0,2,3,1,0.045074,0.132496,0.002105
483,484,,4,4.0,2,3,3,0.0,0.0,0.0
483,486,,1,3.0,2,3,2,0.189042,0.304172,0.067196
483,486,,3,3.0,2,3,3,0.063014,0.101391,0.027234
483,512,,1,3.0,2,3,7,0.0,0.0,0.0
483,512,,2,3.0,2,3,7,0.003156,0.002148,0.003673
484,111,,1,4.0,2,3,6,0.017288,0.003552,0.004821
484,111,,4,4.0,2,3,6,0.0,0.0,0.0
484,131,,1,4.0,2,3,5,0.042721,0.005964,0.004884
484,131,,4,4.0,2,3,4,0.0,0.0,0.0
484,132,,2,3.0,2,3,6,0.128288,0.12418,0.144593
484,132,,5,3.0,2,3,7,0.128742,0.12449,0.210252
484,230,,2,3.0,2,3,8,0.0,0.0,0.0
484,363,,5,3.0,2,3,8,0.0,0.0,0.0
484,371,,4,4.0,2,3,5,0.0,0.0,0.0
484,421,,4,4.0,2,3,6,0.0,0.0,0.0
484,451,,1,3.0,2,3,6,0.0,0.0,0.0
484,451,,1,4.0,2,3,6,0.002488,0.000932,0.001037
484,451,,2,3.0,2,3,6,0.0,0.0,0.0
484,451,,5,3.0,2,3,7,0.194219,0.091674,0.177226
484,481,,1,4.0,2,3,2,0.0,0.0,0.0
484,483,,1,3.0,2,3,3,2.185824,6.425216,2.930006
484,484,,1,4.0,2,3,1,0.007303,0.00682,0.000252
484,486,,1,3.0,2,3,3,5.432494,8.740993,2.452579
484,486,,2,3.0,2,3,3,0.0,0.0,0.0
484,486,,5,3.0,2,3,3,0.679062,1.092624,0.340511
484,512,,5,3.0,2,3,8,0.076514,0.052088,0.11974
485,111,,4,4.0,2,3,7,0.0,0.0,0.0
485,131,,1,4.0,2,3,6,0.002348,0.000295,0.00042
485,131,,4,4.0,2,3,6,0.0,0.0,0.0
485,132,,5,3.0,2,3,8,0.011737,0.01083,0.025981
485,451,,1,3.0,2,3,7,0.008466,0.003991,0.00683
485,451,,5,3.0,2,3,8,0.0,0.0,0.0
485,481,,4,4.0,2,3,3,0.0,0.0,0.0
485,483,,5,3.0,2,3,4,0.093751,0.27558,0.197577
485,484,,4,4.0,2,3,4,0.0,0.0,0.0
485,486,,1,3.0,2,3,4,0.262127,0.421767,0.310173
485,512,,5,3.0,2,3,8,0.003282,0.002234,0.006221
486,111,,1,4.0,2,3,6,0.015179,0.003169,0.004557
486,111,,4,4.0,2,3,6,0.0,0.0,0.0
486,131,,1,4.0,2,3,5,0.037846,0.005308,0.004373
486,131,,4,4.0,2,3,4,0.0,0.0,0.0
486,132,,2,3.0,2,3,6,0.230081,0.222184,0.247259
486,132,,5,3.0,2,3,7,0.0,0.0,0.0
486,230,,2,3.0,2,3,8,0.0,0.0,0.0
486,371,,4,4.0,2,3,5,0.0,0.0,0.0
486,421,,4,4.0,2,3,6,0.0,0.0,0.0
486,451,,1,4.0,2,3,6,0.004197,0.001573,0.001727
486,451,,2,3.0,2,3,6,0.174431,0.082349,0.100545
486,481,,1,4.0,2,3,2,0.0,0.0,0.0
486,483,,3,3.0,2,3,3,1.953875,5.743404,1.616965
486,484,,1,4.0,2,3,3,0.006259,0.005845,0.001575
486,486,,1,3.0,2,3,1,0.0,0.0,0.0
486,486,,2,3.0,2,3,1,2.731514,17.294971,0.640043
486,486,,3,3.0,2,3,1,2.731514,4.395061,0.193578
486,512,,3,3.0,2,3,8,0.068395,0.046561,0.093397
487,111,,4,4.0,2,3,7,0.0,0.0,0.0
487,131,,4,4.0,2,3,5,0.0,0.0,0.0
487,132,,5,3.0,2,3,7,0.00331,0.003204,0.00634
487,451,,1,3.0,2,3,6,0.0,0.0,0.0
487,451,,2,3.0,2,3,7,0.002516,0.001189,0.001868
487,483,,5,3.0,2,3,2,0.028197,0.082885,0.013079
487,486,,1,3.0,2,3,3,0.078839,0.126853,0.041845
487,512,,5,3.0,2,3,8,0.0,0.0,0.0
488,111,,1,4.0,2,3,7,0.00372,0.000774,0.00124
488,111,,4,4.0,2,3,6,0.0,0.0,0.0
488,131,,1,4.0,2,3,6,0.009658,0.001294,0.001297
488,131,,4,4.0,2,3,5,0.0,0.0,0.0
488,132,,5,3.0,2,3,7,0.057165,0.054756,0.100534
488,421,,4,4.0,2,3,6,0.0,0.0,0.0
488,451,,1,3.0,2,3,6,0.042357,0.019993,0.025769
488,451,,2,3.0,2,3,6,0.0,0.0,0.0
488,481,,1,4.0,2,3,1,0.0,0.0,0.0
488,483,,5,3.0,2,3,2,0.476706,1.401273,0.234189
488,484,,1,4.0,2,3,3,0.001617,0.001511,0.00044
488,486,,1,3.0,2,3,2,1.332867,2.14461,0.455176
488,486,,5,3.0,2,3,2,0.0,0.0,0.0
488,512,,5,3.0,2,3,8,0.016687,0.01136,0.025239
489,111,,1,4.0,2,3,7,0.007164,0.001495,0.002278
489,111,,4,4.0,2,3,6,0.0,0.0,0.0
489,131,,1,4.0,2,3,5,0.01769,0.002501,0.002424
489,131,,4,4.0,2,3,5,0.0,0.0,0.0
489,132,,2,3.0,2,3,6,0.108692,0.105105,0.142873
489,230,,2,3.0,2,3,8,0.0,0.0,0.0
489,371,,4,4.0,2,3,6,0.0,0.0,0.0
489,421,,4,4.0,2,3,6,0.0,0.0,0.0
489,451,,2,3.0,2,3,6,0.082624,0.03887,0.057369
489,481,,1,4.0,2,3,3,0.0,0.0,0.0
489,483,,3,3.0,2,3,2,0.922766,2.712465,0.459107
489,484,,1,4.0,2,3,3,0.002956,0.002761,0.000788
489,486,,1,3.0,2,3,3,2.124748,3.418762,1.135679
489,486,,2,3.0,2,3,3,0.151768,0.244197,0.084621
489,486,,3,3.0,2,3,3,0.151768,0.244197,0.074622
489,486,,5,3.0,2,3,3,0.151768,0.244197,0.094776
489,512,,1,3.0,2,3,7,0.032301,0.021989,0.033688
489,512,,2,3.0,2,3,7,0.0,0.0,0.0
491,61,,1,3.0,2,3,4,0.01746,0.009669,0.00667
491,61,,4,4.0,2,3,4,0.0,0.0,0.0
491,61,,5,3.0,2,3,5,0.005772,0.003206,0.002497
491,64,,1,3.0,2,3,5,0.0,0.0,0.0
491,64,,4,4.0,2,3,4,0.0,0.0,0.0
491,64,,5,3.0,2,3,5,0.0,0.0,0.0
491,81,,4,4.0,2,3,3,0.0,0.0,0.0
491,131,,4,4.0,2,3,7,0.0,0.0,0.0
491,321,,4,4.0,2,3,3,0.0,0.0,0.0
491,341,,2,3.0,2,3,8,0.0,0.0,0.0
491,363,,2,3.0,2,3,8,0.0,0.0,0.0
491,491,,1,4.0,2,3,1,0.0,0.0,0.0
491,512,,2,3.0,2,3,8,0.0,0.0,0.0
499,61,,1,3.0,2,3,4,0.002936,0.001576,0.000866
499,61,,4,4.0,2,3,4,0.0,0.0,0.0
499,64,,1,3.0,2,3,5,0.0,0.0,0.0
499,64,,4,4.0,2,3,4,0.0,0.0,0.0
499,81,,4,4.0,2,3,3,0.0,0.0,0.0
499,321,,1,4.0,2,3,3,0.0,0.0,0.0
499,341,,2,3.0,2,3,8,0.0,0.0,0.0
499,363,,2,3.0,2,3,8,0.0,0.0,0.0
499,491,,1,4.0,2,3,2,0.0,0.0,0.0
499,512,,2,3.0,2,3,8,0.0,0.0,0.0
511,111,,1,4.0,2,3,2,0.0,0.0,0.0
511,131,,4,4.0,2,3,3,0.0,0.0,0.0
511,132,,2,3.0,2,3,3,0.003229,0.002763,0.001352
511,212,,1,4.0,2,3,4,0.000503,0.003143,0.001833
511,241,,2,3.0,2,3,2,0.0,0.0,0.0
511,371,,1,4.0,2,3,3,0.0,0.0,0.0
511,451,,2,3.0,2,3,3,0.0,0.0,0.0
511,452,,4,4.0,2,3,3,0.0,0.0,0.0
511,512,,1,3.0,2,3,1,0.419223,0.1233,0.010656
511,512,,2,3.0,2,3,1,0.052403,0.015412,0.001427
511,512,,5,3.0,2,3,1,0.104806,0.030825,0.002856
512,111,,1,4.0,2,3,2,0.0,0.0,0.0
512,131,,4,4.0,2,3,3,0.0,0.0,0.0
512,132,,2,3.0,2,3,4,0.002881,0.002551,0.00129
512,212,,1,4.0,2,3,4,0.000482,0.003014,0.00196
512,241,,1,3.0,2,3,2,0.0,0.0,0.0
512,371,,4,4.0,2,3,3,0.0,0.0,0.0
512,451,,2,3.0,2,3,3,0.0,0.0,0.0
512,452,,4,4.0,2,3,3,0.0,0.0,0.0
512,512,,1,3.0,2,3,1,0.552682,0.162552,0.004003
512,512,,2,3.0,2,3,1,0.0,0.0,0.0
512,512,,3,3.0,2,3,1,0.0,0.0,0.0
513,111,,1,4.0,2,3,1,0.0,0.0,0.0
513,131,,4,4.0,2,3,4,0.0,0.0,0.0
513,132,,2,3.0,2,3,4,0.010316,0.008973,0.005613
513,212,,1,4.0,2,3,4,0.001621,0.010128,0.005787
513,241,,1,3.0,2,3,1,0.0,0.0,0.0
513,341,,1,3.0,2,3,3,0.0,0.0,0.0
513,371,,4,4.0,2,3,3,0.0,0.0,0.0
513,451,,2,3.0,2,3,4,0.0,0.0,0.0
513,452,,4,4.0,2,3,3,0.0,0.0,0.0
513,512,,1,3.0,2,3,2,1.857912,0.546378,0.094135
513,512,,5,3.0,2,3,2,0.0,0.0,0.0
519,111,,1,4.0,2,3,2,0.0,0.0,0.0
519,131,,4,4.0,2,3,3,0.0,0.0,0.0
519,132,,2,3.0,2,3,4,0.004078,0.003308,0.001935
519,212,,1,4.0,2,3,3,0.000593,0.003705,0.001744
519,241,,1,3.0,2,3,2,0.0,0.0,0.0
519,341,,2,3.0,2,3,3,0.0,0.0,0.0
519,371,,1,4.0,2,3,2,0.0,0.0,0.0
519,451,,1,3.0,2,3,3,0.0,0.0,0.0
519,452,,4,4.0,2,3,2,0.0,0.0,0.0
519,512,,1,3.0,2,3,2,0.536433,0.157773,0.033634
519,512,,2,3.0,2,3,3,0.035762,0.010518,0.002803
519,512,,5,3.0,2,3,3,0.107287,0.031555,0.00822
531,64,,1,3.0,2,3,5,0.0,0.0,0.0
531,111,,2,3.0,2,3,8,0.0,0.0,0.0
531,111,,4,4.0,2,3,8,0.0,0.0,0.0
531,131,,4,4.0,2,3,8,0.0,0.0,0.0
531,132,,2,3.0,2,3,8,0.0,0.0,0.0
531,171,,4,4.0,2,3,7,0.173123,0.015699,0.027017
531,230,,2,3.0,2,3,8,0.0,0.0,0.0
531,363,,5,3.0,2,3,8,0.006193,0.006261,0.019453
531,411,,1,3.0,2,3,2,0.0,0.0,0.0
531,421,,2,3.0,2,3,8,0.0,0.0,0.0
531,451,,2,3.0,2,3,8,0.0,0.0,0.0
531,512,,5,3.0,2,3,8,0.003791,0.001853,0.006003
531,531,,1,3.0,2,3,1,1.302398,3.071597,0.133983
531,531,,1,4.0,2,3,1,0.0,0.0,0.0
531,531,,3,3.0,2,3,1,0.434133,0.114821,0.005004
532,64,,2,3.0,2,3,5,0.0,0.0,0.0
532,111,,4,4.0,2,3,8,0.0,0.0,0.0
532,131,,4,4.0,2,3,8,0.0,0.0,0.0
532,132,,2,3.0,2,3,8,0.0,0.0,0.0
532,171,,1,4.0,2,3,8,0.011032,0.001,0.002131
532,171,,4,4.0,2,3,7,0.0,0.0,0.0
532,230,,2,3.0,2,3,8,0.0,0.0,0.0
532,363,,2,3.0,2,3,8,0.0,0.0,0.0
532,411,,1,3.0,2,3,1,0.0,0.0,0.0
532,421,,2,3.0,2,3,8,0.0,0.0,0.0
532,512,,2,3.0,2,3,8,0.0,0.0,0.0
532,531,,1,3.0,2,3,2,0.110662,0.016074,0.00268
532,531,,1,4.0,2,3,2,0.0,0.0,0.0
532,531,,2,3.0,2,3,2,0.0,0.0,0.0
532,531,,5,3.0,2,3,2,0.0,0.0,0.0
539,64,,1,3.0,2,3,5,0.0,0.0,0.0
539,111,,2,3.0,2,3,8,0.0,0.0,0.0
539,111,,4,4.0,2,3,8,0.0,0.0,0.0
539,131,,4,4.0,2,3,8,0.0,0.0,0.0
539,132,,2,3.0,2,3,8,0.0,0.0,0.0
539,171,,1,4.0,2,3,7,0.034965,0.003171,0.006102
539,171,,4,4.0,2,3,7,0.0,0.0,0.0
539,230,,2,3.0,2,3,8,0.0,0.0,0.0
539,363,,5,3.0,2,3,8,0.001251,0.001265,0.003684
539,411,,3,3.0,2,3,3,0.0,0.0,0.0
539,421,,2,3.0,2,3,8,0.0,0.0,0.0
539,512,,2,3.0,2,3,8,0.0,0.0,0.0
539,531,,1,3.0,2,3,2,0.17536,0.025472,0.005799
539,531,,1,4.0,2,3,2,0.0,0.0,0.0
539,531,,2,3.0,2,3,3,0.17536,0.033976,0.009065
551,111,,4,4.0,2,3,4,0.0,0.0,0.0
551,131,,4,4.0,2,3,4,0.0,0.0,0.0
551,279,,3,3.0,2,3,5,0.0,0.0,0.0
551,341,,1,3.0,2,3,5,25.811508,114.640953,104.500979
551,341,,5,3.0,2,3,6,12.905754,57.320477,59.980332
551,363,,1,3.0,2,3,5,0.029704,0.102321,0.095484
551,371,,4,4.0,2,3,4,0.0,0.0,0.0
551,421,,2,3.0,2,3,5,0.0,0.0,0.0
551,471,,4,4.0,2,3,4,0.0,0.0,0.0
551,512,,1,3.0,2,3,6,0.005317,0.002456,0.00246
551,551,,1,3.0,2,3,1,3.468804,26.119547,0.810791
559,111,,4,4.0,2,3,5,0.0,0.0,0.0
559,131,,4,4.0,2,3,5,0.0,0.0,0.0
559,279,,3,3.0,2,3,5,0.0,0.0,0.0
559,341,,1,3.0,2,3,6,44.501377,197.651398,209.112006
559,341,,2,3.0,2,3,6,6.35734,28.235912,32.417667
559,341,,5,3.0,2,3,6,6.35734,28.235912,33.492932
559,363,,1,3.0,2,3,6,0.043896,0.15121,0.162982
559,363,,2,3.0,2,3,6,0.0,0.0,0.0
559,371,,4,4.0,2,3,5,0.0,0.0,0.0
559,421,,1,3.0,2,3,6,0.0,0.0,0.0
559,451,,2,3.0,2,3,6,0.001454,0.000345,0.000444
559,471,,4,4.0,2,3,4,0.0,0.0,0.0
559,512,,1,3.0,2,3,6,0.006527,0.003005,0.003425
559,512,,2,3.0,2,3,6,0.001305,0.000601,0.000749
559,551,,2,3.0,2,3,2,5.126171,38.599258,6.84348
11,12,,1,3.0,2,3,3,0.0,0.0,0.0
11,12,,2,3.0,2,3,3,0.0,0.0,0.0
11,12,,3,3.0,2,3,3,0.0,0.0,0.0
11,12,,5,3.0,2,3,3,0.0,0.0,0.0
11,131,,1,4.0,2,3,2,0.0,0.0,0.0
11,132,,1,3.0,2,3,3,0.0,0.0,0.0
11,486,,2,3.0,2,3,5,0.0,0.0,0.0
12,12,,1,3.0,2,3,1,0.0,0.0,0.0
12,12,,2,3.0,2,3,1,0.0,0.0,0.0
12,12,,3,3.0,2,3,1,0.0,0.0,0.0
12,12,,5,3.0,2,3,1,0.0,0.0,0.0
12,131,,4,4.0,2,3,3,0.0,0.0,0.0
12,132,,1,3.0,2,3,4,0.0,0.0,0.0
12,486,,3,3.0,2,3,4,0.0,0.0,0.0
19,12,,1,3.0,2,3,2,0.002085,0.002686,0.000615
19,12,,2,3.0,2,3,3,0.0,0.0,0.0
19,12,,5,3.0,2,3,3,0.0,0.0,0.0
19,131,,1,4.0,2,3,2,0.0,0.0,0.0
19,132,,1,3.0,2,3,3,0.0,0.0,0.0
19,132,,2,3.0,2,3,3,0.0,0.0,0.0
19,451,,1,3.0,2,3,3,0.0,0.0,0.0
19,486,,2,3.0,2,3,5,0.0,0.0,0.0
41,41,,1,4.0,2,3,1,0.0,0.0,0.0
41,61,,1,3.0,2,3,3,0.0,0.0,0.0
41,61,,2,3.0,2,3,4,0.0,0.0,0.0
41,61,,5,3.0,2,3,4,0.0,0.0,0.0
41,483,,5,3.0,2,3,6,1.763636,9.278306,10.837125
41,486,,2,3.0,2,3,6,0.0,0.0,0.0
42,41,,1,4.0,2,3,2,0.0,0.0,0.0
42,61,,1,3.0,2,3,4,0.0,0.0,0.0
42,483,,5,3.0,2,3,6,0.286922,1.509465,1.651732
42,486,,2,3.0,2,3,6,0.0,0.0,0.0
49,41,,1,4.0,2,3,2,0.0,0.0,0.0
49,61,,1,3.0,2,3,3,0.0,0.0,0.0
49,483,,5,3.0,2,3,6,0.207809,1.093263,1.553045
49,486,,2,3.0,2,3,6,0.0,0.0,0.0
50,131,,1,4.0,2,3,4,0.002339,0.000487,0.000267
50,131,,4,4.0,2,3,4,0.0,0.0,0.0
50,132,,1,3.0,2,3,5,0.854653,0.96308,0.749629
50,132,,2,3.0,2,3,5,0.427441,0.481657,0.434112
50,132,,5,3.0,2,3,5,0.0,0.0,0.0
50,221,,3,3.0,2,3,4,15.888946,63.642345,32.880952
50,223,,1,3.0,2,3,3,5.612593,24.712692,12.044825
50,223,,2,3.0,2,3,4,1.122519,4.942538,2.576666
50,223,,5,3.0,2,3,4,4.490074,19.770155,11.271823
50,363,,5,3.0,2,3,7,0.0,0.0,0.0
50,451,,1,3.0,2,3,5,0.0,0.0,0.0
50,451,,5,3.0,2,3,6,0.0,0.0,0.0
50,483,,3,3.0,2,3,6,12.55426,70.369362,72.294179
50,486,,1,3.0,2,3,4,1.341614,3.433588,1.757702
50,486,,2,3.0,2,3,4,0.0,0.0,0.0
50,486,,5,3.0,2,3,4,0.536646,1.373435,0.768015
50,512,,3,3.0,2,3,8,0.0,0.0,0.0
61,61,,1,3.0,2,3,1,0.082772,0.052441,0.002469
61,61,,1,4.0,2,3,1,0.0,0.0,0.0
61,61,,2,3.0,2,3,1,0.005173,0.013103,0.001028
61,61,,3,3.0,2,3,1,0.001724,0.001093,5.7e-05
61,61,,5,3.0,2,3,1,0.006898,0.00437,0.000355
61,64,,1,3.0,2,3,3,0.575353,0.953005,0.382286
61,64,,5,3.0,2,3,3,0.0,0.0,0.0
61,69,,1,3.0,2,3,3,0.0,0.0,0.0
61,111,,4,4.0,2,3,8,0.0,0.0,0.0
61,131,,1,4.0,2,3,8,0.001944,0.000165,0.000362
61,131,,4,4.0,2,3,7,0.0,0.0,0.0
61,132,,5,3.0,2,3,8,0.003939,0.002076,0.006737
61,212,,4,4.0,2,3,7,0.0,0.0,0.0
61,241,,2,3.0,2,3,8,0.005747,0.004299,0.012792
61,321,,1,4.0,2,3,3,0.005547,0.00047,0.000126
61,341,,5,3.0,2,3,8,0.001589,0.001045,0.004655
61,363,,2,3.0,2,3,8,0.0,0.0,0.0
61,451,,2,3.0,2,3,8,0.0,0.0,0.0
61,451,,5,3.0,2,3,8,0.001319,0.000214,0.000699
61,483,,2,3.0,2,3,7,0.0,0.0,0.0
61,486,,1,3.0,2,3,7,0.0,0.0,0.0
61,486,,5,3.0,2,3,7,0.0,0.0,0.0
61,512,,5,3.0,2,3,8,0.012165,0.002047,0.008628
62,61,,1,3.0,2,3,3,0.0109,0.006906,0.002891
62,64,,1,3.0,2,3,2,0.064943,0.10757,0.010948
62,69,,1,3.0,2,3,3,0.0,0.0,0.0
62,111,,4,4.0,2,3,8,0.0,0.0,0.0
62,132,,2,3.0,2,3,8,0.0,0.0,0.0
62,241,,2,3.0,2,3,8,0.0,0.0,0.0
62,363,,2,3.0,2,3,8,0.0,0.0,0.0
62,451,,2,3.0,2,3,8,0.0,0.0,0.0
62,483,,2,3.0,2,3,8,0.0,0.0,0.0
62,486,,1,3.0,2,3,7,0.0,0.0,0.0
62,512,,2,3.0,2,3,8,0.001337,0.000259,0.000813
63,61,,1,3.0,2,3,2,0.017325,0.010976,0.00139
63,61,,1,4.0,2,3,2,0.0,0.0,0.0
63,61,,2,3.0,2,3,2,0.001444,0.000915,0.000136
63,64,,1,3.0,2,3,3,0.111823,0.185222,0.091498
63,69,,1,3.0,2,3,3,0.0,0.0,0.0
63,111,,4,4.0,2,3,8,0.0,0.0,0.0
63,131,,4,4.0,2,3,7,0.0,0.0,0.0
63,132,,2,3.0,2,3,8,0.0,0.0,0.0
63,241,,2,3.0,2,3,8,0.001117,0.000836,0.002546
63,363,,5,3.0,2,3,8,0.0,0.0,0.0
63,451,,2,3.0,2,3,8,0.0,0.0,0.0
63,483,,2,3.0,2,3,7,0.0,0.0,0.0
63,486,,1,3.0,2,3,6,0.0,0.0,0.0
63,512,,2,3.0,2,3,8,0.002757,0.000534,0.001687
64,61,,1,3.0,2,3,3,0.090867,0.057569,0.022271
64,61,,3,3.0,2,3,3,0.0,0.0,0.0
64,61,,4,4.0,2,3,3,0.0,0.0,0.0
64,61,,5,3.0,2,3,3,0.0,0.0,0.0
64,64,,1,3.0,2,3,1,0.541391,0.896751,0.037788
64,69,,1,3.0,2,3,3,0.0,0.0,0.0
64,111,,4,4.0,2,3,8,0.0,0.0,0.0
64,131,,1,4.0,2,3,8,0.001442,0.000122,0.000303
64,131,,4,4.0,2,3,8,0.0,0.0,0.0
64,132,,2,3.0,2,3,8,0.003779,0.002043,0.006319
64,212,,4,4.0,2,3,7,0.0,0.0,0.0
64,241,,2,3.0,2,3,8,0.006182,0.004624,0.014088
64,321,,1,4.0,2,3,4,0.006262,0.00053,0.000294
64,341,,5,3.0,2,3,8,0.001495,0.000984,0.005772
64,363,,2,3.0,2,3,8,0.0,0.0,0.0
64,363,,5,3.0,2,3,8,0.0,0.0,0.0
64,451,,2,3.0,2,3,8,0.001163,0.000225,0.000712
64,483,,2,3.0,2,3,7,0.0,0.0,0.0
64,486,,1,3.0,2,3,7,0.0,0.0,0.0
64,512,,5,3.0,2,3,8,0.011143,0.001655,0.00999
65,61,,1,3.0,2,3,3,0.003206,0.002031,0.000514
65,64,,1,3.0,2,3,2,0.015919,0.026369,0.004396
65,64,,2,3.0,2,3,2,0.003184,0.005274,0.000963
65,111,,4,4.0,2,3,8,0.0,0.0,0.0
65,241,,2,3.0,2,3,8,0.0,0.0,0.0
65,451,,5,3.0,2,3,8,0.0,0.0,0.0
65,483,,2,3.0,2,3,7,0.0,0.0,0.0
65,486,,1,3.0,2,3,7,0.0,0.0,0.0
65,512,,5,3.0,2,3,8,0.0,0.0,0.0
69,61,,1,3.0,2,3,3,0.013001,0.008237,0.002464
69,61,,1,4.0,2,3,3,0.0,0.0,0.0
69,64,,1,3.0,2,3,2,0.077463,0.128309,0.026051
69,64,,2,3.0,2,3,2,0.0,0.0,0.0
69,69,,1,3.0,2,3,3,0.0,0.0,0.0
69,111,,4,4.0,2,3,8,0.0,0.0,0.0
69,131,,4,4.0,2,3,8,0.0,0.0,0.0
69,132,,2,3.0,2,3,8,0.0,0.0,0.0
69,241,,2,3.0,2,3,8,0.0,0.0,0.0
69,363,,2,3.0,2,3,8,0.0,0.0,0.0
69,451,,2,3.0,2,3,8,0.0,0.0,0.0
69,483,,2,3.0,2,3,7,0.0,0.0,0.0
69,486,,1,3.0,2,3,7,0.0,0.0,0.0
69,512,,5,3.0,2,3,8,0.001594,0.000237,0.001019
81,61,,5,3.0,2,3,6,0.0,0.0,0.0
81,64,,1,3.0,2,3,6,0.0,0.0,0.0
81,64,,2,3.0,2,3,6,0.0,0.0,0.0
81,64,,5,3.0,2,3,6,0.0,0.0,0.0
81,81,,1,4.0,2,3,1,0.051654,0.004376,6.3e-05
81,132,,5,3.0,2,3,7,0.116175,0.030884,0.057874
81,321,,4,4.0,2,3,4,0.0,0.0,0.0
81,341,,2,3.0,2,3,7,0.0,0.0,0.0
81,363,,1,3.0,2,3,7,0.0,0.0,0.0
81,483,,5,3.0,2,3,6,11.253408,68.344536,84.593077
81,486,,5,3.0,2,3,6,0.087198,0.234158,0.248577
81,512,,1,3.0,2,3,7,0.0,0.0,0.0
81,512,,5,3.0,2,3,8,0.084538,0.016685,0.034179
81,531,,5,3.0,2,3,7,0.013056,0.009145,0.014115
89,61,,1,3.0,2,3,5,0.0,0.0,0.0
89,61,,2,3.0,2,3,6,0.0,0.0,0.0
89,64,,1,3.0,2,3,6,0.0,0.0,0.0
89,81,,1,4.0,2,3,2,0.018194,0.001541,0.000256
89,132,,5,3.0,2,3,8,0.040619,0.01062,0.022057
89,321,,4,4.0,2,3,4,0.0,0.0,0.0
89,341,,2,3.0,2,3,8,0.0,0.0,0.0
89,363,,1,3.0,2,3,7,0.0,0.0,0.0
89,483,,5,3.0,2,3,6,3.963858,24.073421,32.341569
89,486,,1,3.0,2,3,6,0.019196,0.051549,0.057219
89,486,,2,3.0,2,3,6,0.007679,0.02062,0.023558
89,486,,5,3.0,2,3,6,0.003839,0.01031,0.011962
89,512,,1,3.0,2,3,7,0.029779,0.005885,0.010813
89,531,,1,3.0,2,3,6,0.004599,0.003221,0.004286
111,363,,1,3.0,2,3,3,0.0,0.0,0.0
111,512,,1,3.0,2,3,2,0.0,0.0,0.0
121,111,,4,4.0,2,3,4,0.0,0.0,0.0
121,121,,1,3.0,2,3,1,0.001744,0.000921,3.8e-05
121,122,,1,4.0,2,3,3,0.0,0.0,0.0
121,131,,4,4.0,2,3,3,0.0,0.0,0.0
121,132,,1,3.0,2,3,2,0.0,0.0,0.0
121,451,,2,3.0,2,3,3,0.0,0.0,0.0
121,486,,2,3.0,2,3,6,0.0,0.0,0.0
122,111,,4,4.0,2,3,5,0.0,0.0,0.0
122,121,,1,3.0,2,3,3,0.007289,0.003849,0.001262
122,122,,1,3.0,2,3,1,0.00294,0.009704,0.000375
122,122,,1,4.0,2,3,1,0.0,0.0,0.0
122,122,,2,3.0,2,3,1,0.0,0.0,0.0
122,122,,3,3.0,2,3,1,0.001186,0.00112,5.2e-05
122,131,,4,4.0,2,3,4,0.0,0.0,0.0
122,132,,1,3.0,2,3,3,0.0,0.0,0.0
122,451,,1,3.0,2,3,4,0.0,0.0,0.0
122,486,,3,3.0,2,3,6,0.0,0.0,0.0
122,512,,3,3.0,2,3,5,0.0,0.0,0.0
123,111,,4,4.0,2,3,4,0.0,0.0,0.0
123,121,,1,3.0,2,3,2,0.003437,0.001815,0.000229
123,122,,1,3.0,2,3,2,0.001678,0.001584,0.000366
123,122,,1,4.0,2,3,2,0.0,0.0,0.0
123,131,,4,4.0,2,3,3,0.0,0.0,0.0
123,132,,1,3.0,2,3,3,0.0,0.0,0.0
123,132,,5,3.0,2,3,3,0.0,0.0,0.0
123,451,,1,3.0,2,3,3,0.0,0.0,0.0
123,486,,2,3.0,2,3,6,0.0,0.0,0.0
123,512,,2,3.0,2,3,5,0.0,0.0,0.0
124,111,,4,4.0,2,3,5,0.0,0.0,0.0
124,121,,1,3.0,2,3,2,0.003427,0.00181,0.000364
124,122,,1,3.0,2,3,3,0.001673,0.001579,0.0004
124,122,,1,4.0,2,3,3,0.0,0.0,0.0
124,131,,4,4.0,2,3,3,0.0,0.0,0.0
124,132,,1,3.0,2,3,3,0.0,0.0,0.0
124,451,,2,3.0,2,3,3,0.0,0.0,0.0
124,486,,2,3.0,2,3,6,0.0,0.0,0.0
124,512,,2,3.0,2,3,5,0.0,0.0,0.0
129,111,,4,4.0,2,3,5,0.0,0.0,0.0
129,121,,1,3.0,2,3,2,0.004515,0.002384,0.000557
129,122,,1,3.0,2,3,2,0.002488,0.002348,0.000581
129,122,,1,4.0,2,3,2,0.0,0.0,0.0
129,131,,4,4.0,2,3,3,0.0,0.0,0.0
129,132,,1,3.0,2,3,3,0.0,0.0,0.0
129,451,,1,3.0,2,3,3,0.0,0.0,0.0
129,451,,5,3.0,2,3,4,0.0,0.0,0.0
129,486,,5,3.0,2,3,5,0.0,0.0,0.0
129,512,,2,3.0,2,3,5,0.0,0.0,0.0
131,12,,2,3.0,2,3,3,0.0,0.0,0.0
131,131,,1,4.0,2,3,1,0.001557,0.000132,5e-06
131,132,,1,3.0,2,3,3,0.088167,0.112234,0.02902
131,132,,2,3.0,2,3,3,0.005186,0.006602,0.001985
131,132,,5,3.0,2,3,3,0.015559,0.019806,0.005995
131,363,,2,3.0,2,3,6,0.0,0.0,0.0
131,451,,1,3.0,2,3,3,0.002114,0.002149,0.000686
131,512,,1,3.0,2,3,4,0.001206,0.001391,0.000816
132,132,,1,3.0,2,3,1,0.004297,0.005469,0.000187
132,132,,2,3.0,2,3,1,0.001432,0.001823,6.4e-05
139,12,,1,3.0,2,3,3,0.0,0.0,0.0
139,131,,1,4.0,2,3,2,0.0,0.0,0.0
139,132,,1,3.0,2,3,2,0.022111,0.028123,0.005201
139,132,,2,3.0,2,3,2,0.002442,0.003108,0.00064
139,132,,5,3.0,2,3,2,0.002525,0.003322,0.000756
139,451,,1,3.0,2,3,3,0.0,0.0,0.0
139,512,,1,3.0,2,3,4,0.0,0.0,0.0
160,61,,2,3.0,2,3,6,0.0,0.0,0.0
160,64,,1,4.0,2,3,5,0.005704,0.000489,0.000376
160,111,,4,4.0,2,3,7,0.0,0.0,0.0
160,512,,2,3.0,2,3,8,0.007984,0.001547,0.00414
160,531,,1,3.0,2,3,4,0.0,0.0,0.0
160,531,,2,3.0,2,3,4,0.0,0.0,0.0
171,111,,1,4.0,2,3,5,0.002404,0.003125,0.002469
171,111,,4,4.0,2,3,4,0.0,0.0,0.0
171,121,,1,3.0,2,3,6,3.849384,0.5788,0.636224
171,132,,2,3.0,2,3,6,0.473902,0.409715,0.429881
171,171,,1,3.0,2,3,1,0.0,0.0,0.0
171,171,,1,4.0,2,3,1,0.0,0.0,0.0
171,171,,3,3.0,2,3,1,0.0,0.0,0.0
171,221,,2,3.0,2,3,5,0.0,0.0,0.0
171,223,,1,3.0,2,3,5,7.040392,46.441689,43.878021
171,223,,2,3.0,2,3,5,0.0,0.0,0.0
171,223,,5,3.0,2,3,5,0.0,0.0,0.0
171,241,,1,3.0,2,3,5,0.631178,0.161139,0.128626
171,241,,2,3.0,2,3,5,0.0,0.0,0.0
171,341,,1,3.0,2,3,5,0.0,0.0,0.0
171,341,,2,3.0,2,3,5,0.0,0.0,0.0
171,341,,5,3.0,2,3,5,0.0,0.0,0.0
171,363,,1,3.0,2,3,5,0.278749,0.551916,0.475041
171,363,,5,3.0,2,3,5,0.0,0.0,0.0
171,399,,3,3.0,2,3,5,0.0,0.0,0.0
171,422,,4,4.0,2,3,3,0.0,0.0,0.0
171,451,,2,3.0,2,3,6,0.179125,0.209761,0.22318
171,483,,3,3.0,2,3,7,0.0,0.0,0.0
171,486,,1,3.0,2,3,6,0.0,0.0,0.0
171,486,,5,3.0,2,3,6,0.0,0.0,0.0
171,512,,1,3.0,2,3,5,0.269115,0.375918,0.339843
171,512,,2,3.0,2,3,6,0.014157,0.019777,0.019927
171,512,,5,3.0,2,3,6,0.085053,0.118761,0.119224
172,111,,4,4.0,2,3,4,0.0,0.0,0.0
172,121,,1,3.0,2,3,5,0.132856,0.019976,0.018387
172,132,,2,3.0,2,3,5,0.016457,0.014266,0.01381
172,171,,1,4.0,2,3,3,0.0,0.0,0.0
172,221,,2,3.0,2,3,4,0.0,0.0,0.0
172,223,,3,3.0,2,3,6,0.24299,1.602872,1.628982
172,241,,2,3.0,2,3,5,0.021975,0.005704,0.005659
172,341,,2,3.0,2,3,6,0.0,0.0,0.0
172,363,,1,3.0,2,3,5,0.009621,0.019049,0.018929
172,399,,3,3.0,2,3,6,0.0,0.0,0.0
172,451,,5,3.0,2,3,6,0.006341,0.00757,0.007629
172,483,,3,3.0,2,3,6,0.0,0.0,0.0
172,486,,1,3.0,2,3,5,0.0,0.0,0.0
172,512,,1,3.0,2,3,5,0.008469,0.011832,0.011144
172,512,,2,3.0,2,3,6,0.002117,0.002958,0.003196
172,512,,5,3.0,2,3,6,0.002869,0.003637,0.003943
179,111,,4,4.0,2,3,4,0.0,0.0,0.0
179,121,,1,3.0,2,3,5,0.768152,0.115501,0.113199
179,132,,2,3.0,2,3,6,0.094578,0.081771,0.082848
179,171,,1,3.0,2,3,2,0.0,0.0,0.0
179,171,,1,4.0,2,3,2,0.0,0.0,0.0
179,221,,2,3.0,2,3,5,0.0,0.0,0.0
179,223,,1,3.0,2,3,5,1.404923,9.267523,7.507767
179,223,,5,3.0,2,3,5,0.0,0.0,0.0
179,241,,1,3.0,2,3,5,0.125953,0.032156,0.025937
179,341,,1,3.0,2,3,5,0.0,0.0,0.0
179,341,,2,3.0,2,3,6,0.0,0.0,0.0
179,341,,5,3.0,2,3,6,0.0,0.0,0.0
179,363,,1,3.0,2,3,5,0.055625,0.110136,0.103657
179,399,,3,3.0,2,3,6,0.0,0.0,0.0
179,451,,2,3.0,2,3,6,0.035619,0.041778,0.043805
179,483,,3,3.0,2,3,7,0.0,0.0,0.0
179,486,,1,3.0,2,3,5,0.0,0.0,0.0
179,486,,2,3.0,2,3,5,0.0,0.0,0.0
179,486,,5,3.0,2,3,6,0.0,0.0,0.0
179,512,,1,3.0,2,3,5,0.056194,0.078247,0.071759
179,512,,2,3.0,2,3,6,0.006995,0.009773,0.01051
179,512,,5,3.0,2,3,6,0.010493,0.014659,0.015934
181,61,,1,3.0,2,3,8,0.0,0.0,0.0
181,101,,2,3.0,2,3,5,0.173318,0.03358,0.027348
181,132,,2,3.0,2,3,6,0.06277,0.049645,0.050618
181,171,,1,4.0,2,3,1,0.0,0.0,0.0
181,171,,2,3.0,2,3,1,0.0,0.0,0.0
181,223,,2,3.0,2,3,5,0.0,0.0,0.0
181,261,,1,3.0,2,3,3,0.057906,0.088342,0.02377
181,331,,2,3.0,2,3,6,0.00287,0.004591,0.004804
181,341,,1,3.0,2,3,5,0.0,0.0,0.0
181,341,,2,3.0,2,3,5,0.0,0.0,0.0
181,341,,5,3.0,2,3,5,0.0,0.0,0.0
181,362,,2,3.0,2,3,4,0.057606,0.094232,0.048962
181,363,,1,3.0,2,3,5,0.044885,0.061666,0.049603
181,363,,4,4.0,2,3,4,0.0,0.0,0.0
181,451,,2,3.0,2,3,6,0.010547,0.00978,0.010123
181,483,,2,3.0,2,3,6,0.0,0.0,0.0
181,512,,1,3.0,2,3,5,0.0502,0.036343,0.030534
181,512,,2,3.0,2,3,5,0.050161,0.036292,0.035516
182,61,,1,3.0,2,3,8,0.0,0.0,0.0
182,61,,2,3.0,2,3,8,0.0,0.0,0.0
182,61,,5,3.0,2,3,8,0.0,0.0,0.0
182,101,,1,3.0,2,3,4,0.736711,0.094572,0.063973
182,132,,1,3.0,2,3,5,0.267498,0.211876,0.165177
182,132,,5,3.0,2,3,5,0.0,0.0,0.0
182,171,,1,4.0,2,3,2,0.0,0.0,0.0
182,171,,2,3.0,2,3,3,0.0,0.0,0.0
182,223,,1,3.0,2,3,5,0.0,0.0,0.0
182,261,,2,3.0,2,3,3,0.123069,0.187755,0.058573
182,261,,5,3.0,2,3,3,0.123069,0.187755,0.058784
182,331,,5,3.0,2,3,6,0.012198,0.019516,0.019639
182,341,,1,3.0,2,3,4,0.0,0.0,0.0
182,341,,5,3.0,2,3,5,0.0,0.0,0.0
182,362,,5,3.0,2,3,3,0.244863,0.400546,0.193195
182,363,,1,3.0,2,3,4,0.149983,0.205989,0.154482
182,363,,4,4.0,2,3,4,0.0,0.0,0.0
182,363,,5,3.0,2,3,5,0.040884,0.056168,0.050458
182,451,,5,3.0,2,3,5,0.044003,0.041434,0.038739
182,483,,2,3.0,2,3,6,0.0,0.0,0.0
182,486,,2,3.0,2,3,6,0.0,0.0,0.0
182,512,,1,3.0,2,3,4,0.319827,0.231395,0.168223
182,512,,5,3.0,2,3,5,0.106741,0.077285,0.066577
183,61,,1,3.0,2,3,8,0.0,0.0,0.0
183,61,,5,3.0,2,3,8,0.0,0.0,0.0
183,101,,1,3.0,2,3,4,0.165907,0.021298,0.013404
183,132,,1,3.0,2,3,5,0.060086,0.047523,0.040089
183,171,,1,4.0,2,3,2,0.0,0.0,0.0
183,171,,2,3.0,2,3,2,0.0,0.0,0.0
183,223,,5,3.0,2,3,6,0.0,0.0,0.0
183,261,,1,3.0,2,3,2,0.05543,0.084565,0.016541
183,331,,5,3.0,2,3,6,0.002747,0.004395,0.004725
183,341,,1,3.0,2,3,4,0.0,0.0,0.0
183,341,,2,3.0,2,3,4,0.0,0.0,0.0
183,341,,5,3.0,2,3,5,0.0,0.0,0.0
183,362,,5,3.0,2,3,3,0.055143,0.090203,0.03558
183,363,,1,3.0,2,3,4,0.033418,0.045912,0.031314
183,363,,2,3.0,2,3,5,0.004774,0.006559,0.005091
183,363,,4,4.0,2,3,4,0.0,0.0,0.0
183,363,,5,3.0,2,3,5,0.004774,0.006559,0.005092
183,451,,1,3.0,2,3,5,0.010118,0.009334,0.007302
183,483,,2,3.0,2,3,6,0.0,0.0,0.0
183,512,,1,3.0,2,3,4,0.096547,0.069943,0.051164
183,512,,5,3.0,2,3,5,0.0,0.0,0.0
189,61,,1,3.0,2,3,8,0.0,0.0,0.0
189,101,,1,3.0,2,3,4,0.636699,0.081733,0.058153
189,132,,1,3.0,2,3,5,0.230667,0.182455,0.141458
189,171,,1,4.0,2,3,2,0.0,0.0,0.0
189,171,,2,3.0,2,3,3,0.0,0.0,0.0
189,223,,1,3.0,2,3,5,0.0,0.0,0.0
189,223,,5,3.0,2,3,5,0.0,0.0,0.0
189,261,,1,3.0,2,3,3,0.212723,0.324534,0.10286
189,331,,2,3.0,2,3,6,0.010542,0.016867,0.017717
189,341,,1,3.0,2,3,4,0.0,0.0,0.0
189,341,,2,3.0,2,3,5,0.0,0.0,0.0
189,341,,5,3.0,2,3,5,0.0,0.0,0.0
189,362,,1,3.0,2,3,4,0.211622,0.34617,0.183758
189,363,,1,3.0,2,3,5,0.16489,0.226536,0.175959
189,363,,4,4.0,2,3,4,0.0,0.0,0.0
189,451,,1,3.0,2,3,4,0.038031,0.03581,0.026528
189,483,,2,3.0,2,3,6,0.0,0.0,0.0
189,486,,2,3.0,2,3,6,0.0,0.0,0.0
189,512,,1,3.0,2,3,5,0.0,0.0,0.0
189,512,,5,3.0,2,3,5,0.368546,0.266643,0.237359
190,111,,4,4.0,2,3,5,0.0,0.0,0.0
190,131,,1,4.0,2,3,5,0.049836,0.004222,0.004025
190,131,,4,4.0,2,3,5,0.0,0.0,0.0
190,132,,2,3.0,2,3,6,0.041004,0.045992,0.062387
190,171,,1,4.0,2,3,3,1.823949,0.288891,0.103627
190,221,,5,3.0,2,3,6,13.09078,86.256378,101.049795
190,223,,3,3.0,2,3,6,39.185291,230.75473,341.874621
190,241,,2,3.0,2,3,6,0.0,0.0,0.0
190,251,,1,4.0,2,3,6,0.011205,0.002911,0.003945
190,341,,1,3.0,2,3,6,0.0,0.0,0.0
190,341,,2,3.0,2,3,6,0.0,0.0,0.0
190,362,,2,3.0,2,3,5,0.09228,0.017879,0.015724
190,363,,1,3.0,2,3,6,0.0,0.0,0.0
190,363,,1,4.0,2,3,6,0.004324,0.001194,0.001426
190,363,,2,3.0,2,3,6,0.0,0.0,0.0
190,399,,2,3.0,2,3,4,0.0,0.0,0.0
190,451,,1,3.0,2,3,6,0.0,0.0,0.0
190,483,,3,3.0,2,3,7,1.735922,8.629346,16.127831
190,486,,1,3.0,2,3,6,0.0,0.0,0.0
190,512,,1,3.0,2,3,6,0.461893,0.207626,0.250575
190,512,,2,3.0,2,3,6,0.461893,0.207626,0.27997
190,512,,5,3.0,2,3,6,0.0,0.0,0.0
201,111,,1,4.0,2,3,6,0.006773,0.004189,0.004581
201,132,,2,3.0,2,3,6,0.153661,0.186914,0.23914
201,221,,2,3.0,2,3,5,14.52153,67.303238,55.613426
201,223,,2,3.0,2,3,5,12.41147,67.143021,64.064066
201,341,,1,3.0,2,3,6,0.010007,0.04867,0.060122
201,363,,1,3.0,2,3,6,0.219412,0.733418,0.91029
201,399,,2,3.0,2,3,4,0.0,0.0,0.0
201,482,,1,3.0,2,3,4,28.112097,142.257065,105.391587
201,483,,2,3.0,2,3,5,37.241119,206.964401,191.42902
201,486,,1,3.0,2,3,5,83.078751,366.791412,285.317419
201,512,,1,3.0,2,3,6,0.836293,0.818593,0.97029
201,512,,5,3.0,2,3,6,0.0,0.0,0.0
202,111,,1,4.0,2,3,6,0.003198,0.002671,0.003422
202,132,,5,3.0,2,3,6,0.07703,0.093685,0.126108
202,221,,5,3.0,2,3,5,7.24894,33.596825,28.072001
202,223,,5,3.0,2,3,5,6.195631,33.516846,30.443901
202,341,,1,3.0,2,3,6,0.005175,0.024414,0.034733
202,363,,1,3.0,2,3,6,0.109527,0.366112,0.52485
202,399,,2,3.0,2,3,5,0.0,0.0,0.0
202,482,,1,3.0,2,3,4,14.03316,71.012711,47.42403
202,483,,5,3.0,2,3,5,18.590239,103.313705,83.342524
202,486,,1,3.0,2,3,4,41.471737,183.097092,113.985445
202,512,,1,3.0,2,3,6,0.417236,0.408563,0.553975
209,111,,1,4.0,2,3,6,0.003696,0.002622,0.003413
209,132,,1,3.0,2,3,6,0.096772,0.117714,0.14794
209,221,,2,3.0,2,3,5,9.145288,42.385872,41.634839
209,223,,2,3.0,2,3,6,7.81643,42.284969,44.712202
209,341,,1,3.0,2,3,6,0.004201,0.020434,0.029474
209,341,,2,3.0,2,3,7,0.002153,0.010252,0.016119
209,363,,1,3.0,2,3,6,0.11844,0.395904,0.576616
209,363,,2,3.0,2,3,7,0.01974,0.065984,0.104879
209,399,,2,3.0,2,3,5,0.0,0.0,0.0
209,482,,2,3.0,2,3,5,17.70429,89.58989,81.342359
209,483,,2,3.0,2,3,5,23.45351,130.340897,130.037893
209,486,,1,3.0,2,3,5,52.320889,230.995941,174.949173
209,512,,1,3.0,2,3,6,0.526329,0.515428,0.715673
209,512,,2,3.0,2,3,7,0.0,0.0,0.0
209,512,,5,3.0,2,3,7,0.0,0.0,0.0
211,132,,2,3.0,2,3,5,0.005455,0.003644,0.002742
211,223,,3,3.0,2,3,6,0.151782,0.916245,1.193909
211,512,,1,3.0,2,3,4,0.0,0.0,0.0
211,512,,5,3.0,2,3,4,0.0,0.0,0.0
212,132,,1,3.0,2,3,4,0.008241,0.005607,0.003662
212,132,,2,3.0,2,3,4,0.009144,0.006086,0.004426
212,132,,5,3.0,2,3,4,0.0,0.0,0.0
212,223,,5,3.0,2,3,5,0.510491,3.081628,2.682502
212,241,,2,3.0,2,3,5,0.0,0.0,0.0
212,363,,2,3.0,2,3,5,0.0,0.0,0.0
212,451,,1,3.0,2,3,4,0.0,0.0,0.0
212,512,,1,3.0,2,3,4,0.0,0.0,0.0
212,512,,2,3.0,2,3,5,0.0,0.0,0.0
212,512,,5,3.0,2,3,5,0.0,0.0,0.0
219,111,,4,4.0,2,3,3,0.0,0.0,0.0
219,132,,1,3.0,2,3,4,0.014046,0.009556,0.00563
219,132,,2,3.0,2,3,4,0.003619,0.002522,0.001697
219,132,,5,3.0,2,3,4,0.003511,0.002389,0.001633
219,223,,5,3.0,2,3,5,0.652543,3.939141,3.278671
219,241,,2,3.0,2,3,5,0.0,0.0,0.0
219,363,,2,3.0,2,3,6,0.0,0.0,0.0
219,451,,1,3.0,2,3,4,0.0,0.0,0.0
219,512,,1,3.0,2,3,4,0.0,0.0,0.0
219,512,,2,3.0,2,3,5,0.0,0.0,0.0
219,512,,5,3.0,2,3,5,0.0,0.0,0.0
221,12,,1,3.0,2,3,2,0.016402,0.023195,0.004856
221,61,,1,3.0,2,3,7,0.022363,0.055018,0.100818
221,61,,2,3.0,2,3,7,0.007454,0.018339,0.035048
221,61,,5,3.0,2,3,7,0.007454,0.018339,0.035051
221,131,,4,4.0,2,3,3,0.0,0.0,0.0
221,132,,2,3.0,2,3,5,0.008638,0.009981,0.008359
221,221,,1,3.0,2,3,1,1.181315,6.368551,0.099525
221,221,,3,3.0,2,3,1,0.590657,2.361094,0.047063
221,222,,3,3.0,2,3,2,0.331103,0.703199,0.161483
221,223,,3,3.0,2,3,2,49.25148,293.471558,34.419795
221,363,,3,3.0,2,3,8,0.0,0.0,0.0
221,451,,2,3.0,2,3,5,0.003898,0.003409,0.003224
221,483,,1,3.0,2,3,4,0.0,0.0,0.0
221,486,,1,3.0,2,3,3,0.706605,1.564675,0.454278
221,512,,3,3.0,2,3,7,0.001755,0.001469,0.002738
222,12,,3,3.0,2,3,3,0.003728,0.005272,0.002485
222,61,,1,3.0,2,3,7,0.004236,0.010421,0.017792
222,61,,2,3.0,2,3,7,0.004236,0.010421,0.018657
222,132,,2,3.0,2,3,5,0.002022,0.002328,0.002224
222,221,,3,3.0,2,3,2,0.402774,1.610049,0.343628
222,222,,1,3.0,2,3,1,0.03763,0.07992,0.002447
222,222,,2,3.0,2,3,1,0.018815,0.119131,0.002986
222,222,,3,3.0,2,3,1,0.018815,0.03996,0.001689
222,223,,1,3.0,2,3,2,11.194995,66.706886,13.676688
222,363,,2,3.0,2,3,7,0.0,0.0,0.0
222,451,,2,3.0,2,3,6,0.0,0.0,0.0
222,483,,3,3.0,2,3,3,0.0,0.0,0.0
222,486,,1,3.0,2,3,2,0.160613,0.355655,0.06098
222,486,,2,3.0,2,3,2,0.0,0.0,0.0
222,486,,3,3.0,2,3,2,0.0,0.0,0.0
222,486,,5,3.0,2,3,2,0.0,0.0,0.0
223,12,,3,3.0,2,3,2,0.02464,0.03484,0.007252
223,61,,1,3.0,2,3,7,0.0,0.0,0.0
223,61,,2,3.0,2,3,8,0.055892,0.137506,0.276749
223,131,,4,4.0,2,3,3,0.0,0.0,0.0
223,132,,1,3.0,2,3,4,0.0,0.0,0.0
223,132,,2,3.0,2,3,5,0.012953,0.014968,0.011533
223,221,,5,3.0,2,3,1,2.657218,10.621965,1.001558
223,222,,3,3.0,2,3,3,0.496515,1.054505,0.294466
223,223,,1,3.0,2,3,1,0.0,0.0,0.0
223,223,,2,3.0,2,3,1,36.928326,233.816956,10.646903
223,223,,3,3.0,2,3,1,36.928326,220.042389,8.271916
223,363,,5,3.0,2,3,7,0.0,0.0,0.0
223,451,,2,3.0,2,3,5,0.005892,0.005175,0.004496
223,483,,3,3.0,2,3,4,0.0,0.0,0.0
223,486,,1,3.0,2,3,3,1.059612,2.346359,0.848295
223,512,,3,3.0,2,3,7,0.002631,0.002203,0.003851
229,12,,3,3.0,2,3,3,0.026417,0.037356,0.017329
229,61,,1,3.0,2,3,7,0.060028,0.147683,0.255401
229,61,,2,3.0,2,3,7,0.0,0.0,0.0
229,61,,5,3.0,2,3,7,0.0,0.0,0.0
229,131,,4,4.0,2,3,3,0.0,0.0,0.0
229,132,,1,3.0,2,3,5,0.003618,0.004153,0.003226
229,132,,2,3.0,2,3,5,0.006956,0.008038,0.007125
229,132,,5,3.0,2,3,6,0.003803,0.004379,0.005272
229,221,,3,3.0,2,3,2,2.853874,11.408076,2.650126
229,222,,3,3.0,2,3,3,0.533262,1.132547,0.355725
229,223,,1,3.0,2,3,2,71.390373,425.38913,91.988047
229,223,,3,3.0,2,3,3,7.932264,47.265461,14.685019
229,363,,5,3.0,2,3,8,0.0,0.0,0.0
229,451,,2,3.0,2,3,6,0.006374,0.005594,0.005614
229,483,,3,3.0,2,3,4,0.0,0.0,0.0
229,486,,1,3.0,2,3,3,0.995778,2.205007,0.607923
229,486,,2,3.0,2,3,3,0.142254,0.315001,0.085525
229,486,,5,3.0,2,3,3,0.0,0.0,0.0
229,512,,3,3.0,2,3,8,0.002826,0.002366,0.00481
241,132,,2,3.0,2,3,4,0.00053,0.001367,0.000933
241,223,,2,3.0,2,3,6,0.0,0.0,0.0
241,241,,1,3.0,2,3,1,0.012385,0.012571,0.000325
241,241,,2,3.0,2,3,1,0.0,0.0,0.0
241,363,,1,3.0,2,3,2,0.0,0.0,0.0
241,451,,2,3.0,2,3,4,0.0,0.0,0.0
241,486,,2,3.0,2,3,7,0.0,0.0,0.0
241,512,,2,3.0,2,3,3,0.0,0.0,0.0
242,132,,2,3.0,2,3,4,0.0,0.0,0.0
242,223,,2,3.0,2,3,6,0.0,0.0,0.0
242,241,,1,3.0,2,3,1,0.009608,0.009579,0.000384
242,363,,1,3.0,2,3,3,0.0,0.0,0.0
242,363,,5,3.0,2,3,3,0.0,0.0,0.0
242,451,,2,3.0,2,3,4,0.0,0.0,0.0
242,486,,2,3.0,2,3,7,0.0,0.0,0.0
242,512,,2,3.0,2,3,2,0.0,0.0,0.0
249,132,,2,3.0,2,3,5,0.0,0.0,0.0
249,223,,2,3.0,2,3,6,0.0,0.0,0.0
249,241,,1,3.0,2,3,1,0.001934,0.001964,0.000179
249,363,,1,3.0,2,3,2,0.0,0.0,0.0
249,363,,5,3.0,2,3,3,0.0,0.0,0.0
249,451,,2,3.0,2,3,4,0.0,0.0,0.0
249,512,,1,3.0,2,3,2,0.0,0.0,0.0
251,341,,1,3.0,2,3,3,0.0,0.0,0.0
251,363,,1,3.0,2,3,2,0.0,0.0,0.0
261,131,,4,4.0,2,3,4,0.0,0.0,0.0
261,261,,1,3.0,2,3,1,0.0,0.0,0.0
261,363,,1,3.0,2,3,4,0.003041,0.00152,0.001025
261,363,,2,3.0,2,3,5,0.0,0.0,0.0
261,363,,5,3.0,2,3,5,0.0,0.0,0.0
261,512,,1,3.0,2,3,4,0.005208,0.00587,0.004296
262,363,,1,3.0,2,3,5,0.0,0.0,0.0
262,512,,1,3.0,2,3,5,0.0,0.0,0.0
269,131,,4,4.0,2,3,4,0.0,0.0,0.0
269,261,,3,3.0,2,3,3,0.0,0.0,0.0
269,363,,1,3.0,2,3,5,0.001202,0.0006,0.000477
269,363,,2,3.0,2,3,5,0.0,0.0,0.0
269,363,,5,3.0,2,3,5,0.0,0.0,0.0
269,512,,1,3.0,2,3,5,0.002058,0.002319,0.002015
271,121,,1,3.0,2,3,7,0.016222,0.003171,0.004761
271,131,,4,4.0,2,3,5,0.0,0.0,0.0
271,132,,2,3.0,2,3,6,0.013729,0.040435,0.059473
271,171,,2,3.0,2,3,3,0.0,0.0,0.0
271,221,,3,3.0,2,3,7,0.0,0.0,0.0
271,223,,3,3.0,2,3,7,1.424894,9.636056,16.276206
271,261,,2,3.0,2,3,5,0.0,0.0,0.0
271,279,,2,3.0,2,3,3,0.0,0.0,0.0
271,341,,1,3.0,2,3,6,6.528849,36.782253,48.712471
271,363,,1,3.0,2,3,6,0.0,0.0,0.0
271,451,,2,3.0,2,3,6,0.0,0.0,0.0
271,483,,3,3.0,2,3,8,1.242721,6.733249,13.979241
271,486,,2,3.0,2,3,6,0.0,0.0,0.0
271,512,,1,3.0,2,3,6,0.27092,0.159613,0.221703
271,512,,5,3.0,2,3,6,0.154811,0.091208,0.132754
271,532,,2,3.0,2,3,7,0.0,0.0,0.0
279,121,,2,3.0,2,3,7,0.00419,0.000819,0.001336
279,132,,2,3.0,2,3,7,0.003474,0.010354,0.016208
279,171,,3,3.0,2,3,5,0.0,0.0,0.0
279,221,,2,3.0,2,3,6,0.0,0.0,0.0
279,223,,1,3.0,2,3,6,0.368054,2.489023,3.262623
279,261,,3,3.0,2,3,6,0.0,0.0,0.0
279,279,,1,3.0,2,3,3,0.0,0.0,0.0
279,341,,1,3.0,2,3,6,1.686731,9.501173,13.253634
279,363,,1,3.0,2,3,6,0.0,0.0,0.0
279,363,,5,3.0,2,3,6,0.0,0.0,0.0
279,451,,2,3.0,2,3,7,0.0,0.0,0.0
279,483,,2,3.0,2,3,7,0.320999,1.739219,2.72505
279,486,,2,3.0,2,3,6,0.0,0.0,0.0
279,512,,1,3.0,2,3,6,0.082476,0.048591,0.07035
279,512,,2,3.0,2,3,7,0.013746,0.008098,0.01255
279,512,,5,3.0,2,3,7,0.013746,0.008098,0.012582
279,532,,2,3.0,2,3,7,0.0,0.0,0.0
280,12,,1,3.0,2,3,2,0.002068,0.002717,0.000601
280,132,,1,3.0,2,3,4,0.049029,0.044652,0.026871
280,132,,2,3.0,2,3,4,0.02509,0.023057,0.016502
280,223,,1,3.0,2,3,2,1.856211,11.317108,2.632716
280,223,,2,3.0,2,3,2,0.265173,1.61673,0.400339
280,223,,5,3.0,2,3,3,0.265173,1.61673,0.463664
280,451,,1,3.0,2,3,4,0.0,0.0,0.0
291,111,,4,4.0,2,3,5,0.0,0.0,0.0
291,132,,2,3.0,2,3,6,0.005877,0.004477,0.005695
291,223,,2,3.0,2,3,5,0.0,0.0,0.0
291,512,,1,3.0,2,3,6,0.009776,0.006443,0.007607
291,512,,5,3.0,2,3,6,0.001955,0.001289,0.00185
292,111,,4,4.0,2,3,4,0.0,0.0,0.0
292,132,,2,3.0,2,3,5,0.010183,0.007162,0.006976
292,223,,1,3.0,2,3,4,0.0,0.0,0.0
292,451,,2,3.0,2,3,6,0.001943,0.000597,0.000609
292,512,,1,3.0,2,3,5,0.013661,0.009058,0.008645
292,512,,2,3.0,2,3,6,0.001936,0.001276,0.001391
292,512,,5,3.0,2,3,6,0.007739,0.0051,0.005564
299,111,,4,4.0,2,3,5,0.0,0.0,0.0
299,132,,1,3.0,2,3,5,0.005762,0.00433,0.003977
299,223,,5,3.0,2,3,5,0.0,0.0,0.0
299,451,,2,3.0,2,3,6,0.001019,0.000331,0.000381
299,512,,1,3.0,2,3,6,0.005592,0.003685,0.003978
299,512,,2,3.0,2,3,6,0.003994,0.002632,0.003302
299,512,,5,3.0,2,3,6,0.002842,0.002005,0.002548
300,483,,5,3.0,2,3,8,2.321859,9.375711,20.56671
311,61,,1,3.0,2,3,7,0.0,0.0,0.0
311,61,,2,3.0,2,3,7,0.0,0.0,0.0
311,61,,5,3.0,2,3,7,0.0,0.0,0.0
311,111,,4,4.0,2,3,6,0.0,0.0,0.0
311,132,,2,3.0,2,3,6,0.006225,0.035463,0.04953
311,171,,1,3.0,2,3,3,0.0,0.0,0.0
311,171,,1,4.0,2,3,3,0.017919,0.028191,0.013745
311,171,,4,4.0,2,3,3,0.0,0.0,0.0
311,171,,5,3.0,2,3,3,0.0,0.0,0.0
311,223,,2,3.0,2,3,6,6.353351,37.47274,43.602894
311,241,,1,3.0,2,3,6,0.0,0.0,0.0
311,241,,2,3.0,2,3,6,0.0,0.0,0.0
311,363,,1,3.0,2,3,6,0.273519,0.086865,0.115672
311,421,,2,3.0,2,3,6,0.0,0.0,0.0
311,451,,2,3.0,2,3,7,0.0,0.0,0.0
311,483,,2,3.0,2,3,6,0.439316,2.370028,2.688396
311,486,,5,3.0,2,3,6,0.0,0.0,0.0
311,512,,1,3.0,2,3,6,0.02934,0.025287,0.033821
311,512,,2,3.0,2,3,7,0.028692,0.024712,0.037089
311,512,,5,3.0,2,3,7,0.0,0.0,0.0
319,61,,1,3.0,2,3,6,0.0,0.0,0.0
319,61,,2,3.0,2,3,7,0.0,0.0,0.0
319,61,,5,3.0,2,3,7,0.0,0.0,0.0
319,111,,4,4.0,2,3,6,0.0,0.0,0.0
319,132,,2,3.0,2,3,7,0.005126,0.0292,0.044138
319,171,,1,4.0,2,3,4,0.014295,0.022637,0.014032
319,171,,2,3.0,2,3,4,0.0,0.0,0.0
319,171,,4,4.0,2,3,4,0.0,0.0,0.0
319,171,,5,3.0,2,3,4,0.0,0.0,0.0
319,223,,2,3.0,2,3,6,5.231328,30.854931,38.638527
319,241,,1,3.0,2,3,6,0.0,0.0,0.0
319,241,,5,3.0,2,3,6,0.0,0.0,0.0
319,363,,1,3.0,2,3,6,0.168911,0.053643,0.077501
319,363,,2,3.0,2,3,7,0.028834,0.009281,0.014397
319,363,,5,3.0,2,3,7,0.028152,0.008941,0.013974
319,421,,2,3.0,2,3,7,0.0,0.0,0.0
319,451,,1,3.0,2,3,6,0.0,0.0,0.0
319,483,,2,3.0,2,3,6,0.361731,1.951474,2.456834
319,486,,1,3.0,2,3,5,0.0,0.0,0.0
319,512,,1,3.0,2,3,6,0.023625,0.020347,0.029333
319,512,,5,3.0,2,3,7,0.023625,0.020347,0.033446
321,451,,2,3.0,2,3,8,0.0,0.0,0.0
321,512,,2,3.0,2,3,8,0.0,0.0,0.0
329,451,,2,3.0,2,3,8,0.0,0.0,0.0
329,512,,2,3.0,2,3,8,0.0,0.0,0.0
341,61,,5,3.0,2,3,8,0.019653,0.094624,0.464764
341,111,,1,4.0,2,3,2,0.001197,0.000101,2.4e-05
341,131,,1,4.0,2,3,5,0.008819,0.001164,0.001007
341,132,,2,3.0,2,3,5,0.0,0.0,0.0
341,222,,1,3.0,2,3,6,1.249761,2.532015,3.751385
341,223,,2,3.0,2,3,6,0.0,0.0,0.0
341,241,,1,3.0,2,3,2,0.0,0.0,0.0
341,261,,2,3.0,2,3,5,0.328894,1.627543,1.224099
341,341,,1,3.0,2,3,1,0.01203,0.004859,0.000161
341,341,,2,3.0,2,3,1,0.0,0.0,0.0
341,341,,3,3.0,2,3,2,0.0,0.0,0.0
341,363,,1,3.0,2,3,1,0.0,0.0,0.0
341,483,,2,3.0,2,3,7,0.0,0.0,0.0
341,486,,1,3.0,2,3,7,56.88401,326.987946,533.512194
341,512,,1,3.0,2,3,3,0.279417,0.480606,0.182263
341,532,,2,3.0,2,3,8,6.167358,38.708309,122.319567
342,61,,5,3.0,2,3,8,0.003293,0.015856,0.080037
342,131,,1,4.0,2,3,5,0.001648,0.0002,0.000159
342,132,,2,3.0,2,3,5,0.0,0.0,0.0
342,222,,3,3.0,2,3,8,0.209424,0.424293,0.899555
342,223,,2,3.0,2,3,6,0.0,0.0,0.0
342,261,,2,3.0,2,3,4,0.055113,0.272729,0.198428
342,341,,1,3.0,2,3,1,0.002016,0.000814,6.7e-05
342,341,,5,3.0,2,3,1,0.0,0.0,0.0
342,363,,1,3.0,2,3,2,0.0,0.0,0.0
342,363,,5,3.0,2,3,2,0.0,0.0,0.0
342,483,,2,3.0,2,3,7,0.0,0.0,0.0
342,486,,1,3.0,2,3,7,9.532122,54.793766,86.642759
342,512,,3,3.0,2,3,3,0.046861,0.080581,0.023999
342,532,,2,3.0,2,3,8,1.033472,6.486399,20.316287
361,341,,1,3.0,2,3,2,0.001265,0.000633,0.000117
361,363,,1,3.0,2,3,2,0.003497,0.004328,0.000739
362,341,,1,3.0,2,3,3,0.001332,0.000667,0.000248
362,341,,5,3.0,2,3,3,0.0,0.0,0.0
362,363,,1,3.0,2,3,3,0.003684,0.00456,0.001771
362,451,,2,3.0,2,3,6,0.0,0.0,0.0
363,111,,1,4.0,2,3,3,0.0,0.0,0.0
363,132,,2,3.0,2,3,5,0.0,0.0,0.0
363,341,,1,3.0,2,3,1,0.026048,0.013033,0.000649
363,363,,1,3.0,2,3,1,0.072033,0.089143,0.002044
363,363,,5,3.0,2,3,1,0.0,0.0,0.0
363,451,,2,3.0,2,3,5,0.004094,0.007174,0.005743
363,512,,3,3.0,2,3,3,0.0,0.0,0.0
364,341,,1,3.0,2,3,3,0.001302,0.000652,0.000204
364,341,,5,3.0,2,3,3,0.0,0.0,0.0
364,363,,1,3.0,2,3,3,0.003601,0.004456,0.001468
364,363,,5,3.0,2,3,3,0.0,0.0,0.0
364,451,,2,3.0,2,3,6,0.0,0.0,0.0
369,111,,4,4.0,2,3,3,0.0,0.0,0.0
369,341,,1,3.0,2,3,2,0.002032,0.001017,0.000254
369,341,,5,3.0,2,3,3,0.0,0.0,0.0
369,363,,1,3.0,2,3,3,0.00562,0.006955,0.001782
369,363,,5,3.0,2,3,3,0.0,0.0,0.0
369,451,,2,3.0,2,3,6,0.0,0.0,0.0
371,111,,4,4.0,2,3,3,0.0,0.0,0.0
371,132,,1,3.0,2,3,3,0.000882,0.001034,0.000277
371,379,,1,3.0,2,3,3,0.632101,1.330901,0.33673
371,451,,1,3.0,2,3,2,0.003419,0.003522,0.000778
371,486,,2,3.0,2,3,6,0.0,0.0,0.0
371,512,,1,3.0,2,3,3,0.0,0.0,0.0
372,111,,1,4.0,2,3,3,0.0,0.0,0.0
372,132,,1,3.0,2,3,3,0.0,0.0,0.0
372,379,,1,3.0,2,3,2,0.341455,0.718941,0.172843
372,451,,1,3.0,2,3,3,0.002046,0.002251,0.000653
372,486,,2,3.0,2,3,6,0.0,0.0,0.0
372,512,,1,3.0,2,3,3,0.0,0.0,0.0
372,512,,5,3.0,2,3,3,0.0,0.0,0.0
373,111,,1,4.0,2,3,3,0.0,0.0,0.0
373,132,,1,3.0,2,3,3,0.0,0.0,0.0
373,379,,1,3.0,2,3,2,0.545726,1.149037,0.179102
373,451,,1,3.0,2,3,3,0.001476,0.00152,0.00043
373,451,,5,3.0,2,3,3,0.002348,0.002622,0.000732
373,486,,2,3.0,2,3,6,0.0,0.0,0.0
373,512,,1,3.0,2,3,2,0.0,0.0,0.0
379,111,,4,4.0,2,3,3,0.0,0.0,0.0
379,132,,1,3.0,2,3,3,0.0,0.0,0.0
379,379,,1,3.0,2,3,2,0.449462,0.94635,0.149783
379,379,,5,3.0,2,3,2,0.07491,0.157725,0.030125
379,451,,1,3.0,2,3,3,0.002836,0.002922,0.00079
379,486,,2,3.0,2,3,6,0.0,0.0,0.0
379,512,,1,3.0,2,3,2,0.0,0.0,0.0
379,512,,5,3.0,2,3,3,0.0,0.0,0.0
380,222,,5,3.0,2,3,7,0.397598,0.35243,0.649506
380,223,,1,3.0,2,3,7,8.561478,33.750912,55.736378
380,223,,2,3.0,2,3,7,8.561478,33.750912,59.311804
380,223,,5,3.0,2,3,7,17.122955,67.501823,121.689878
380,483,,5,3.0,2,3,7,3.239468,14.324172,28.311403
380,486,,2,3.0,2,3,7,0.0,0.0,0.0
380,512,,2,3.0,2,3,7,0.763594,1.359009,2.501793
391,12,,3,3.0,2,3,6,0.157699,0.462748,0.518319
391,101,,1,3.0,2,3,4,0.0,0.0,0.0
391,171,,4,4.0,2,3,3,0.0,0.0,0.0
391,221,,1,3.0,2,3,5,0.077807,0.253642,0.227756
391,223,,3,3.0,2,3,6,0.0,0.0,0.0
391,341,,1,3.0,2,3,4,0.0,0.0,0.0
391,363,,1,3.0,2,3,4,0.00654,0.003709,0.002459
391,363,,4,4.0,2,3,4,0.0,0.0,0.0
391,399,,3,3.0,2,3,7,0.0,0.0,0.0
391,451,,2,3.0,2,3,5,0.0,0.0,0.0
391,482,,3,3.0,2,3,6,1.853725,6.385562,9.365377
391,486,,2,3.0,2,3,6,0.0,0.0,0.0
391,512,,1,3.0,2,3,4,0.003259,0.001534,0.00096
391,512,,5,3.0,2,3,4,0.001485,0.000845,0.000627
392,12,,2,3.0,2,3,6,0.271241,0.795922,0.82529
392,101,,2,3.0,2,3,3,0.0,0.0,0.0
392,132,,2,3.0,2,3,5,0.0,0.0,0.0
392,171,,4,4.0,2,3,3,0.0,0.0,0.0
392,221,,2,3.0,2,3,6,0.133828,0.436261,0.496282
392,223,,2,3.0,2,3,6,0.0,0.0,0.0
392,341,,1,3.0,2,3,3,0.0,0.0,0.0
392,363,,1,3.0,2,3,3,0.011249,0.00638,0.003108
392,363,,4,4.0,2,3,3,0.0,0.0,0.0
392,399,,2,3.0,2,3,2,0.0,0.0,0.0
392,451,,2,3.0,2,3,5,0.0,0.0,0.0
392,482,,2,3.0,2,3,6,3.18839,10.98311,13.982361
392,486,,2,3.0,2,3,6,0.0,0.0,0.0
392,512,,1,3.0,2,3,4,0.005521,0.002566,0.001468
392,512,,2,3.0,2,3,4,0.0,0.0,0.0
392,512,,5,3.0,2,3,4,0.002135,0.001005,0.000675
393,12,,2,3.0,2,3,5,0.189014,0.553591,0.488042
393,101,,2,3.0,2,3,4,0.0,0.0,0.0
393,171,,4,4.0,2,3,3,0.0,0.0,0.0
393,221,,1,3.0,2,3,5,0.0,0.0,0.0
393,221,,2,3.0,2,3,6,0.092991,0.303138,0.315846
393,221,,5,3.0,2,3,6,0.0,0.0,0.0
393,223,,2,3.0,2,3,5,0.0,0.0,0.0
393,341,,1,3.0,2,3,4,0.0,0.0,0.0
393,363,,1,3.0,2,3,4,0.007817,0.004433,0.002567
393,363,,4,4.0,2,3,3,0.0,0.0,0.0
393,399,,2,3.0,2,3,2,0.0,0.0,0.0
393,451,,1,3.0,2,3,4,0.0,0.0,0.0
393,482,,2,3.0,2,3,6,2.215469,7.631668,9.133296
393,486,,2,3.0,2,3,6,0.0,0.0,0.0
393,512,,1,3.0,2,3,4,0.003462,0.00163,0.000919
393,512,,2,3.0,2,3,4,0.001934,0.000874,0.000603
393,512,,5,3.0,2,3,4,0.0,0.0,0.0
394,12,,5,3.0,2,3,5,0.072125,0.210984,0.178807
394,101,,1,3.0,2,3,4,0.0,0.0,0.0
394,171,,4,4.0,2,3,2,0.0,0.0,0.0
394,221,,5,3.0,2,3,5,0.035389,0.115363,0.112601
394,223,,5,3.0,2,3,5,0.0,0.0,0.0
394,341,,1,3.0,2,3,4,0.0,0.0,0.0
394,363,,1,3.0,2,3,4,0.002975,0.001687,0.001079
394,363,,4,4.0,2,3,4,0.0,0.0,0.0
394,399,,5,3.0,2,3,2,0.0,0.0,0.0
394,451,,5,3.0,2,3,5,0.0,0.0,0.0
394,482,,5,3.0,2,3,6,0.843124,2.904325,3.300889
394,486,,2,3.0,2,3,6,0.0,0.0,0.0
394,512,,1,3.0,2,3,4,0.001976,0.000931,0.000585
394,512,,5,3.0,2,3,4,0.0,0.0,0.0
399,12,,3,3.0,2,3,7,0.15584,0.455359,0.806776
399,101,,1,3.0,2,3,4,0.0,0.0,0.0
399,171,,1,4.0,2,3,3,0.0,0.0,0.0
399,221,,3,3.0,2,3,7,0.076362,0.24893,0.456132
399,223,,3,3.0,2,3,7,0.0,0.0,0.0
399,341,,1,3.0,2,3,4,0.0,0.0,0.0
399,363,,1,3.0,2,3,4,0.006419,0.00364,0.002084
399,363,,4,4.0,2,3,3,0.0,0.0,0.0
399,399,,1,3.0,2,3,1,0.0,0.0,0.0
399,399,,2,3.0,2,3,1,0.0,0.0,0.0
399,399,,3,3.0,2,3,1,0.0,0.0,0.0
399,451,,2,3.0,2,3,5,0.0,0.0,0.0
399,482,,3,3.0,2,3,8,1.819292,6.266948,13.005041
399,486,,2,3.0,2,3,6,0.0,0.0,0.0
399,512,,1,3.0,2,3,4,0.004653,0.00258,0.001606
401,131,,4,4.0,2,3,4,0.0,0.0,0.0
401,132,,2,3.0,2,3,6,0.0,0.0,0.0
401,223,,5,3.0,2,3,4,0.501105,2.951768,2.155434
401,451,,2,3.0,2,3,6,0.0,0.0,0.0
401,483,,2,3.0,2,3,4,0.0,0.0,0.0
402,131,,4,4.0,2,3,4,0.0,0.0,0.0
402,132,,2,3.0,2,3,6,0.0,0.0,0.0
402,223,,3,3.0,2,3,5,0.460437,2.712212,2.534045
402,451,,2,3.0,2,3,6,0.0,0.0,0.0
402,483,,2,3.0,2,3,4,0.0,0.0,0.0
409,131,,4,4.0,2,3,5,0.0,0.0,0.0
409,132,,2,3.0,2,3,6,0.0,0.0,0.0
409,223,,2,3.0,2,3,5,0.27352,1.611174,1.212565
409,451,,2,3.0,2,3,6,0.0,0.0,0.0
409,483,,2,3.0,2,3,4,0.0,0.0,0.0
411,111,,4,4.0,2,3,8,0.0,0.0,0.0
411,531,,1,3.0,2,3,2,0.093428,0.024666,0.004769
411,531,,2,3.0,2,3,2,0.0,0.0,0.0
411,531,,5,3.0,2,3,2,0.0,0.0,0.0
419,531,,1,3.0,2,3,3,0.029856,0.007883,0.002655
419,531,,5,3.0,2,3,3,0.0,0.0,0.0
421,101,,1,3.0,2,3,1,0.0,0.0,0.0
421,132,,2,3.0,2,3,5,0.0,0.0,0.0
421,241,,1,3.0,2,3,2,0.0,0.0,0.0
421,341,,1,3.0,2,3,1,0.0,0.0,0.0
421,363,,1,3.0,2,3,2,0.0,0.0,0.0
421,363,,5,3.0,2,3,2,0.0,0.0,0.0
421,512,,3,3.0,2,3,3,0.0,0.0,0.0
422,101,,2,3.0,2,3,3,0.0,0.0,0.0
422,132,,2,3.0,2,3,5,0.0,0.0,0.0
422,241,,1,3.0,2,3,3,0.0,0.0,0.0
422,341,,1,3.0,2,3,3,0.0,0.0,0.0
422,363,,1,3.0,2,3,3,0.0,0.0,0.0
422,512,,2,3.0,2,3,4,0.0,0.0,0.0
423,101,,1,3.0,2,3,2,0.0,0.0,0.0
423,341,,1,3.0,2,3,1,0.0,0.0,0.0
423,363,,1,3.0,2,3,1,0.0,0.0,0.0
423,512,,2,3.0,2,3,4,0.0,0.0,0.0
429,101,,2,3.0,2,3,2,0.0,0.0,0.0
429,132,,2,3.0,2,3,5,0.0,0.0,0.0
429,241,,1,3.0,2,3,2,0.0,0.0,0.0
429,341,,1,3.0,2,3,2,0.0,0.0,0.0
429,363,,1,3.0,2,3,2,0.0,0.0,0.0
429,363,,5,3.0,2,3,2,0.0,0.0,0.0
429,512,,2,3.0,2,3,4,0.0,0.0,0.0
451,132,,1,3.0,2,3,2,0.0,0.0,0.0
451,212,,4,4.0,2,3,3,0.0,0.0,0.0
451,451,,1,3.0,2,3,1,0.003298,0.00421,7.1e-05
451,451,,2,3.0,2,3,1,0.0,0.0,0.0
452,132,,1,3.0,2,3,2,0.0,0.0,0.0
452,212,,4,4.0,2,3,3,0.0,0.0,0.0
452,451,,1,3.0,2,3,2,0.0059,0.007174,0.001475
452,451,,2,3.0,2,3,2,0.001231,0.001723,0.000424
452,512,,1,3.0,2,3,3,0.0,0.0,0.0
459,132,,1,3.0,2,3,2,0.0,0.0,0.0
459,212,,4,4.0,2,3,3,0.0,0.0,0.0
459,451,,1,3.0,2,3,2,0.007496,0.009568,0.001197
459,451,,2,3.0,2,3,2,0.0,0.0,0.0
459,451,,5,3.0,2,3,2,0.001697,0.002081,0.000292
459,512,,1,3.0,2,3,3,0.0,0.0,0.0
460,132,,2,3.0,2,3,7,0.055114,0.261387,0.443748
471,132,,2,3.0,2,3,4,0.0,0.0,0.0
471,451,,2,3.0,2,3,5,0.0,0.0,0.0
472,132,,2,3.0,2,3,4,0.0,0.0,0.0
472,451,,2,3.0,2,3,4,0.0,0.0,0.0
473,132,,2,3.0,2,3,4,0.0,0.0,0.0
473,451,,1,3.0,2,3,3,0.0,0.0,0.0
479,132,,2,3.0,2,3,4,0.0,0.0,0.0
479,451,,2,3.0,2,3,4,0.0,0.0,0.0
481,61,,1,3.0,2,3,6,0.007722,0.019785,0.027375
481,61,,5,3.0,2,3,7,0.007722,0.019785,0.029918
481,111,,1,4.0,2,3,7,0.001493,0.000126,0.000192
481,131,,4,4.0,2,3,5,0.0,0.0,0.0
481,132,,5,3.0,2,3,7,0.050533,0.050777,0.092004
481,171,,1,4.0,2,3,6,0.000982,0.00123,0.001411
481,171,,4,4.0,2,3,5,0.0,0.0,0.0
481,222,,5,3.0,2,3,3,0.018684,0.030589,0.010025
481,223,,5,3.0,2,3,4,0.0,0.0,0.0
481,363,,5,3.0,2,3,8,0.0,0.0,0.0
481,451,,1,3.0,2,3,6,0.0,0.0,0.0
481,451,,2,3.0,2,3,6,0.0,0.0,0.0
481,451,,5,3.0,2,3,7,0.070761,0.029502,0.054048
481,481,,1,4.0,2,3,1,0.0,0.0,0.0
481,483,,5,3.0,2,3,2,3.417625,18.098051,4.307688
481,484,,1,4.0,2,3,2,0.0,0.0,0.0
481,486,,1,3.0,2,3,2,20.021757,116.555702,20.477846
481,486,,1,4.0,2,3,2,0.0,0.0,0.0
481,512,,5,3.0,2,3,8,0.058283,0.119228,0.262015
482,61,,1,3.0,2,3,7,0.000712,0.001824,0.002998
482,61,,2,3.0,2,3,7,0.001424,0.003648,0.006304
482,132,,2,3.0,2,3,6,0.007089,0.007147,0.007317
482,171,,4,4.0,2,3,5,0.0,0.0,0.0
482,222,,3,3.0,2,3,1,0.002584,0.00423,0.000228
482,223,,3,3.0,2,3,3,0.0,0.0,0.0
482,363,,1,3.0,2,3,7,0.0,0.0,0.0
482,451,,2,3.0,2,3,6,0.009785,0.00408,0.004618
482,481,,1,4.0,2,3,3,0.0,0.0,0.0
482,483,,3,3.0,2,3,3,0.472582,2.502562,0.794656
482,484,,1,4.0,2,3,3,0.0,0.0,0.0
482,486,,1,3.0,2,3,2,1.845712,10.744727,1.136269
482,486,,1,4.0,2,3,2,0.0,0.0,0.0
482,486,,2,3.0,2,3,2,0.0,0.0,0.0
482,486,,3,3.0,2,3,2,0.922856,5.372363,0.878395
482,486,,5,3.0,2,3,2,0.0,0.0,0.0
482,512,,3,3.0,2,3,7,0.008426,0.017336,0.033969
483,61,,2,3.0,2,3,7,0.002422,0.006206,0.009798
483,132,,2,3.0,2,3,6,0.007964,0.008003,0.010703
483,171,,4,4.0,2,3,6,0.0,0.0,0.0
483,222,,3,3.0,2,3,3,0.00293,0.004798,0.001608
483,223,,3,3.0,2,3,4,0.0,0.0,0.0
483,363,,1,3.0,2,3,7,0.0,0.0,0.0
483,451,,2,3.0,2,3,6,0.011273,0.004837,0.006992
483,481,,1,4.0,2,3,2,0.0,0.0,0.0
483,483,,1,3.0,2,3,1,0.0,0.0,0.0
483,483,,2,3.0,2,3,1,0.268015,1.696978,0.055816
483,483,,3,3.0,2,3,1,0.268015,1.419277,0.022552
483,484,,4,4.0,2,3,3,0.0,0.0,0.0
483,486,,1,3.0,2,3,2,2.355206,13.710717,3.028916
483,486,,3,3.0,2,3,3,0.785069,4.570239,1.227569
483,486,,4,4.0,2,3,2,0.0,0.0,0.0
483,512,,1,3.0,2,3,7,0.0,0.0,0.0
483,512,,2,3.0,2,3,7,0.009099,0.018651,0.031896
484,61,,1,3.0,2,3,6,0.029367,0.075241,0.10764
484,61,,2,3.0,2,3,7,0.029367,0.075241,0.113072
484,61,,5,3.0,2,3,7,0.0,0.0,0.0
484,111,,1,4.0,2,3,6,0.005533,0.000469,0.000637
484,131,,4,4.0,2,3,4,0.0,0.0,0.0
484,132,,2,3.0,2,3,6,0.096214,0.096708,0.112605
484,132,,5,3.0,2,3,7,0.09633,0.0968,0.163486
484,171,,4,4.0,2,3,5,0.0,0.0,0.0
484,171,,5,4.0,2,3,5,0.003383,0.004238,0.004128
484,222,,5,3.0,2,3,3,0.071133,0.116525,0.046698
484,223,,5,3.0,2,3,4,0.0,0.0,0.0
484,363,,5,3.0,2,3,8,0.0,0.0,0.0
484,451,,1,3.0,2,3,6,0.269101,0.112196,0.124826
484,451,,2,3.0,2,3,6,0.0,0.0,0.0
484,451,,5,3.0,2,3,7,0.0,0.0,0.0
484,481,,1,4.0,2,3,2,0.0,0.0,0.0
484,483,,1,3.0,2,3,3,12.997063,68.826019,31.38582
484,484,,1,4.0,2,3,1,0.0,0.0,0.0
484,486,,1,3.0,2,3,3,67.681587,394.005127,110.551386
484,486,,1,4.0,2,3,3,0.0,0.0,0.0
484,486,,2,3.0,2,3,3,0.0,0.0,0.0
484,486,,5,3.0,2,3,3,8.460199,49.250641,15.348705
484,512,,5,3.0,2,3,8,0.221445,0.453151,1.041701
485,61,,1,3.0,2,3,5,0.002519,0.006454,0.005534
485,132,,5,3.0,2,3,8,0.008242,0.008282,0.019869
485,171,,4,4.0,2,3,6,0.0,0.0,0.0
485,222,,5,3.0,2,3,5,0.003073,0.005051,0.00464
485,223,,5,3.0,2,3,6,0.0,0.0,0.0
485,363,,5,3.0,2,3,8,0.0,0.0,0.0
485,451,,1,3.0,2,3,7,0.0116,0.004882,0.008355
485,451,,5,3.0,2,3,8,0.0,0.0,0.0
485,481,,4,4.0,2,3,3,0.0,0.0,0.0
485,483,,5,3.0,2,3,4,0.557448,2.95197,2.116415
485,484,,4,4.0,2,3,4,0.0,0.0,0.0
485,486,,1,3.0,2,3,4,3.265746,19.011381,13.981234
485,486,,4,4.0,2,3,4,0.0,0.0,0.0
485,512,,5,3.0,2,3,8,0.009462,0.019396,0.054012
486,61,,1,3.0,2,3,7,0.029168,0.07473,0.114971
486,61,,2,3.0,2,3,7,0.017501,0.044838,0.073747
486,61,,5,3.0,2,3,7,0.005834,0.014946,0.024587
486,111,,1,4.0,2,3,6,0.006082,0.000515,0.000741
486,131,,4,4.0,2,3,4,0.0,0.0,0.0
486,132,,2,3.0,2,3,6,0.171781,0.172611,0.192092
486,132,,5,3.0,2,3,7,0.0,0.0,0.0
486,171,,4,4.0,2,3,5,0.0,0.0,0.0
486,171,,5,4.0,2,3,6,0.002869,0.003594,0.004122
486,222,,3,3.0,2,3,2,0.063513,0.103986,0.020446
486,223,,3,3.0,2,3,3,0.0,0.0,0.0
486,363,,1,3.0,2,3,7,0.0,0.0,0.0
486,363,,5,3.0,2,3,8,0.0,0.0,0.0
486,451,,2,3.0,2,3,6,0.240545,0.100291,0.122452
486,481,,1,4.0,2,3,2,0.0,0.0,0.0
486,483,,3,3.0,2,3,3,11.61788,61.522549,17.320706
486,484,,1,4.0,2,3,3,0.0,0.0,0.0
486,486,,1,3.0,2,3,1,0.0,0.0,0.0
486,486,,1,4.0,2,3,1,0.0,0.0,0.0
486,486,,2,3.0,2,3,1,34.030998,215.472137,7.974077
486,486,,3,3.0,2,3,1,34.030998,198.109833,8.725653
486,512,,3,3.0,2,3,8,0.19731,0.404369,0.811126
487,61,,1,3.0,2,3,6,0.000758,0.001941,0.002709
487,132,,5,3.0,2,3,7,0.002479,0.002491,0.004929
487,171,,4,4.0,2,3,6,0.0,0.0,0.0
487,222,,5,3.0,2,3,3,0.000917,0.001501,0.000748
487,223,,5,3.0,2,3,4,0.0,0.0,0.0
487,451,,1,3.0,2,3,6,0.003471,0.001447,0.002043
487,451,,2,3.0,2,3,7,0.0,0.0,0.0
487,481,,1,4.0,2,3,3,0.0,0.0,0.0
487,483,,5,3.0,2,3,2,0.167662,0.887854,0.140103
487,486,,1,3.0,2,3,3,0.982227,5.71799,1.886215
487,512,,5,3.0,2,3,8,0.003239,0.005892,0.013931
488,61,,1,3.0,2,3,6,0.009607,0.024614,0.0332
488,61,,5,3.0,2,3,6,0.003202,0.008205,0.011815
488,111,,1,4.0,2,3,7,0.001965,0.000166,0.000266
488,131,,4,4.0,2,3,5,0.0,0.0,0.0
488,132,,5,3.0,2,3,7,0.041911,0.042114,0.077323
488,171,,4,4.0,2,3,6,0.0,0.0,0.0
488,222,,5,3.0,2,3,3,0.015891,0.026333,0.009366
488,223,,5,3.0,2,3,4,0.0,0.0,0.0
488,363,,5,3.0,2,3,8,0.0,0.0,0.0
488,451,,1,3.0,2,3,6,0.0,0.0,0.0
488,451,,2,3.0,2,3,6,0.058688,0.024469,0.034899
488,481,,1,4.0,2,3,1,0.0,0.0,0.0
488,483,,5,3.0,2,3,2,2.834525,15.010242,2.5086
488,484,,1,4.0,2,3,3,0.0,0.0,0.0
488,486,,1,3.0,2,3,2,16.605736,96.669487,20.517294
488,486,,1,4.0,2,3,2,0.0,0.0,0.0
488,486,,5,3.0,2,3,2,0.0,0.0,0.0
488,512,,5,3.0,2,3,8,0.048115,0.098624,0.219114
489,61,,1,3.0,2,3,6,0.012398,0.031764,0.04154
489,61,,2,3.0,2,3,6,0.012398,0.031764,0.044857
489,61,,5,3.0,2,3,6,0.0,0.0,0.0
489,111,,1,4.0,2,3,7,0.00235,0.000199,0.000303
489,131,,4,4.0,2,3,5,0.0,0.0,0.0
489,132,,2,3.0,2,3,6,0.081128,0.08152,0.110813
489,171,,1,4.0,2,3,6,0.001355,0.001697,0.001914
489,171,,4,4.0,2,3,5,0.0,0.0,0.0
489,222,,3,3.0,2,3,3,0.029996,0.04911,0.018164
489,223,,1,3.0,2,3,4,0.0,0.0,0.0
489,363,,1,3.0,2,3,7,0.0,0.0,0.0
489,363,,2,3.0,2,3,7,0.0,0.0,0.0
489,451,,2,3.0,2,3,6,0.113604,0.047365,0.069907
489,481,,1,4.0,2,3,3,0.0,0.0,0.0
489,483,,3,3.0,2,3,2,5.486832,29.055552,4.917888
489,484,,1,4.0,2,3,3,0.0,0.0,0.0
489,486,,1,3.0,2,3,3,26.471504,154.1026,51.191385
489,486,,1,4.0,2,3,3,0.0,0.0,0.0
489,486,,2,3.0,2,3,3,1.890822,11.007328,3.814322
489,486,,3,3.0,2,3,3,1.890822,11.007328,3.363654
489,486,,5,3.0,2,3,3,1.890822,11.007328,4.272066
489,512,,1,3.0,2,3,7,0.0,0.0,0.0
489,512,,2,3.0,2,3,7,0.093179,0.190959,0.321824
491,61,,1,3.0,2,3,4,0.0,0.0,0.0
491,61,,5,3.0,2,3,5,0.0,0.0,0.0
491,64,,1,3.0,2,3,5,0.0,0.0,0.0
491,64,,5,3.0,2,3,5,0.0,0.0,0.0
491,132,,2,3.0,2,3,8,0.0,0.0,0.0
491,321,,4,4.0,2,3,3,0.0,0.0,0.0
491,363,,2,3.0,2,3,8,0.0,0.0,0.0
499,61,,1,3.0,2,3,4,0.0,0.0,0.0
499,64,,1,3.0,2,3,5,0.0,0.0,0.0
499,132,,2,3.0,2,3,8,0.0,0.0,0.0
499,321,,1,4.0,2,3,3,0.0,0.0,0.0
511,12,,2,3.0,2,3,5,0.0,0.0,0.0
511,132,,2,3.0,2,3,3,0.007783,0.011169,0.005465
511,363,,2,3.0,2,3,3,0.0,0.0,0.0
511,451,,2,3.0,2,3,3,0.000914,0.001215,0.00047
511,486,,2,3.0,2,3,6,0.0,0.0,0.0
511,512,,1,3.0,2,3,1,0.146887,0.40187,0.034731
511,512,,2,3.0,2,3,1,0.01838,0.050249,0.004652
511,512,,5,3.0,2,3,1,0.036722,0.100468,0.009308
512,12,,2,3.0,2,3,5,0.0,0.0,0.0
512,132,,2,3.0,2,3,4,0.007095,0.009761,0.004936
512,363,,2,3.0,2,3,3,0.0,0.0,0.0
512,451,,2,3.0,2,3,3,0.000918,0.001169,0.000472
512,486,,2,3.0,2,3,6,0.0,0.0,0.0
512,512,,1,3.0,2,3,1,0.19365,0.529813,0.013047
512,512,,2,3.0,2,3,1,0.0,0.0,0.0
512,512,,3,3.0,2,3,1,0.0,0.0,0.0
513,12,,2,3.0,2,3,6,0.001776,0.001536,0.001594
513,132,,2,3.0,2,3,4,0.023845,0.032803,0.020518
513,241,,1,3.0,2,3,1,0.0,0.0,0.0
513,363,,1,3.0,2,3,3,0.0,0.0,0.0
513,451,,2,3.0,2,3,4,0.002946,0.003916,0.002078
513,486,,2,3.0,2,3,7,0.0,0.0,0.0
513,512,,1,3.0,2,3,2,0.650883,1.780606,0.306779
513,512,,5,3.0,2,3,2,0.0,0.0,0.0
519,12,,2,3.0,2,3,5,0.0,0.0,0.0
519,111,,1,4.0,2,3,2,0.0,0.0,0.0
519,132,,2,3.0,2,3,4,0.008723,0.012,0.007018
519,241,,1,3.0,2,3,2,0.0,0.0,0.0
519,363,,2,3.0,2,3,3,0.0,0.0,0.0
519,451,,1,3.0,2,3,3,0.00112,0.00149,0.000633
519,486,,2,3.0,2,3,6,0.0,0.0,0.0
519,512,,1,3.0,2,3,2,0.187955,0.514229,0.109624
519,512,,2,3.0,2,3,3,0.012534,0.034285,0.009135
519,512,,5,3.0,2,3,3,0.037591,0.102846,0.02679
531,171,,4,4.0,2,3,7,0.0,0.0,0.0
531,363,,5,3.0,2,3,8,0.0,0.0,0.0
531,486,,1,3.0,2,3,8,0.091483,0.129766,0.319591
531,531,,1,3.0,2,3,1,0.0478,0.022169,0.000967
531,531,,2,3.0,2,3,1,0.0239,0.151326,0.008469
531,531,,3,3.0,2,3,1,0.0239,0.011084,0.000483
531,532,,2,3.0,2,3,2,0.0,0.0,0.0
532,171,,4,4.0,2,3,7,0.0,0.0,0.0
532,363,,2,3.0,2,3,8,0.0,0.0,0.0
532,486,,2,3.0,2,3,8,0.00583,0.008269,0.020311
532,531,,1,3.0,2,3,2,0.006092,0.002825,0.000471
532,531,,2,3.0,2,3,2,0.0,0.0,0.0
532,531,,5,3.0,2,3,2,0.0,0.0,0.0
532,532,,2,3.0,2,3,1,0.0,0.0,0.0
539,171,,4,4.0,2,3,7,0.0,0.0,0.0
539,363,,5,3.0,2,3,8,0.0,0.0,0.0
539,486,,2,3.0,2,3,8,0.018476,0.026208,0.06401
539,531,,1,3.0,2,3,2,0.009654,0.004477,0.001019
539,531,,2,3.0,2,3,3,0.009654,0.004477,0.001195
539,532,,2,3.0,2,3,3,0.0,0.0,0.0
551,111,,4,4.0,2,3,4,0.0,0.0,0.0
551,171,,1,4.0,2,3,2,0.0,0.0,0.0
551,279,,3,3.0,2,3,5,0.0,0.0,0.0
551,341,,1,3.0,2,3,5,6.954567,35.299194,32.176986
551,341,,5,3.0,2,3,6,3.477284,17.649597,18.468595
551,363,,1,3.0,2,3,5,0.0,0.0,0.0
551,512,,1,3.0,2,3,6,0.0,0.0,0.0
551,551,,1,3.0,2,3,1,0.0,0.0,0.0
559,111,,4,4.0,2,3,5,0.0,0.0,0.0
559,171,,1,4.0,2,3,2,0.0,0.0,0.0
559,279,,3,3.0,2,3,5,0.0,0.0,0.0
559,341,,1,3.0,2,3,6,11.990518,60.859154,64.388008
559,341,,2,3.0,2,3,6,1.712901,8.694145,9.981753
559,341,,5,3.0,2,3,6,1.712901,8.694145,10.312839
559,363,,1,3.0,2,3,6,0.0,0.0,0.0
559,512,,1,3.0,2,3,6,0.001445,0.001089,0.001241
559,551,,2,3.0,2,3,2,0.0,0.0,0.0
11,12,,1,3.0,2,3,3,0.002134,0.004303,0.00108
11,12,,2,3.0,2,3,3,0.0,0.0,0.0
11,12,,3,3.0,2,3,3,0.002414,0.004667,0.001909
11,12,,5,3.0,2,3,3,0.002064,0.004251,0.001202
11,111,,4,4.0,2,3,4,0.0,0.0,0.0
11,131,,1,4.0,2,3,2,0.0,0.0,0.0
11,132,,1,3.0,2,3,3,0.002703,0.002953,0.001147
11,451,,2,3.0,2,3,4,0.0,0.0,0.0
12,12,,1,3.0,2,3,1,0.002314,0.004713,0.000108
12,12,,2,3.0,2,3,1,0.0,0.0,0.0
12,12,,3,3.0,2,3,1,0.0,0.0,0.0
12,12,,5,3.0,2,3,1,0.0,0.0,0.0
12,111,,4,4.0,2,3,5,0.0,0.0,0.0
12,131,,4,4.0,2,3,3,0.0,0.0,0.0
12,132,,1,3.0,2,3,4,0.0,0.0,0.0
19,12,,1,3.0,2,3,2,0.00804,0.016567,0.003794
19,12,,2,3.0,2,3,3,0.0,0.0,0.0
19,12,,5,3.0,2,3,3,0.001661,0.003023,0.000924
19,111,,4,4.0,2,3,4,0.0,0.0,0.0
19,131,,1,4.0,2,3,2,0.001493,0.000126,2.6e-05
19,132,,1,3.0,2,3,3,0.004078,0.004455,0.001656
19,132,,2,3.0,2,3,3,0.0,0.0,0.0
19,451,,1,3.0,2,3,3,0.0,0.0,0.0
41,41,,1,4.0,2,3,1,0.047364,0.004012,6.6e-05
41,64,,5,3.0,2,3,5,0.015619,0.013373,0.012485
41,132,,5,3.0,2,3,8,0.63453,0.369676,1.053616
41,451,,5,3.0,2,3,8,0.179007,0.101676,0.291831
42,41,,1,4.0,2,3,2,0.007706,0.000653,9.5e-05
42,64,,5,3.0,2,3,5,0.002541,0.002176,0.002078
42,132,,5,3.0,2,3,8,0.103718,0.060674,0.168452
42,451,,5,3.0,2,3,8,0.029057,0.016466,0.046046
49,41,,1,4.0,2,3,2,0.005581,0.000473,5.9e-05
49,64,,5,3.0,2,3,5,0.00184,0.001576,0.001459
49,132,,1,3.0,2,3,8,0.074835,0.043621,0.08783
49,451,,5,3.0,2,3,8,0.021045,0.011926,0.034842
50,131,,4,4.0,2,3,4,0.962595,0.086686,0.044115
50,132,,1,3.0,2,3,5,13.500242,10.456944,8.139329
50,132,,2,3.0,2,3,5,0.0,0.0,0.0
50,132,,5,3.0,2,3,5,2.700067,2.091416,1.926932
50,223,,1,3.0,2,3,3,4.244664,8.476299,4.1313
50,223,,2,3.0,2,3,4,0.0,0.0,0.0
50,223,,5,3.0,2,3,4,8.489327,16.952599,9.665412
50,363,,5,3.0,2,3,7,0.006172,0.00183,0.002842
50,451,,1,3.0,2,3,5,0.768245,0.701799,0.59254
50,451,,5,3.0,2,3,6,0.256034,0.23395,0.276537
50,486,,1,3.0,2,3,4,1.356104,2.575311,1.318338
50,486,,2,3.0,2,3,4,0.226017,0.429219,0.22689
50,486,,5,3.0,2,3,4,0.0,0.0,0.0
50,512,,3,3.0,2,3,8,0.0,0.0,0.0
61,41,,4,4.0,2,3,3,0.0,0.0,0.0
61,61,,1,3.0,2,3,1,0.309389,0.440396,0.020732
61,61,,1,4.0,2,3,1,0.002557,0.001068,5e-05
61,61,,2,3.0,2,3,1,0.072191,0.075114,0.005896
61,61,,3,3.0,2,3,1,0.020626,0.021461,0.001113
61,61,,5,3.0,2,3,1,0.072191,0.075114,0.006106
61,64,,1,3.0,2,3,3,45.686062,81.030861,32.504529
61,64,,1,4.0,2,3,3,0.015705,0.004208,0.001688
61,64,,4,4.0,2,3,3,0.0,0.0,0.0
61,64,,5,3.0,2,3,3,22.843031,40.51543,19.603045
61,69,,1,3.0,2,3,3,0.0,0.0,0.0
61,111,,4,4.0,2,3,8,0.0,0.0,0.0
61,121,,2,3.0,2,3,8,0.0,0.0,0.0
61,122,,5,3.0,2,3,8,0.0,0.0,0.0
61,131,,4,4.0,2,3,7,0.0,0.0,0.0
61,132,,5,3.0,2,3,8,0.024104,0.034574,0.112191
61,212,,4,4.0,2,3,7,0.0,0.0,0.0
61,241,,2,3.0,2,3,8,0.0,0.0,0.0
61,321,,1,4.0,2,3,3,0.001921,0.000163,4.4e-05
61,341,,5,3.0,2,3,8,0.0,0.0,0.0
61,363,,2,3.0,2,3,8,0.014444,0.00478,0.014899
61,363,,4,4.0,2,3,8,0.0,0.0,0.0
61,451,,2,3.0,2,3,8,0.0,0.0,0.0
61,451,,5,3.0,2,3,8,0.0,0.0,0.0
61,471,,4,4.0,2,3,7,0.0,0.0,0.0
61,486,,1,3.0,2,3,7,0.0,0.0,0.0
61,486,,5,3.0,2,3,7,0.0,0.0,0.0
61,512,,5,3.0,2,3,8,0.012579,0.006807,0.028693
61,531,,1,3.0,2,3,6,0.001687,0.002675,0.003101
61,531,,2,3.0,2,3,6,0.002893,0.004589,0.005896
61,531,,5,3.0,2,3,6,0.002893,0.004589,0.006547
62,61,,1,3.0,2,3,3,0.053547,0.055715,0.023321
62,61,,4,4.0,2,3,3,0.0,0.0,0.0
62,64,,1,3.0,2,3,2,7.735222,13.719539,1.396305
62,64,,1,4.0,2,3,2,0.001773,0.000475,4.8e-05
62,121,,2,3.0,2,3,8,0.0,0.0,0.0
62,132,,2,3.0,2,3,8,0.002721,0.003903,0.011786
62,212,,4,4.0,2,3,7,0.0,0.0,0.0
62,341,,2,3.0,2,3,8,0.0,0.0,0.0
62,363,,2,3.0,2,3,8,0.00163,0.00054,0.001656
62,363,,4,4.0,2,3,8,0.0,0.0,0.0
62,451,,2,3.0,2,3,8,0.0,0.0,0.0
62,471,,4,4.0,2,3,7,0.0,0.0,0.0
62,512,,2,3.0,2,3,8,0.00142,0.000768,0.002411
62,531,,5,3.0,2,3,6,0.000816,0.001295,0.001377
63,61,,1,3.0,2,3,2,0.086778,0.090292,0.011436
63,61,,1,4.0,2,3,2,0.0,0.0,0.0
63,61,,5,3.0,2,3,2,0.005424,0.005643,0.000867
63,64,,1,3.0,2,3,3,13.319035,23.623241,11.669637
63,64,,1,4.0,2,3,3,0.003052,0.000818,0.000404
63,64,,4,4.0,2,3,3,0.0,0.0,0.0
63,121,,2,3.0,2,3,8,0.0,0.0,0.0
63,132,,2,3.0,2,3,8,0.004685,0.00672,0.019113
63,212,,4,4.0,2,3,7,0.0,0.0,0.0
63,341,,2,3.0,2,3,8,0.0,0.0,0.0
63,363,,2,3.0,2,3,8,0.002807,0.000929,0.002944
63,363,,4,4.0,2,3,8,0.0,0.0,0.0
63,363,,5,3.0,2,3,8,0.0,0.0,0.0
63,451,,2,3.0,2,3,8,0.0,0.0,0.0
63,471,,4,4.0,2,3,7,0.0,0.0,0.0
63,486,,1,3.0,2,3,6,0.0,0.0,0.0
63,512,,2,3.0,2,3,8,0.002445,0.001323,0.004179
63,531,,3,3.0,2,3,7,0.001406,0.00223,0.003367
64,41,,4,4.0,2,3,4,0.0,0.0,0.0
64,61,,1,3.0,2,3,3,0.278996,0.290292,0.1123
64,61,,1,4.0,2,3,3,0.001376,0.000815,0.000315
64,61,,3,3.0,2,3,3,0.055799,0.058058,0.027558
64,61,,4,4.0,2,3,3,0.0,0.0,0.0
64,61,,5,3.0,2,3,3,0.111598,0.116117,0.054183
64,64,,1,3.0,2,3,1,64.483932,114.37162,4.819455
64,64,,1,4.0,2,3,1,0.0153,0.004099,0.000173
64,69,,1,3.0,2,3,3,0.0,0.0,0.0
64,111,,4,4.0,2,3,8,0.0,0.0,0.0
64,121,,2,3.0,2,3,8,0.0,0.0,0.0
64,122,,5,3.0,2,3,8,0.0,0.0,0.0
64,131,,4,4.0,2,3,8,0.0,0.0,0.0
64,132,,2,3.0,2,3,8,0.022681,0.032534,0.100625
64,212,,4,4.0,2,3,7,0.0,0.0,0.0
64,241,,2,3.0,2,3,8,0.0,0.0,0.0
64,321,,1,4.0,2,3,4,0.001571,0.000133,7.4e-05
64,341,,5,3.0,2,3,8,0.0,0.0,0.0
64,363,,2,3.0,2,3,8,0.013591,0.004498,0.014316
64,363,,4,4.0,2,3,8,0.0,0.0,0.0
64,363,,5,3.0,2,3,8,0.0,0.0,0.0
64,451,,2,3.0,2,3,8,0.0,0.0,0.0
64,471,,4,4.0,2,3,7,0.0,0.0,0.0
64,486,,1,3.0,2,3,7,0.0,0.0,0.0
64,512,,5,3.0,2,3,8,0.011837,0.006405,0.038663
64,531,,1,3.0,2,3,5,0.003403,0.005398,0.004411
64,531,,5,3.0,2,3,6,0.003403,0.005398,0.00569
65,61,,1,3.0,2,3,3,0.015751,0.016389,0.004149
65,61,,1,4.0,2,3,3,0.0,0.0,0.0
65,61,,5,3.0,2,3,3,0.0,0.0,0.0
65,64,,1,3.0,2,3,2,2.124023,3.767539,0.628052
65,64,,1,4.0,2,3,2,0.0,0.0,0.0
65,64,,2,3.0,2,3,2,0.151691,0.269046,0.049124
65,132,,5,3.0,2,3,8,0.000872,0.001214,0.004241
65,341,,2,3.0,2,3,8,0.0,0.0,0.0
65,363,,4,4.0,2,3,8,0.0,0.0,0.0
65,363,,5,3.0,2,3,8,0.0,0.0,0.0
65,451,,5,3.0,2,3,8,0.0,0.0,0.0
65,512,,5,3.0,2,3,8,0.0,0.0,0.0
65,531,,5,3.0,2,3,6,0.0,0.0,0.0
69,61,,1,3.0,2,3,3,0.059308,0.06171,0.018462
69,61,,1,4.0,2,3,3,0.0,0.0,0.0
69,61,,2,3.0,2,3,3,0.004562,0.004747,0.001476
69,64,,1,3.0,2,3,2,8.740862,15.503188,3.147658
69,64,,1,4.0,2,3,2,0.002115,0.000566,0.000115
69,64,,2,3.0,2,3,2,0.485603,0.861288,0.18769
69,121,,2,3.0,2,3,8,0.0,0.0,0.0
69,132,,2,3.0,2,3,8,0.003245,0.004655,0.013627
69,212,,4,4.0,2,3,7,0.0,0.0,0.0
69,341,,2,3.0,2,3,8,0.0,0.0,0.0
69,363,,2,3.0,2,3,8,0.001945,0.000644,0.002039
69,363,,4,4.0,2,3,8,0.0,0.0,0.0
69,451,,2,3.0,2,3,8,0.0,0.0,0.0
69,471,,4,4.0,2,3,7,0.0,0.0,0.0
69,486,,1,3.0,2,3,7,0.0,0.0,0.0
69,512,,5,3.0,2,3,8,0.001694,0.000916,0.00394
69,531,,1,3.0,2,3,5,0.000974,0.001545,0.001341
81,61,,5,3.0,2,3,6,0.809968,2.364613,2.965963
81,64,,1,3.0,2,3,6,0.040841,0.111051,0.140609
81,64,,2,3.0,2,3,6,0.01021,0.027763,0.038345
81,64,,5,3.0,2,3,6,0.01021,0.027763,0.038354
81,81,,1,4.0,2,3,1,0.357504,0.030285,0.000435
81,111,,4,4.0,2,3,6,0.0,0.0,0.0
81,131,,4,4.0,2,3,6,0.0,0.0,0.0
81,132,,5,3.0,2,3,7,0.0,0.0,0.0
81,321,,4,4.0,2,3,4,0.0,0.0,0.0
81,363,,1,3.0,2,3,7,0.070098,0.031772,0.058966
81,486,,5,3.0,2,3,6,0.09883,0.250666,0.266102
81,512,,1,3.0,2,3,7,0.128913,0.10918,0.192328
81,531,,5,3.0,2,3,7,0.01828,0.049097,0.075777
89,61,,1,3.0,2,3,5,0.249638,0.72879,0.712673
89,61,,2,3.0,2,3,6,0.035663,0.104113,0.127788
89,64,,1,3.0,2,3,6,0.021579,0.058674,0.070333
89,64,,2,3.0,2,3,6,0.0,0.0,0.0
89,81,,1,4.0,2,3,2,0.125926,0.010668,0.001776
89,131,,4,4.0,2,3,6,0.0,0.0,0.0
89,132,,5,3.0,2,3,8,0.0,0.0,0.0
89,363,,1,3.0,2,3,7,0.024455,0.011096,0.021168
89,486,,1,3.0,2,3,6,0.017406,0.044147,0.049003
89,486,,2,3.0,2,3,6,0.017406,0.044147,0.050438
89,486,,5,3.0,2,3,6,0.0,0.0,0.0
89,512,,1,3.0,2,3,7,0.045408,0.038457,0.070659
89,531,,1,3.0,2,3,6,0.006439,0.017294,0.02301
91,363,,1,3.0,2,3,2,0.0,0.0,0.0
91,451,,2,3.0,2,3,6,0.0,0.0,0.0
92,363,,1,3.0,2,3,1,0.0,0.0,0.0
92,451,,2,3.0,2,3,6,0.0,0.0,0.0
99,363,,1,3.0,2,3,2,0.0,0.0,0.0
111,411,,2,3.0,2,3,8,0.0,0.0,0.0
121,12,,2,3.0,2,3,3,0.0,0.0,0.0
121,111,,4,4.0,2,3,4,0.0,0.0,0.0
121,121,,1,3.0,2,3,1,0.0,0.0,0.0
121,121,,5,3.0,2,3,1,0.0,0.0,0.0
121,122,,1,3.0,2,3,3,0.0,0.0,0.0
121,122,,2,3.0,2,3,3,0.0,0.0,0.0
121,122,,5,3.0,2,3,3,0.012913,0.032129,0.011321
121,131,,4,4.0,2,3,3,0.0,0.0,0.0
121,132,,1,3.0,2,3,2,0.003319,0.000832,0.000132
121,363,,4,4.0,2,3,5,0.0,0.0,0.0
121,512,,3,3.0,2,3,4,0.0,0.0,0.0
122,12,,2,3.0,2,3,5,0.0,0.0,0.0
122,111,,4,4.0,2,3,5,0.0,0.0,0.0
122,121,,1,3.0,2,3,3,0.0,0.0,0.0
122,121,,2,3.0,2,3,3,0.0,0.0,0.0
122,121,,5,3.0,2,3,3,0.0,0.0,0.0
122,122,,1,3.0,2,3,1,0.035985,0.166843,0.006452
122,122,,1,4.0,2,3,1,0.0,0.0,0.0
122,122,,2,3.0,2,3,1,0.0,0.0,0.0
122,122,,3,3.0,2,3,1,0.017993,0.044767,0.002064
122,131,,4,4.0,2,3,4,0.0,0.0,0.0
122,132,,1,3.0,2,3,3,0.013872,0.00348,0.001614
122,212,,4,4.0,2,3,5,0.0,0.0,0.0
122,363,,4,4.0,2,3,6,0.0,0.0,0.0
122,451,,1,3.0,2,3,4,0.0,0.0,0.0
122,512,,3,3.0,2,3,5,0.0,0.0,0.0
123,12,,2,3.0,2,3,4,0.0,0.0,0.0
123,111,,4,4.0,2,3,4,0.0,0.0,0.0
123,121,,1,3.0,2,3,2,0.0,0.0,0.0
123,122,,1,3.0,2,3,2,0.02036,0.050658,0.01172
123,122,,1,4.0,2,3,2,0.0,0.0,0.0
123,122,,2,3.0,2,3,3,0.00509,0.012665,0.003183
123,131,,4,4.0,2,3,3,0.0,0.0,0.0
123,132,,1,3.0,2,3,3,0.006541,0.001641,0.000429
123,132,,5,3.0,2,3,3,0.0,0.0,0.0
123,212,,4,4.0,2,3,4,0.0,0.0,0.0
123,363,,4,4.0,2,3,5,0.0,0.0,0.0
123,451,,1,3.0,2,3,3,0.0,0.0,0.0
123,512,,2,3.0,2,3,5,0.0,0.0,0.0
124,12,,2,3.0,2,3,4,0.0,0.0,0.0
124,111,,4,4.0,2,3,5,0.0,0.0,0.0
124,121,,1,3.0,2,3,2,0.0,0.0,0.0
124,122,,1,3.0,2,3,3,0.025378,0.063141,0.015992
124,122,,1,4.0,2,3,3,0.0,0.0,0.0
124,122,,5,3.0,2,3,3,0.0,0.0,0.0
124,131,,4,4.0,2,3,3,0.0,0.0,0.0
124,132,,1,3.0,2,3,3,0.006522,0.001636,0.000535
124,212,,4,4.0,2,3,4,0.0,0.0,0.0
124,363,,4,4.0,2,3,5,0.0,0.0,0.0
124,451,,2,3.0,2,3,3,0.0,0.0,0.0
124,512,,2,3.0,2,3,5,0.0,0.0,0.0
129,12,,1,3.0,2,3,3,0.0,0.0,0.0
129,111,,4,4.0,2,3,5,0.0,0.0,0.0
129,121,,1,3.0,2,3,2,0.0,0.0,0.0
129,121,,5,3.0,2,3,3,0.0,0.0,0.0
129,122,,1,3.0,2,3,2,0.033434,0.083187,0.020599
129,122,,1,4.0,2,3,2,0.0,0.0,0.0
129,122,,5,3.0,2,3,3,0.0,0.0,0.0
129,131,,4,4.0,2,3,3,0.0,0.0,0.0
129,132,,1,3.0,2,3,3,0.008592,0.002155,0.000766
129,212,,4,4.0,2,3,4,0.0,0.0,0.0
129,363,,4,4.0,2,3,5,0.0,0.0,0.0
129,451,,1,3.0,2,3,3,0.0,0.0,0.0
129,512,,2,3.0,2,3,5,0.0,0.0,0.0
131,12,,2,3.0,2,3,3,0.0,0.0,0.0
131,61,,1,3.0,2,3,8,0.00475,0.012167,0.026887
131,61,,5,3.0,2,3,8,0.0019,0.004867,0.012154
131,64,,5,3.0,2,3,8,0.00665,0.017033,0.048413
131,111,,4,4.0,2,3,4,0.0,0.0,0.0
131,131,,1,4.0,2,3,1,0.002685,0.000227,8e-06
131,132,,1,3.0,2,3,3,0.196177,0.245772,0.063549
131,132,,2,3.0,2,3,3,0.009342,0.011703,0.003518
131,132,,5,3.0,2,3,3,0.0,0.0,0.0
131,139,,1,3.0,2,3,3,0.003168,0.009507,0.002861
131,139,,5,3.0,2,3,3,0.001834,0.005504,0.001866
131,451,,1,3.0,2,3,3,0.001651,0.001911,0.00061
131,486,,2,3.0,2,3,5,0.0,0.0,0.0
131,512,,1,3.0,2,3,4,0.004381,0.005016,0.002943
131,531,,5,3.0,2,3,8,0.007389,0.017033,0.050252
132,131,,1,4.0,2,3,2,0.0,0.0,0.0
132,132,,1,3.0,2,3,1,0.009609,0.012038,0.000412
132,132,,2,3.0,2,3,1,0.001201,0.001505,5.3e-05
132,451,,1,3.0,2,3,2,0.0,0.0,0.0
132,486,,2,3.0,2,3,6,0.0,0.0,0.0
132,512,,3,3.0,2,3,4,0.0,0.0,0.0
139,61,,1,3.0,2,3,8,0.00164,0.004201,0.009642
139,64,,2,3.0,2,3,8,0.00164,0.004201,0.012411
139,131,,1,4.0,2,3,2,0.0,0.0,0.0
139,132,,1,3.0,2,3,2,0.039824,0.049892,0.009226
139,132,,2,3.0,2,3,2,0.007241,0.009071,0.001868
139,132,,5,3.0,2,3,2,0.00362,0.004536,0.001033
139,139,,1,3.0,2,3,2,0.001172,0.003517,0.000664
139,451,,1,3.0,2,3,3,0.0,0.0,0.0
139,486,,2,3.0,2,3,5,0.0,0.0,0.0
139,512,,1,3.0,2,3,4,0.00108,0.001237,0.000741
139,531,,5,3.0,2,3,8,0.001822,0.004201,0.013296
151,61,,3,3.0,2,3,8,0.0,0.0,0.0
151,61,,4,4.0,2,3,8,0.0,0.0,0.0
159,61,,3,3.0,2,3,8,0.0,0.0,0.0
159,61,,4,4.0,2,3,8,0.0,0.0,0.0
160,61,,1,4.0,2,3,5,0.01364,0.003593,0.003439
160,64,,4,4.0,2,3,4,0.0,0.0,0.0
160,132,,2,3.0,2,3,8,0.0,0.0,0.0
160,363,,1,4.0,2,3,8,0.013586,0.001151,0.002853
160,363,,5,3.0,2,3,8,0.0,0.0,0.0
160,531,,1,3.0,2,3,4,0.164324,0.01392,0.007862
160,531,,1,4.0,2,3,4,0.087955,0.007624,0.004306
160,531,,2,3.0,2,3,4,0.041081,0.007959,0.005261
160,531,,4,4.0,2,3,3,0.0,0.0,0.0
171,12,,2,3.0,2,3,5,0.0,0.0,0.0
171,61,,2,3.0,2,3,8,0.50408,2.781635,6.119951
171,111,,4,4.0,2,3,4,0.0,0.0,0.0
171,131,,4,4.0,2,3,4,0.0,0.0,0.0
171,132,,2,3.0,2,3,6,0.341004,1.566797,1.643915
171,171,,1,3.0,2,3,1,0.0,0.0,0.0
171,171,,1,4.0,2,3,1,0.0,0.0,0.0
171,171,,2,3.0,2,3,1,0.005691,0.036036,0.001165
171,171,,3,3.0,2,3,1,0.005691,0.003752,7.4e-05
171,212,,4,4.0,2,3,3,0.0,0.0,0.0
171,221,,2,3.0,2,3,5,0.0,0.0,0.0
171,241,,1,3.0,2,3,5,0.01247,0.024884,0.019863
171,241,,2,3.0,2,3,5,0.006235,0.012442,0.010265
171,261,,3,3.0,2,3,4,0.0,0.0,0.0
171,279,,3,3.0,2,3,5,0.0,0.0,0.0
171,341,,1,3.0,2,3,5,0.04612,0.023987,0.020156
171,341,,2,3.0,2,3,5,0.0,0.0,0.0
171,341,,5,3.0,2,3,5,0.015373,0.007996,0.007404
171,363,,1,3.0,2,3,5,13.381406,4.651695,4.003775
171,363,,5,3.0,2,3,5,4.460469,1.550565,1.466374
171,451,,2,3.0,2,3,6,0.016272,0.005664,0.006026
171,486,,1,3.0,2,3,6,0.0,0.0,0.0
171,512,,1,3.0,2,3,5,6.057785,5.989485,5.414705
171,512,,2,3.0,2,3,6,0.0,0.0,0.0
171,512,,5,3.0,2,3,6,0.504815,0.499124,0.50107
171,531,,2,3.0,2,3,8,0.0,0.0,0.0
172,61,,1,3.0,2,3,7,0.014498,0.080004,0.151638
172,61,,5,3.0,2,3,8,0.0029,0.016001,0.03306
172,132,,2,3.0,2,3,5,0.011769,0.054076,0.052346
172,171,,1,4.0,2,3,3,0.0,0.0,0.0
172,171,,5,3.0,2,3,3,0.0,0.0,0.0
172,221,,2,3.0,2,3,4,0.0,0.0,0.0
172,241,,2,3.0,2,3,5,0.000646,0.001288,0.001278
172,279,,2,3.0,2,3,5,0.0,0.0,0.0
172,341,,2,3.0,2,3,6,0.002122,0.001104,0.001194
172,363,,1,3.0,2,3,5,0.615788,0.214063,0.212719
172,451,,5,3.0,2,3,6,0.0,0.0,0.0
172,486,,1,3.0,2,3,5,0.0,0.0,0.0
172,512,,1,3.0,2,3,5,0.226499,0.223946,0.210919
172,512,,2,3.0,2,3,6,0.0,0.0,0.0
172,512,,5,3.0,2,3,6,0.0,0.0,0.0
172,531,,2,3.0,2,3,8,0.0,0.0,0.0
179,61,,1,3.0,2,3,7,0.076448,0.421861,0.831481
179,61,,2,3.0,2,3,8,0.012071,0.06661,0.143827
179,61,,5,3.0,2,3,8,0.012071,0.06661,0.144329
179,131,,4,4.0,2,3,3,0.0,0.0,0.0
179,132,,2,3.0,2,3,6,0.068347,0.312952,0.317074
179,171,,1,3.0,2,3,2,0.001195,0.000788,0.000155
179,171,,1,4.0,2,3,2,0.0,0.0,0.0
179,171,,5,3.0,2,3,2,0.001076,0.000709,0.000133
179,212,,1,4.0,2,3,3,0.0,0.0,0.0
179,221,,2,3.0,2,3,5,0.0,0.0,0.0
179,241,,1,3.0,2,3,5,0.003733,0.007449,0.006008
179,261,,2,3.0,2,3,3,0.0,0.0,0.0
179,279,,2,3.0,2,3,4,0.0,0.0,0.0
179,341,,1,3.0,2,3,5,0.008181,0.004255,0.003926
179,341,,2,3.0,2,3,6,0.002805,0.001144,0.001172
179,341,,5,3.0,2,3,6,0.002045,0.001064,0.001096
179,363,,1,3.0,2,3,5,3.560379,1.237672,1.164864
179,451,,2,3.0,2,3,6,0.003247,0.00113,0.001185
179,486,,1,3.0,2,3,5,0.0,0.0,0.0
179,486,,2,3.0,2,3,5,0.0,0.0,0.0
179,486,,5,3.0,2,3,6,0.0,0.0,0.0
179,512,,1,3.0,2,3,5,1.122496,1.10984,1.017813
179,512,,2,3.0,2,3,6,0.187083,0.184973,0.198919
179,512,,5,3.0,2,3,6,0.0,0.0,0.0
179,531,,2,3.0,2,3,8,0.0,0.0,0.0
181,61,,1,3.0,2,3,8,0.002436,0.004612,0.009459
181,61,,2,3.0,2,3,8,0.0,0.0,0.0
181,61,,5,3.0,2,3,8,0.0,0.0,0.0
181,64,,2,3.0,2,3,8,0.0,0.0,0.0
181,122,,2,3.0,2,3,6,0.0,0.0,0.0
181,131,,4,4.0,2,3,4,0.0,0.0,0.0
181,132,,2,3.0,2,3,6,0.035475,0.047582,0.048515
181,171,,1,4.0,2,3,1,0.00693,0.000604,4.4e-05
181,171,,2,3.0,2,3,1,0.0,0.0,0.0
181,261,,1,3.0,2,3,3,0.057133,0.076294,0.020529
181,341,,1,3.0,2,3,5,0.002382,0.000253,0.000197
181,341,,2,3.0,2,3,5,0.0,0.0,0.0
181,341,,5,3.0,2,3,5,0.0,0.0,0.0
181,362,,2,3.0,2,3,4,0.0,0.0,0.0
181,363,,1,3.0,2,3,5,0.195166,0.396189,0.318685
181,363,,4,4.0,2,3,4,0.0,0.0,0.0
181,451,,2,3.0,2,3,6,0.018338,0.028871,0.029882
181,512,,1,3.0,2,3,5,0.0,0.0,0.0
181,512,,2,3.0,2,3,5,0.50327,0.498716,0.488057
181,531,,1,3.0,2,3,8,0.00327,0.001573,0.003435
182,61,,1,3.0,2,3,8,0.006091,0.011531,0.024609
182,61,,2,3.0,2,3,8,0.000609,0.001153,0.002639
182,61,,5,3.0,2,3,8,0.003655,0.006919,0.015852
182,64,,5,3.0,2,3,8,0.0,0.0,0.0
182,122,,2,3.0,2,3,6,0.0,0.0,0.0
182,131,,4,4.0,2,3,3,0.0,0.0,0.0
182,132,,1,3.0,2,3,5,0.075395,0.101127,0.078838
182,132,,5,3.0,2,3,5,0.075395,0.101127,0.09149
182,171,,1,4.0,2,3,2,0.029458,0.002567,0.000531
182,171,,2,3.0,2,3,3,0.0,0.0,0.0
182,261,,2,3.0,2,3,3,0.121425,0.16215,0.050585
182,261,,5,3.0,2,3,3,0.121425,0.16215,0.050768
182,341,,1,3.0,2,3,4,0.005063,0.000538,0.000393
182,341,,5,3.0,2,3,5,0.005063,0.000538,0.000469
182,362,,1,3.0,2,3,4,0.0,0.0,0.0
182,362,,5,3.0,2,3,3,0.0,0.0,0.0
182,363,,1,3.0,2,3,4,0.415549,0.842334,0.63171
182,363,,1,4.0,2,3,4,0.004345,0.001363,0.001022
182,363,,4,4.0,2,3,4,0.0,0.0,0.0
182,363,,5,3.0,2,3,5,0.414789,0.842029,0.756423
182,451,,5,3.0,2,3,5,0.075623,0.119723,0.111936
182,512,,1,3.0,2,3,4,1.221785,1.20859,0.878638
182,512,,5,3.0,2,3,5,0.916304,0.906421,0.780831
182,531,,5,3.0,2,3,8,0.013898,0.006688,0.016227
183,61,,1,3.0,2,3,8,0.002332,0.004415,0.009591
183,61,,5,3.0,2,3,8,0.0,0.0,0.0
183,64,,5,3.0,2,3,8,0.0,0.0,0.0
183,122,,2,3.0,2,3,6,0.0,0.0,0.0
183,131,,4,4.0,2,3,4,0.0,0.0,0.0
183,132,,1,3.0,2,3,5,0.033958,0.045547,0.038422
183,171,,1,4.0,2,3,2,0.006634,0.000578,0.000108
183,171,,2,3.0,2,3,2,0.0,0.0,0.0
183,261,,1,3.0,2,3,2,0.05469,0.073032,0.014285
183,341,,1,3.0,2,3,4,0.0,0.0,0.0
183,341,,2,3.0,2,3,4,0.0,0.0,0.0
183,341,,5,3.0,2,3,5,0.0,0.0,0.0
183,362,,5,3.0,2,3,3,0.0,0.0,0.0
183,363,,1,3.0,2,3,4,0.149457,0.3034,0.206935
183,363,,2,3.0,2,3,5,0.018682,0.037925,0.029438
183,363,,4,4.0,2,3,4,0.0,0.0,0.0
183,363,,5,3.0,2,3,5,0.018682,0.037925,0.029445
183,451,,1,3.0,2,3,5,0.01803,0.028198,0.022058
183,512,,1,3.0,2,3,4,0.361115,0.35722,0.261309
183,512,,5,3.0,2,3,5,0.120372,0.119073,0.102313
183,531,,1,3.0,2,3,8,0.00313,0.001506,0.003454
189,61,,1,3.0,2,3,8,0.008949,0.016942,0.035801
189,64,,1,3.0,2,3,8,0.0,0.0,0.0
189,122,,2,3.0,2,3,6,0.0,0.0,0.0
189,131,,4,4.0,2,3,3,0.0,0.0,0.0
189,132,,1,3.0,2,3,5,0.130319,0.174797,0.13552
189,171,,1,4.0,2,3,2,0.025459,0.002218,0.000486
189,171,,2,3.0,2,3,3,0.0,0.0,0.0
189,261,,1,3.0,2,3,3,0.209882,0.280274,0.088832
189,341,,1,3.0,2,3,4,0.0,0.0,0.0
189,341,,2,3.0,2,3,5,0.002188,0.000424,0.00038
189,341,,5,3.0,2,3,5,0.007164,0.000764,0.000693
189,362,,1,3.0,2,3,4,0.0,0.0,0.0
189,363,,1,3.0,2,3,5,0.71696,1.45544,1.130498
189,363,,1,4.0,2,3,5,0.004236,0.000606,0.000471
189,363,,4,4.0,2,3,4,0.0,0.0,0.0
189,451,,1,3.0,2,3,4,0.065357,0.103471,0.07665
189,512,,1,3.0,2,3,5,0.923898,0.913933,0.686671
189,512,,5,3.0,2,3,5,0.923898,0.913933,0.813559
189,531,,1,3.0,2,3,8,0.006006,0.00289,0.006636
189,531,,5,3.0,2,3,8,0.006006,0.00289,0.006955
190,61,,1,3.0,2,3,7,0.0,0.0,0.0
190,61,,2,3.0,2,3,7,0.0,0.0,0.0
190,61,,5,3.0,2,3,7,0.0,0.0,0.0
190,64,,1,3.0,2,3,7,0.0855,0.154322,0.28567
190,64,,5,3.0,2,3,7,0.0855,0.154322,0.307198
190,131,,4,4.0,2,3,5,0.0,0.0,0.0
190,132,,2,3.0,2,3,6,0.279919,0.307274,0.416813
190,171,,1,3.0,2,3,3,0.0,0.0,0.0
190,171,,1,4.0,2,3,3,0.0,0.0,0.0
190,171,,5,3.0,2,3,3,0.0,0.0,0.0
190,221,,5,3.0,2,3,6,38.773167,225.220779,263.847313
190,223,,3,3.0,2,3,6,4.944936,34.093498,50.511215
190,261,,2,3.0,2,3,4,0.165862,0.118017,0.076329
190,311,,1,4.0,2,3,2,0.0,0.0,0.0
190,341,,1,3.0,2,3,6,0.017934,0.031053,0.03614
190,341,,2,3.0,2,3,6,0.008587,0.015486,0.019373
190,363,,1,3.0,2,3,6,0.080713,0.245612,0.293297
190,363,,2,3.0,2,3,6,0.0,0.0,0.0
190,451,,1,3.0,2,3,6,0.0,0.0,0.0
190,486,,1,3.0,2,3,6,0.457977,0.302406,0.312591
190,512,,1,3.0,2,3,6,3.770862,2.581015,3.114922
190,512,,2,3.0,2,3,6,0.538622,0.368669,0.497127
190,512,,5,3.0,2,3,6,0.0,0.0,0.0
201,61,,1,3.0,2,3,7,0.121971,0.552418,0.891398
201,64,,2,3.0,2,3,7,0.0,0.0,0.0
201,101,,2,3.0,2,3,6,0.0,0.0,0.0
201,132,,2,3.0,2,3,6,0.471304,1.777177,2.273741
201,451,,2,3.0,2,3,6,0.078511,0.015211,0.021379
201,482,,1,3.0,2,3,4,0.0,0.0,0.0
201,483,,2,3.0,2,3,5,0.0,0.0,0.0
201,486,,1,3.0,2,3,5,9.45811,39.003029,30.339433
201,512,,1,3.0,2,3,6,0.400109,0.505278,0.598913
201,512,,5,3.0,2,3,6,0.200054,0.252639,0.361028
201,551,,2,3.0,2,3,4,1.905347,13.41021,7.405341
202,61,,5,3.0,2,3,7,0.060886,0.275759,0.429425
202,64,,2,3.0,2,3,7,0.0,0.0,0.0
202,101,,5,3.0,2,3,6,0.0,0.0,0.0
202,132,,5,3.0,2,3,6,0.235207,0.887075,1.19408
202,451,,5,3.0,2,3,7,0.039081,0.003054,0.004585
202,482,,1,3.0,2,3,4,0.0,0.0,0.0
202,483,,5,3.0,2,3,5,0.0,0.0,0.0
202,486,,1,3.0,2,3,4,4.721355,19.469761,12.120724
202,512,,1,3.0,2,3,6,0.299702,0.378786,0.5136
202,551,,5,3.0,2,3,4,0.951122,6.694187,5.01296
209,61,,1,3.0,2,3,6,0.076814,0.347899,0.484074
209,64,,2,3.0,2,3,7,0.0,0.0,0.0
209,101,,2,3.0,2,3,7,0.0,0.0,0.0
209,132,,1,3.0,2,3,6,0.296738,1.119137,1.406503
209,451,,2,3.0,2,3,7,0.049283,0.009548,0.014326
209,482,,2,3.0,2,3,5,0.0,0.0,0.0
209,483,,2,3.0,2,3,5,0.0,0.0,0.0
209,486,,1,3.0,2,3,5,5.956478,24.56312,18.603346
209,512,,1,3.0,2,3,6,0.188984,0.238658,0.331377
209,512,,2,3.0,2,3,7,0.094492,0.119329,0.198283
209,512,,5,3.0,2,3,7,0.094492,0.119329,0.19948
209,551,,2,3.0,2,3,5,1.199939,8.44541,6.579971
211,61,,2,3.0,2,3,8,0.0,0.0,0.0
211,64,,2,3.0,2,3,8,0.0,0.0,0.0
211,132,,2,3.0,2,3,5,0.0,0.0,0.0
211,451,,1,3.0,2,3,4,0.0,0.0,0.0
211,512,,1,3.0,2,3,4,0.005183,0.001889,0.001136
211,512,,5,3.0,2,3,4,0.001296,0.000472,0.000334
211,531,,2,3.0,2,3,8,0.0,0.0,0.0
212,61,,1,3.0,2,3,8,0.0,0.0,0.0
212,64,,2,3.0,2,3,8,0.0,0.0,0.0
212,131,,4,4.0,2,3,3,0.0,0.0,0.0
212,132,,1,3.0,2,3,4,0.002573,0.00231,0.001509
212,132,,2,3.0,2,3,4,0.0,0.0,0.0
212,132,,5,3.0,2,3,4,0.0,0.0,0.0
212,363,,2,3.0,2,3,5,0.0,0.0,0.0
212,451,,1,3.0,2,3,4,0.0,0.0,0.0
212,512,,1,3.0,2,3,4,0.015668,0.006104,0.003939
212,512,,2,3.0,2,3,5,0.004105,0.002033,0.001642
212,512,,5,3.0,2,3,5,0.003113,0.001134,0.000916
212,531,,2,3.0,2,3,8,0.0,0.0,0.0
219,61,,1,3.0,2,3,8,0.0,0.0,0.0
219,61,,2,3.0,2,3,8,0.0,0.0,0.0
219,61,,5,3.0,2,3,8,0.0,0.0,0.0
219,64,,2,3.0,2,3,8,0.0,0.0,0.0
219,131,,1,4.0,2,3,3,0.0,0.0,0.0
219,132,,1,3.0,2,3,4,0.00329,0.002955,0.001741
219,132,,2,3.0,2,3,4,0.0,0.0,0.0
219,132,,5,3.0,2,3,4,0.0,0.0,0.0
219,363,,2,3.0,2,3,6,0.0,0.0,0.0
219,451,,1,3.0,2,3,4,0.0,0.0,0.0
219,451,,2,3.0,2,3,4,0.0,0.0,0.0
219,512,,1,3.0,2,3,4,0.016757,0.006111,0.004002
219,512,,2,3.0,2,3,5,0.00557,0.00203,0.001704
219,512,,5,3.0,2,3,5,0.00557,0.00203,0.001755
219,531,,2,3.0,2,3,8,0.0,0.0,0.0
221,12,,1,3.0,2,3,2,0.003866,0.006856,0.001435
221,61,,1,3.0,2,3,7,0.0,0.0,0.0
221,61,,2,3.0,2,3,7,0.0,0.0,0.0
221,61,,5,3.0,2,3,7,0.0,0.0,0.0
221,64,,1,3.0,2,3,8,0.141788,0.254135,0.552587
221,131,,1,4.0,2,3,4,0.005749,0.000487,0.000268
221,132,,2,3.0,2,3,5,0.300917,0.167473,0.140252
221,221,,1,3.0,2,3,1,7.547129,33.978062,0.530997
221,221,,3,3.0,2,3,1,2.51571,8.454813,0.168528
221,222,,3,3.0,2,3,2,1.002041,1.891429,0.434349
221,223,,3,3.0,2,3,2,62.839169,423.743225,49.6987
221,341,,2,3.0,2,3,6,0.0,0.0,0.0
221,363,,3,3.0,2,3,8,0.017743,0.025986,0.054681
221,451,,2,3.0,2,3,5,0.108351,0.078691,0.074409
221,486,,1,3.0,2,3,3,0.0,0.0,0.0
221,512,,3,3.0,2,3,7,0.004366,0.003954,0.00737
222,12,,3,3.0,2,3,3,0.000956,0.001598,0.000753
222,61,,1,3.0,2,3,7,0.0,0.0,0.0
222,61,,2,3.0,2,3,7,0.0,0.0,0.0
222,64,,1,3.0,2,3,8,0.032229,0.057766,0.11986
222,131,,1,4.0,2,3,4,0.001233,0.000104,7e-05
222,132,,2,3.0,2,3,5,0.068399,0.038067,0.036359
222,221,,3,3.0,2,3,2,2.287311,7.687208,1.640656
222,222,,1,3.0,2,3,1,0.227767,0.429927,0.013162
222,222,,2,3.0,2,3,1,0.0,0.0,0.0
222,222,,3,3.0,2,3,1,0.0,0.0,0.0
222,223,,1,3.0,2,3,2,14.283514,96.317986,19.747752
222,341,,2,3.0,2,3,7,0.0,0.0,0.0
222,363,,2,3.0,2,3,7,0.004033,0.005907,0.009386
222,451,,2,3.0,2,3,6,0.024622,0.01788,0.019013
222,486,,1,3.0,2,3,2,0.0,0.0,0.0
222,486,,2,3.0,2,3,2,0.0,0.0,0.0
222,486,,3,3.0,2,3,2,0.0,0.0,0.0
222,486,,5,3.0,2,3,2,0.0,0.0,0.0
222,512,,3,3.0,2,3,7,0.0,0.0,0.0
223,12,,3,3.0,2,3,2,0.005728,0.010187,0.00212
223,61,,1,3.0,2,3,7,0.0,0.0,0.0
223,61,,2,3.0,2,3,8,0.0,0.0,0.0
223,64,,1,3.0,2,3,8,0.212623,0.381097,0.857297
223,131,,1,4.0,2,3,3,0.007671,0.00065,0.000318
223,132,,1,3.0,2,3,4,0.45125,0.25114,0.164346
223,132,,2,3.0,2,3,5,0.0,0.0,0.0
223,221,,5,3.0,2,3,1,15.090055,50.714752,4.781955
223,222,,3,3.0,2,3,3,1.502643,2.836353,0.79204
223,223,,1,3.0,2,3,1,0.0,0.0,0.0
223,223,,2,3.0,2,3,1,47.116257,298.323273,13.584212
223,223,,3,3.0,2,3,1,47.116257,317.718933,11.943809
223,341,,2,3.0,2,3,6,0.0,0.0,0.0
223,363,,5,3.0,2,3,7,0.026607,0.038968,0.077489
223,451,,2,3.0,2,3,5,0.162439,0.117957,0.102479
223,486,,1,3.0,2,3,3,0.0,0.0,0.0
223,512,,3,3.0,2,3,7,0.006547,0.00593,0.010365
229,12,,3,3.0,2,3,3,0.006221,0.011065,0.005133
229,61,,1,3.0,2,3,7,0.0,0.0,0.0
229,61,,2,3.0,2,3,7,0.0,0.0,0.0
229,61,,5,3.0,2,3,7,0.0,0.0,0.0
229,64,,1,3.0,2,3,8,0.228359,0.409301,0.839173
229,131,,1,4.0,2,3,4,0.008308,0.000704,0.000412
229,132,,1,3.0,2,3,5,0.121161,0.067431,0.052385
229,132,,2,3.0,2,3,5,0.242843,0.135537,0.120141
229,132,,5,3.0,2,3,6,0.121161,0.067431,0.08118
229,221,,3,3.0,2,3,2,16.206841,54.468052,12.65307
229,222,,3,3.0,2,3,3,1.613851,3.046266,0.956811
229,223,,1,3.0,2,3,2,80.965179,545.97229,118.063489
229,223,,3,3.0,2,3,3,20.241295,136.493073,42.40736
229,341,,2,3.0,2,3,7,0.0,0.0,0.0
229,363,,5,3.0,2,3,8,0.028576,0.041852,0.094846
229,451,,2,3.0,2,3,6,0.174479,0.126707,0.127167
229,486,,1,3.0,2,3,3,0.0,0.0,0.0
229,486,,2,3.0,2,3,3,0.0,0.0,0.0
229,486,,5,3.0,2,3,3,0.0,0.0,0.0
229,512,,3,3.0,2,3,8,0.007032,0.006368,0.012947
230,363,,1,3.0,2,3,3,0.0,0.0,0.0
241,64,,2,3.0,2,3,8,0.0,0.0,0.0
241,111,,1,4.0,2,3,1,0.008101,0.000944,4.5e-05
241,132,,2,3.0,2,3,4,0.002084,0.002074,0.001416
241,241,,1,3.0,2,3,1,0.039478,0.162353,0.0042
241,241,,2,3.0,2,3,1,0.004386,0.018039,0.000769
241,341,,1,3.0,2,3,2,0.017535,0.004305,0.000792
241,451,,2,3.0,2,3,4,0.0,0.0,0.0
241,512,,2,3.0,2,3,3,0.025267,0.006893,0.001866
241,531,,2,3.0,2,3,8,0.037659,0.267428,0.800137
242,64,,2,3.0,2,3,8,0.0,0.0,0.0
242,111,,1,4.0,2,3,1,0.006865,0.000903,1.7e-05
242,132,,2,3.0,2,3,4,0.001448,0.001372,0.000866
242,241,,1,3.0,2,3,1,0.031731,0.130494,0.005229
242,341,,1,3.0,2,3,2,0.012684,0.003114,0.0007
242,451,,2,3.0,2,3,4,0.0,0.0,0.0
242,512,,2,3.0,2,3,2,0.018278,0.004987,0.001074
242,531,,2,3.0,2,3,8,0.027242,0.193455,0.571016
249,64,,2,3.0,2,3,8,0.0,0.0,0.0
249,111,,1,4.0,2,3,1,0.002768,0.000235,2.2e-05
249,132,,2,3.0,2,3,5,0.0,0.0,0.0
249,241,,1,3.0,2,3,1,0.006851,0.028176,0.002568
249,341,,1,3.0,2,3,2,0.003032,0.000949,0.000211
249,451,,2,3.0,2,3,4,0.0,0.0,0.0
249,512,,1,3.0,2,3,2,0.003947,0.001077,0.000238
249,531,,2,3.0,2,3,8,0.005882,0.041771,0.124641
251,132,,2,3.0,2,3,6,0.0,0.0,0.0
251,251,,1,3.0,2,3,1,0.014927,0.016831,0.00072
251,251,,2,3.0,2,3,1,0.003732,0.004208,0.000218
251,363,,1,3.0,2,3,2,0.0,0.0,0.0
251,512,,2,3.0,2,3,5,0.0,0.0,0.0
259,132,,2,3.0,2,3,6,0.0,0.0,0.0
259,251,,1,3.0,2,3,2,0.001285,0.001448,0.000196
261,212,,4,4.0,2,3,3,0.0,0.0,0.0
261,341,,2,3.0,2,3,5,0.0,0.0,0.0
261,363,,1,3.0,2,3,4,0.052591,0.111975,0.075483
261,363,,2,3.0,2,3,5,0.005259,0.011197,0.008604
261,363,,5,3.0,2,3,5,0.005259,0.011197,0.008629
261,486,,2,3.0,2,3,6,0.0,0.0,0.0
261,512,,1,3.0,2,3,4,0.016379,0.080346,0.058801
261,512,,2,3.0,2,3,5,0.003276,0.016069,0.013679
261,512,,5,3.0,2,3,5,0.003276,0.016069,0.013687
262,212,,4,4.0,2,3,3,0.0,0.0,0.0
262,341,,2,3.0,2,3,5,0.0,0.0,0.0
262,363,,1,3.0,2,3,5,0.014411,0.030683,0.025014
262,363,,5,3.0,2,3,5,0.00131,0.002789,0.00265
262,486,,2,3.0,2,3,6,0.0,0.0,0.0
262,512,,1,3.0,2,3,5,0.005712,0.028021,0.024067
262,512,,5,3.0,2,3,5,0.0,0.0,0.0
269,212,,4,4.0,2,3,3,0.0,0.0,0.0
269,341,,2,3.0,2,3,6,0.0,0.0,0.0
269,363,,1,3.0,2,3,5,0.0,0.0,0.0
269,363,,2,3.0,2,3,5,0.0,0.0,0.0
269,363,,5,3.0,2,3,5,0.024935,0.05309,0.052361
269,486,,2,3.0,2,3,6,0.0,0.0,0.0
269,512,,1,3.0,2,3,5,0.005436,0.026666,0.023166
269,512,,2,3.0,2,3,5,0.001812,0.008889,0.008767
269,512,,5,3.0,2,3,6,0.001812,0.008889,0.008915
271,61,,1,3.0,2,3,7,0.0,0.0,0.0
271,61,,2,3.0,2,3,8,0.0,0.0,0.0
271,61,,5,3.0,2,3,8,0.0,0.0,0.0
271,132,,2,3.0,2,3,6,0.010359,0.06021,0.088559
271,341,,1,3.0,2,3,6,0.0,0.0,0.0
271,363,,1,3.0,2,3,6,0.126782,0.021002,0.028436
271,363,,4,4.0,2,3,6,0.0,0.0,0.0
271,411,,2,3.0,2,3,7,0.0,0.0,0.0
271,451,,2,3.0,2,3,6,0.011266,0.004887,0.007295
271,512,,1,3.0,2,3,6,0.261595,0.475437,0.660382
271,512,,5,3.0,2,3,6,0.065408,0.11886,0.173002
271,531,,5,3.0,2,3,7,0.042574,0.122689,0.21696
271,532,,2,3.0,2,3,7,0.0,0.0,0.0
279,61,,1,3.0,2,3,7,0.0,0.0,0.0
279,61,,2,3.0,2,3,8,0.0,0.0,0.0
279,61,,5,3.0,2,3,8,0.0,0.0,0.0
279,132,,2,3.0,2,3,7,0.002478,0.015375,0.024067
279,341,,1,3.0,2,3,6,0.0,0.0,0.0
279,363,,1,3.0,2,3,6,0.032748,0.005425,0.007773
279,363,,4,4.0,2,3,6,0.0,0.0,0.0
279,363,,5,3.0,2,3,6,0.0,0.0,0.0
279,411,,2,3.0,2,3,7,0.0,0.0,0.0
279,451,,2,3.0,2,3,7,0.002847,0.001232,0.001957
279,512,,1,3.0,2,3,6,0.084464,0.153509,0.222251
279,512,,2,3.0,2,3,7,0.0,0.0,0.0
279,512,,5,3.0,2,3,7,0.0,0.0,0.0
279,531,,2,3.0,2,3,7,0.010997,0.031691,0.055479
279,532,,2,3.0,2,3,7,0.0,0.0,0.0
280,12,,1,3.0,2,3,2,0.01337,0.017742,0.003926
280,132,,1,3.0,2,3,4,2.69297,1.647466,0.991439
280,132,,2,3.0,2,3,4,0.897587,0.549065,0.392957
280,223,,1,3.0,2,3,2,0.2483,0.2587,0.060182
280,223,,2,3.0,2,3,2,0.0,0.0,0.0
280,223,,5,3.0,2,3,3,0.0,0.0,0.0
280,451,,1,3.0,2,3,4,0.565365,0.415781,0.28308
280,451,,2,3.0,2,3,5,0.0,0.0,0.0
280,512,,3,3.0,2,3,8,0.02949,0.018245,0.037618
291,61,,1,3.0,2,3,7,0.007673,0.01239,0.020319
291,61,,2,3.0,2,3,7,0.000698,0.001126,0.001994
291,61,,5,3.0,2,3,7,0.002093,0.003379,0.005995
291,101,,1,3.0,2,3,6,0.0,0.0,0.0
291,132,,2,3.0,2,3,6,0.032567,0.018198,0.023149
291,171,,4,4.0,2,3,3,0.0,0.0,0.0
291,363,,1,3.0,2,3,6,0.003366,0.00135,0.001678
291,363,,5,3.0,2,3,6,0.001122,0.00045,0.000605
291,451,,2,3.0,2,3,6,0.0,0.0,0.0
291,512,,1,3.0,2,3,6,0.0,0.0,0.0
291,512,,5,3.0,2,3,6,0.019945,0.019971,0.028656
291,531,,2,3.0,2,3,8,0.0,0.0,0.0
291,532,,2,3.0,2,3,7,0.0,0.0,0.0
292,61,,1,3.0,2,3,7,0.016565,0.026749,0.049435
292,61,,2,3.0,2,3,8,0.002071,0.003344,0.006764
292,61,,5,3.0,2,3,8,0.002071,0.003344,0.006767
292,101,,2,3.0,2,3,6,0.0,0.0,0.0
292,111,,1,4.0,2,3,5,0.001797,0.000152,0.00013
292,132,,2,3.0,2,3,5,0.064451,0.036015,0.035077
292,171,,1,4.0,2,3,3,0.0,0.0,0.0
292,363,,1,3.0,2,3,6,0.008883,0.003561,0.003635
292,451,,2,3.0,2,3,6,0.0,0.0,0.0
292,512,,1,3.0,2,3,5,0.029603,0.029643,0.028291
292,512,,2,3.0,2,3,6,0.0,0.0,0.0
292,512,,5,3.0,2,3,6,0.009927,0.009923,0.010826
292,531,,2,3.0,2,3,8,0.0,0.0,0.0
292,532,,2,3.0,2,3,8,0.0,0.0,0.0
299,61,,1,3.0,2,3,7,0.00583,0.009414,0.016313
299,61,,2,3.0,2,3,7,0.002915,0.004707,0.008856
299,61,,5,3.0,2,3,7,0.001943,0.003138,0.00594
299,101,,1,3.0,2,3,6,0.0,0.0,0.0
299,132,,1,3.0,2,3,5,0.033267,0.01859,0.017074
299,171,,4,4.0,2,3,3,0.0,0.0,0.0
299,363,,1,3.0,2,3,6,0.004585,0.001838,0.002146
299,451,,2,3.0,2,3,6,0.0,0.0,0.0
299,512,,1,3.0,2,3,6,0.012733,0.01275,0.013763
299,512,,2,3.0,2,3,6,0.00764,0.00765,0.009598
299,512,,5,3.0,2,3,6,0.0,0.0,0.0
299,531,,2,3.0,2,3,8,0.0,0.0,0.0
299,532,,2,3.0,2,3,8,0.0,0.0,0.0
300,531,,1,3.0,2,3,4,0.0,0.0,0.0
300,531,,2,3.0,2,3,5,0.0,0.0,0.0
311,61,,1,3.0,2,3,7,0.452172,0.760684,1.187207
311,61,,2,3.0,2,3,7,0.301448,0.507123,0.899376
311,61,,5,3.0,2,3,7,0.301448,0.507123,0.899835
311,64,,1,3.0,2,3,7,0.0,0.0,0.0
311,64,,5,3.0,2,3,7,0.0,0.0,0.0
311,111,,1,4.0,2,3,6,0.005855,0.000496,0.000604
311,132,,2,3.0,2,3,6,0.05642,0.292939,0.409135
311,171,,1,3.0,2,3,3,0.003764,0.007335,0.003576
311,171,,4,4.0,2,3,3,0.0,0.0,0.0
311,171,,5,3.0,2,3,3,0.00251,0.00489,0.002438
311,261,,2,3.0,2,3,5,0.0,0.0,0.0
311,341,,1,3.0,2,3,6,0.0,0.0,0.0
311,363,,1,3.0,2,3,6,0.314217,0.305711,0.407094
311,363,,4,4.0,2,3,6,0.0,0.0,0.0
311,451,,2,3.0,2,3,7,0.0,0.0,0.0
311,512,,1,3.0,2,3,6,0.0,0.0,0.0
311,512,,2,3.0,2,3,7,0.0,0.0,0.0
311,512,,5,3.0,2,3,7,0.160181,0.154764,0.232435
311,531,,2,3.0,2,3,7,0.005454,0.012334,0.023334
319,61,,1,3.0,2,3,6,0.651554,1.096104,1.588879
319,61,,2,3.0,2,3,7,0.072395,0.121789,0.209355
319,61,,5,3.0,2,3,7,0.14479,0.243579,0.426347
319,64,,1,3.0,2,3,7,0.0,0.0,0.0
319,111,,1,4.0,2,3,6,0.003834,0.000361,0.000477
319,132,,2,3.0,2,3,7,0.046456,0.241205,0.364603
319,171,,2,3.0,2,3,4,0.003572,0.006453,0.00408
319,171,,4,4.0,2,3,4,0.0,0.0,0.0
319,171,,5,3.0,2,3,4,0.001987,0.003871,0.002488
319,261,,2,3.0,2,3,5,0.0,0.0,0.0
319,341,,1,3.0,2,3,6,0.0,0.0,0.0
319,341,,2,3.0,2,3,7,0.0,0.0,0.0
319,341,,5,3.0,2,3,7,0.0,0.0,0.0
319,363,,1,3.0,2,3,6,0.258725,0.251721,0.363676
319,363,,2,3.0,2,3,7,0.0,0.0,0.0
319,363,,4,4.0,2,3,6,0.0,0.0,0.0
319,363,,5,3.0,2,3,7,0.0,0.0,0.0
319,451,,1,3.0,2,3,6,0.0,0.0,0.0
319,512,,1,3.0,2,3,6,0.0,0.0,0.0
319,512,,5,3.0,2,3,7,0.132123,0.127696,0.209907
319,531,,2,3.0,2,3,7,0.004491,0.010156,0.018349
321,512,,2,3.0,2,3,8,0.0,0.0,0.0
329,512,,2,3.0,2,3,8,0.0,0.0,0.0
341,61,,5,3.0,2,3,8,0.011944,0.029188,0.143363
341,64,,5,3.0,2,3,8,0.016273,0.018249,0.097019
341,101,,1,4.0,2,3,2,0.0,0.0,0.0
341,111,,1,4.0,2,3,2,0.049126,0.004222,0.000997
341,131,,1,4.0,2,3,5,0.022851,0.001936,0.001676
341,131,,4,4.0,2,3,4,0.0,0.0,0.0
341,132,,2,3.0,2,3,5,0.0,0.0,0.0
341,341,,1,3.0,2,3,1,0.505717,1.140944,0.037867
341,341,,2,3.0,2,3,1,0.037001,0.131398,0.005098
341,341,,3,3.0,2,3,2,0.012041,0.027165,0.002865
341,363,,1,3.0,2,3,1,0.482281,0.994803,0.038726
341,363,,1,4.0,2,3,1,0.098964,0.106201,0.004134
341,371,,4,4.0,2,3,4,0.0,0.0,0.0
341,411,,2,3.0,2,3,8,11.75841,59.403099,186.636121
341,451,,2,3.0,2,3,4,0.014316,0.026916,0.019774
341,486,,1,3.0,2,3,7,0.086829,0.215742,0.352004
341,491,,1,4.0,2,3,8,0.016622,0.001408,0.00311
341,491,,4,4.0,2,3,7,0.0,0.0,0.0
341,512,,1,3.0,2,3,3,0.752904,1.470723,0.557751
341,531,,2,3.0,2,3,8,0.0,0.0,0.0
341,532,,2,3.0,2,3,8,25.432119,144.296997,455.983396
342,61,,5,3.0,2,3,8,0.001943,0.004741,0.023931
342,64,,2,3.0,2,3,8,0.002727,0.003058,0.009592
342,111,,1,4.0,2,3,2,0.008351,0.00071,0.00011
342,131,,1,4.0,2,3,5,0.004352,0.000369,0.000294
342,131,,4,4.0,2,3,4,0.0,0.0,0.0
342,132,,2,3.0,2,3,5,0.0,0.0,0.0
342,341,,1,3.0,2,3,1,0.084377,0.190362,0.015608
342,341,,5,3.0,2,3,1,0.008438,0.019036,0.001842
342,363,,1,3.0,2,3,2,0.064653,0.13336,0.014042
342,363,,1,4.0,2,3,2,0.017741,0.018355,0.001933
342,363,,5,3.0,2,3,2,0.016163,0.03334,0.003734
342,411,,2,3.0,2,3,8,1.970371,9.954249,30.994139
342,451,,2,3.0,2,3,4,0.002523,0.004512,0.003053
342,486,,1,3.0,2,3,7,0.01455,0.036152,0.057165
342,491,,1,4.0,2,3,8,0.002785,0.000236,0.00054
342,491,,4,4.0,2,3,7,0.0,0.0,0.0
342,512,,3,3.0,2,3,3,0.126165,0.246451,0.073398
342,531,,2,3.0,2,3,8,0.0,0.0,0.0
342,532,,2,3.0,2,3,8,4.261691,24.180031,75.735158
350,61,,1,3.0,2,3,5,0.029711,0.052924,0.045255
350,61,,2,3.0,2,3,5,0.003714,0.006616,0.00631
350,61,,5,3.0,2,3,5,0.003714,0.006616,0.006531
361,61,,2,3.0,2,3,8,0.0,0.0,0.0
361,64,,2,3.0,2,3,8,0.0,0.0,0.0
361,132,,2,3.0,2,3,6,0.0,0.0,0.0
361,341,,1,3.0,2,3,2,0.004736,0.004866,0.000903
361,363,,1,3.0,2,3,2,0.012757,0.015004,0.002563
361,363,,1,4.0,2,3,2,0.0,0.0,0.0
362,61,,2,3.0,2,3,8,0.0,0.0,0.0
362,64,,2,3.0,2,3,8,0.0,0.0,0.0
362,132,,2,3.0,2,3,6,0.0,0.0,0.0
362,341,,1,3.0,2,3,3,0.004989,0.005126,0.001903
362,341,,5,3.0,2,3,3,0.0,0.0,0.0
362,363,,1,3.0,2,3,3,0.012606,0.015471,0.006008
362,363,,4,4.0,2,3,3,0.0,0.0,0.0
362,512,,2,3.0,2,3,5,0.0,0.0,0.0
363,61,,2,3.0,2,3,8,0.0,0.0,0.0
363,64,,2,3.0,2,3,8,0.0,0.0,0.0
363,111,,1,4.0,2,3,3,0.0,0.0,0.0
363,132,,2,3.0,2,3,5,0.001398,0.001283,0.001158
363,341,,1,3.0,2,3,1,0.090796,0.092591,0.00461
363,341,,2,3.0,2,3,1,0.007503,0.007709,0.00061
363,363,,1,3.0,2,3,1,0.227511,0.279215,0.006401
363,363,,1,4.0,2,3,1,0.006141,0.010839,0.000249
363,363,,5,3.0,2,3,1,0.018959,0.023268,0.000557
363,451,,2,3.0,2,3,5,0.0,0.0,0.0
363,512,,3,3.0,2,3,3,0.002146,0.008885,0.003294
364,61,,2,3.0,2,3,8,0.0,0.0,0.0
364,64,,2,3.0,2,3,8,0.0,0.0,0.0
364,132,,2,3.0,2,3,6,0.0,0.0,0.0
364,341,,1,3.0,2,3,3,0.004876,0.00501,0.001567
364,341,,5,3.0,2,3,3,0.0,0.0,0.0
364,363,,1,3.0,2,3,3,0.011532,0.013956,0.004599
364,363,,1,4.0,2,3,3,0.0,0.0,0.0
364,363,,5,3.0,2,3,3,0.001027,0.00126,0.000492
364,512,,2,3.0,2,3,5,0.0,0.0,0.0
369,61,,2,3.0,2,3,8,0.0,0.0,0.0
369,64,,2,3.0,2,3,8,0.0,0.0,0.0
369,132,,2,3.0,2,3,6,0.0,0.0,0.0
369,341,,1,3.0,2,3,2,0.00761,0.007819,0.001952
369,341,,5,3.0,2,3,3,0.0,0.0,0.0
369,363,,1,3.0,2,3,3,0.017093,0.020977,0.005376
369,363,,1,4.0,2,3,3,0.0,0.0,0.0
369,363,,5,3.0,2,3,3,0.002137,0.002622,0.000813
369,512,,2,3.0,2,3,4,0.0,0.0,0.0
371,111,,4,4.0,2,3,3,0.0,0.0,0.0
371,132,,1,3.0,2,3,3,0.000877,0.001137,0.000304
371,451,,1,3.0,2,3,2,0.006711,0.007491,0.001654
371,451,,2,3.0,2,3,3,0.0,0.0,0.0
371,512,,1,3.0,2,3,3,0.013496,0.005616,0.001904
372,111,,1,4.0,2,3,3,0.0,0.0,0.0
372,132,,1,3.0,2,3,3,0.0,0.0,0.0
372,451,,1,3.0,2,3,3,0.003322,0.003941,0.001142
372,512,,1,3.0,2,3,3,0.005445,0.002269,0.000629
372,512,,5,3.0,2,3,3,0.001988,0.000827,0.000282
373,111,,1,4.0,2,3,3,0.0,0.0,0.0
373,132,,1,3.0,2,3,3,0.0,0.0,0.0
373,451,,1,3.0,2,3,3,0.005309,0.006299,0.001782
373,451,,5,3.0,2,3,3,0.0,0.0,0.0
373,512,,1,3.0,2,3,2,0.011652,0.004849,0.000964
379,111,,4,4.0,2,3,3,0.0,0.0,0.0
379,132,,1,3.0,2,3,3,0.0,0.0,0.0
379,451,,1,3.0,2,3,3,0.005176,0.00606,0.001638
379,451,,5,3.0,2,3,3,0.0,0.0,0.0
379,512,,1,3.0,2,3,2,0.008562,0.003563,0.000817
379,512,,2,3.0,2,3,3,0.0,0.0,0.0
379,512,,5,3.0,2,3,3,0.002634,0.001096,0.000322
380,512,,2,3.0,2,3,7,0.074744,0.072401,0.133283
391,111,,4,4.0,2,3,3,0.0,0.0,0.0
391,131,,4,4.0,2,3,3,0.0,0.0,0.0
391,132,,2,3.0,2,3,5,0.002217,0.002562,0.001999
391,221,,1,3.0,2,3,5,1.297341,3.892931,3.495625
391,341,,1,3.0,2,3,4,0.002402,0.00425,0.002751
391,363,,1,3.0,2,3,4,0.003719,0.010067,0.006674
391,392,,2,3.0,2,3,3,0.029609,0.005737,0.001521
391,399,,3,3.0,2,3,7,0.340675,1.054257,1.884879
391,512,,1,3.0,2,3,4,0.062606,0.212421,0.132897
391,512,,5,3.0,2,3,4,0.0,0.0,0.0
392,111,,4,4.0,2,3,3,0.0,0.0,0.0
392,131,,4,4.0,2,3,4,0.0,0.0,0.0
392,132,,2,3.0,2,3,5,0.003827,0.004446,0.004153
392,221,,2,3.0,2,3,6,2.231414,6.695805,7.617019
392,341,,1,3.0,2,3,3,0.004131,0.007309,0.003294
392,363,,1,3.0,2,3,3,0.006396,0.017315,0.008434
392,392,,1,3.0,2,3,1,0.050926,0.005025,0.000249
392,399,,2,3.0,2,3,2,0.585958,1.813312,0.229676
392,512,,1,3.0,2,3,4,0.097893,0.332148,0.190067
392,512,,2,3.0,2,3,4,0.009909,0.033353,0.022275
392,512,,5,3.0,2,3,4,0.0,0.0,0.0
393,111,,4,4.0,2,3,3,0.0,0.0,0.0
393,131,,4,4.0,2,3,3,0.0,0.0,0.0
393,132,,1,3.0,2,3,4,0.002649,0.003062,0.002206
393,221,,1,3.0,2,3,5,0.775255,2.326307,2.303788
393,221,,2,3.0,2,3,6,0.0,0.0,0.0
393,221,,5,3.0,2,3,6,0.775255,2.326307,2.600351
393,341,,1,3.0,2,3,4,0.00287,0.005079,0.00284
393,363,,1,3.0,2,3,4,0.004444,0.012031,0.006968
393,392,,1,3.0,2,3,2,0.035387,0.003491,0.000549
393,399,,2,3.0,2,3,2,0.407156,1.259989,0.192098
393,512,,1,3.0,2,3,4,0.049882,0.169249,0.095394
393,512,,2,3.0,2,3,4,0.016627,0.056416,0.03892
393,512,,5,3.0,2,3,4,0.008535,0.028458,0.019677
394,111,,4,4.0,2,3,3,0.0,0.0,0.0
394,131,,4,4.0,2,3,3,0.0,0.0,0.0
394,132,,5,3.0,2,3,5,0.001008,0.001165,0.000975
394,221,,5,3.0,2,3,5,0.590065,1.770609,1.728215
394,341,,1,3.0,2,3,4,0.001092,0.001933,0.001196
394,363,,1,3.0,2,3,4,0.001691,0.004579,0.002929
394,392,,1,3.0,2,3,2,0.013467,0.001329,0.000279
394,399,,5,3.0,2,3,2,0.154948,0.479504,0.070523
394,512,,1,3.0,2,3,4,0.018983,0.06441,0.040464
394,512,,5,3.0,2,3,4,0.009514,0.032221,0.024126
399,111,,4,4.0,2,3,3,0.0,0.0,0.0
399,131,,4,4.0,2,3,3,0.0,0.0,0.0
399,132,,1,3.0,2,3,5,0.002175,0.002514,0.002027
399,221,,3,3.0,2,3,7,1.273242,3.820618,7.00079
399,341,,1,3.0,2,3,4,0.002357,0.004171,0.002239
399,363,,1,3.0,2,3,4,0.00365,0.00988,0.005655
399,392,,1,3.0,2,3,2,0.029059,0.002867,0.000371
399,399,,1,3.0,2,3,1,0.25076,1.084451,0.093935
399,399,,2,3.0,2,3,1,0.0,0.0,0.0
399,399,,3,3.0,2,3,1,0.083587,0.258668,0.018005
399,512,,1,3.0,2,3,4,0.061443,0.208475,0.129781
399,512,,2,3.0,2,3,4,0.0,0.0,0.0
399,512,,5,3.0,2,3,4,0.0,0.0,0.0
401,132,,2,3.0,2,3,6,0.0,0.0,0.0
402,132,,2,3.0,2,3,6,0.0,0.0,0.0
409,132,,2,3.0,2,3,6,0.0,0.0,0.0
411,61,,1,3.0,2,3,5,0.0,0.0,0.0
411,64,,4,4.0,2,3,4,0.0,0.0,0.0
411,64,,5,3.0,2,3,5,0.0,0.0,0.0
411,341,,2,3.0,2,3,8,0.0,0.0,0.0
411,363,,2,3.0,2,3,8,0.0,0.0,0.0
411,411,,1,1.0,2,3,1,0.0,0.0,0.0
411,411,,1,3.0,2,3,1,19.579479,132.841675,3.221733
411,411,,2,3.0,2,3,1,0.0,0.0,0.0
411,411,,3,3.0,2,3,1,19.579479,100.144394,3.676444
411,486,,2,3.0,2,3,8,0.0,0.0,0.0
411,512,,5,3.0,2,3,8,0.0,0.0,0.0
411,531,,1,3.0,2,3,2,0.130017,0.049261,0.009525
411,531,,2,3.0,2,3,2,0.007223,0.002737,0.00057
411,531,,5,3.0,2,3,2,0.057785,0.021894,0.004672
411,532,,1,3.0,2,3,1,0.0,0.0,0.0
419,61,,1,3.0,2,3,5,0.0,0.0,0.0
419,64,,1,3.0,2,3,4,0.0,0.0,0.0
419,64,,2,3.0,2,3,4,0.0,0.0,0.0
419,64,,4,4.0,2,3,3,0.0,0.0,0.0
419,341,,2,3.0,2,3,8,0.0,0.0,0.0
419,363,,2,3.0,2,3,8,0.0,0.0,0.0
419,411,,1,1.0,2,3,2,0.0,0.0,0.0
419,411,,1,3.0,2,3,2,12.513815,64.005196,11.491461
419,486,,2,3.0,2,3,8,0.0,0.0,0.0
419,531,,1,3.0,2,3,3,0.056091,0.021252,0.007158
419,531,,5,3.0,2,3,3,0.006232,0.002361,0.001028
419,532,,2,3.0,2,3,2,0.0,0.0,0.0
421,101,,1,3.0,2,3,1,0.00632,0.000929,4e-05
421,111,,1,4.0,2,3,2,0.003325,0.000494,7.3e-05
421,132,,2,3.0,2,3,5,0.0,0.0,0.0
421,241,,1,3.0,2,3,2,0.0,0.0,0.0
421,241,,2,3.0,2,3,2,0.0,0.0,0.0
421,341,,1,3.0,2,3,1,0.004159,0.000467,3.8e-05
421,363,,1,3.0,2,3,2,0.024326,0.008119,0.000893
421,363,,5,3.0,2,3,2,0.007298,0.002436,0.000261
421,512,,3,3.0,2,3,3,0.0,0.0,0.0
422,101,,2,3.0,2,3,3,0.003984,0.000772,0.00027
422,111,,1,4.0,2,3,2,0.0,0.0,0.0
422,132,,2,3.0,2,3,5,0.0,0.0,0.0
422,241,,1,3.0,2,3,3,0.0,0.0,0.0
422,241,,2,3.0,2,3,3,0.0,0.0,0.0
422,341,,1,3.0,2,3,3,0.002022,0.000227,8.1e-05
422,363,,1,3.0,2,3,3,0.015374,0.005131,0.001942
422,512,,2,3.0,2,3,4,0.0,0.0,0.0
423,101,,1,3.0,2,3,2,0.0,0.0,0.0
423,111,,1,4.0,2,3,2,0.0,0.0,0.0
423,132,,2,3.0,2,3,5,0.0,0.0,0.0
423,241,,1,3.0,2,3,2,0.0,0.0,0.0
423,363,,1,3.0,2,3,1,0.004563,0.001523,0.000142
423,512,,2,3.0,2,3,4,0.0,0.0,0.0
429,101,,2,3.0,2,3,2,0.003997,0.000774,0.000136
429,111,,1,4.0,2,3,2,0.001463,0.000312,5.6e-05
429,132,,2,3.0,2,3,5,0.0,0.0,0.0
429,241,,1,3.0,2,3,2,0.0,0.0,0.0
429,341,,1,3.0,2,3,2,0.00263,0.000295,5.3e-05
429,363,,1,3.0,2,3,2,0.019998,0.006674,0.001354
429,363,,5,3.0,2,3,2,0.0,0.0,0.0
429,512,,2,3.0,2,3,4,0.0,0.0,0.0
451,131,,1,4.0,2,3,3,0.0,0.0,0.0
451,132,,1,3.0,2,3,2,0.0,0.0,0.0
451,451,,1,3.0,2,3,1,0.003407,0.004007,6.8e-05
451,451,,2,3.0,2,3,1,0.0,0.0,0.0
451,512,,1,3.0,2,3,3,0.0,0.0,0.0
452,131,,1,4.0,2,3,2,0.0,0.0,0.0
452,132,,1,3.0,2,3,2,0.0,0.0,0.0
452,451,,1,3.0,2,3,2,0.005198,0.006758,0.001389
452,451,,2,3.0,2,3,2,0.0,0.0,0.0
452,512,,1,3.0,2,3,3,0.0,0.0,0.0
459,131,,1,4.0,2,3,3,0.0,0.0,0.0
459,132,,1,3.0,2,3,2,0.0,0.0,0.0
459,451,,1,3.0,2,3,2,0.007672,0.009975,0.001248
459,451,,2,3.0,2,3,2,0.0,0.0,0.0
459,451,,5,3.0,2,3,2,0.0,0.0,0.0
459,512,,1,3.0,2,3,3,0.0,0.0,0.0
460,132,,2,3.0,2,3,7,0.790496,3.630547,6.163466
460,486,,1,3.0,2,3,6,0.052472,0.110231,0.125848
460,486,,5,3.0,2,3,6,0.052472,0.110231,0.152527
460,512,,1,3.0,2,3,7,0.325155,1.316805,2.085583
460,512,,2,3.0,2,3,7,0.162577,0.658403,1.144246
471,132,,2,3.0,2,3,4,0.0,0.0,0.0
471,451,,2,3.0,2,3,5,0.0,0.0,0.0
472,132,,2,3.0,2,3,4,0.0,0.0,0.0
472,451,,2,3.0,2,3,4,0.0,0.0,0.0
473,132,,2,3.0,2,3,4,0.0,0.0,0.0
473,451,,1,3.0,2,3,3,0.0,0.0,0.0
479,132,,2,3.0,2,3,4,0.0,0.0,0.0
479,451,,2,3.0,2,3,4,0.0,0.0,0.0
479,512,,2,3.0,2,3,5,0.0,0.0,0.0
481,12,,2,3.0,2,3,4,0.0,0.0,0.0
481,61,,1,3.0,2,3,6,0.0,0.0,0.0
481,61,,5,3.0,2,3,7,0.0,0.0,0.0
481,111,,1,4.0,2,3,7,0.002286,0.000194,0.000296
481,111,,4,4.0,2,3,6,0.0,0.0,0.0
481,131,,1,4.0,2,3,5,0.003385,0.000604,0.00057
481,131,,4,4.0,2,3,5,0.0,0.0,0.0
481,132,,5,3.0,2,3,7,2.342191,1.504542,2.7261
481,212,,1,4.0,2,3,6,0.001966,0.000595,0.000617
481,212,,4,4.0,2,3,5,0.0,0.0,0.0
481,221,,2,3.0,2,3,3,0.0,0.0,0.0
481,223,,5,3.0,2,3,4,0.0,0.0,0.0
481,261,,2,3.0,2,3,6,0.0,0.0,0.0
481,363,,5,3.0,2,3,8,0.004845,0.001949,0.004751
481,451,,1,3.0,2,3,6,0.0,0.0,0.0
481,451,,2,3.0,2,3,6,0.0,0.0,0.0
481,451,,5,3.0,2,3,7,0.350143,0.205896,0.377204
481,481,,1,4.0,2,3,1,0.005501,0.001396,2.4e-05
481,482,,5,3.0,2,3,3,0.0,0.0,0.0
481,486,,1,3.0,2,3,2,12.047466,59.662609,10.482213
481,486,,1,4.0,2,3,2,0.0,0.0,0.0
481,512,,5,3.0,2,3,8,0.12235,0.059391,0.130517
481,531,,2,3.0,2,3,8,0.0,0.0,0.0
481,532,,2,3.0,2,3,8,0.0,0.0,0.0
482,12,,1,3.0,2,3,3,0.0,0.0,0.0
482,111,,4,4.0,2,3,6,0.0,0.0,0.0
482,131,,4,4.0,2,3,4,0.0,0.0,0.0
482,132,,2,3.0,2,3,6,0.324347,0.208659,0.213634
482,221,,1,3.0,2,3,2,0.0,0.0,0.0
482,223,,3,3.0,2,3,3,0.0,0.0,0.0
482,261,,2,3.0,2,3,6,0.0,0.0,0.0
482,451,,2,3.0,2,3,6,0.048896,0.028689,0.032475
482,481,,1,4.0,2,3,3,0.0,0.0,0.0
482,482,,1,3.0,2,3,1,0.0,0.0,0.0
482,482,,3,3.0,2,3,1,0.0,0.0,0.0
482,486,,1,3.0,2,3,2,1.427914,7.071451,0.747815
482,486,,1,4.0,2,3,2,0.0,0.0,0.0
482,486,,2,3.0,2,3,2,0.0,0.0,0.0
482,486,,3,3.0,2,3,2,0.0,0.0,0.0
482,486,,5,3.0,2,3,2,0.237986,1.178575,0.127532
482,512,,3,3.0,2,3,7,0.016918,0.008212,0.016091
482,531,,2,3.0,2,3,8,0.0,0.0,0.0
482,532,,2,3.0,2,3,8,0.0,0.0,0.0
483,12,,2,3.0,2,3,5,0.0,0.0,0.0
483,111,,4,4.0,2,3,6,0.0,0.0,0.0
483,131,,4,4.0,2,3,5,0.0,0.0,0.0
483,132,,2,3.0,2,3,6,0.367356,0.235977,0.315603
483,221,,1,3.0,2,3,4,0.0,0.0,0.0
483,223,,3,3.0,2,3,4,0.0,0.0,0.0
483,261,,2,3.0,2,3,7,0.0,0.0,0.0
483,451,,2,3.0,2,3,6,0.054902,0.032274,0.046654
483,481,,1,4.0,2,3,2,0.0,0.0,0.0
483,482,,3,3.0,2,3,3,0.0,0.0,0.0
483,486,,1,3.0,2,3,2,1.889562,9.357667,2.067258
483,486,,3,3.0,2,3,3,0.0,0.0,0.0
483,486,,4,4.0,2,3,2,0.0,0.0,0.0
483,512,,1,3.0,2,3,7,0.01919,0.009315,0.015042
483,512,,2,3.0,2,3,7,0.0,0.0,0.0
483,531,,2,3.0,2,3,8,0.0,0.0,0.0
483,532,,2,3.0,2,3,8,0.0,0.0,0.0
484,12,,2,3.0,2,3,4,0.0,0.0,0.0
484,61,,1,3.0,2,3,6,0.0,0.0,0.0
484,61,,1,4.0,2,3,6,0.001358,0.000319,0.000456
484,61,,2,3.0,2,3,7,0.0,0.0,0.0
484,61,,5,3.0,2,3,7,0.0,0.0,0.0
484,111,,1,4.0,2,3,6,0.008307,0.000704,0.000956
484,111,,4,4.0,2,3,6,0.0,0.0,0.0
484,131,,1,4.0,2,3,5,0.012232,0.002302,0.001885
484,131,,4,4.0,2,3,4,0.0,0.0,0.0
484,132,,2,3.0,2,3,6,4.453621,2.86085,3.331131
484,132,,5,3.0,2,3,7,4.453621,2.86085,4.831698
484,171,,4,4.0,2,3,5,0.0,0.0,0.0
484,212,,1,4.0,2,3,5,0.004405,0.001333,0.001141
484,212,,4,4.0,2,3,4,0.0,0.0,0.0
484,221,,1,3.0,2,3,3,0.0,0.0,0.0
484,223,,5,3.0,2,3,4,0.0,0.0,0.0
484,261,,2,3.0,2,3,6,0.0,0.0,0.0
484,363,,5,3.0,2,3,8,0.018427,0.00741,0.018814
484,451,,1,3.0,2,3,6,1.331523,0.782747,0.87086
484,451,,2,3.0,2,3,6,0.0,0.0,0.0
484,451,,5,3.0,2,3,7,0.0,0.0,0.0
484,481,,1,4.0,2,3,2,0.019135,0.004856,0.00106
484,482,,5,3.0,2,3,3,0.0,0.0,0.0
484,484,,1,4.0,2,3,1,0.003096,0.000268,1e-05
484,486,,1,3.0,2,3,3,32.72567,162.067169,45.473393
484,486,,1,4.0,2,3,3,0.0,0.0,0.0
484,486,,2,3.0,2,3,3,8.726845,43.217911,13.41041
484,486,,5,3.0,2,3,3,4.363423,21.608955,6.734318
484,512,,5,3.0,2,3,8,0.465293,0.225861,0.519208
484,531,,2,3.0,2,3,8,0.0,0.0,0.0
484,532,,2,3.0,2,3,8,0.0,0.0,0.0
485,12,,2,3.0,2,3,6,0.0,0.0,0.0
485,111,,4,4.0,2,3,7,0.0,0.0,0.0
485,131,,4,4.0,2,3,6,0.0,0.0,0.0
485,132,,5,3.0,2,3,8,0.382143,0.245506,0.588969
485,221,,2,3.0,2,3,6,0.0,0.0,0.0
485,223,,5,3.0,2,3,6,0.0,0.0,0.0
485,261,,2,3.0,2,3,7,0.0,0.0,0.0
485,451,,1,3.0,2,3,7,0.057096,0.033563,0.057436
485,451,,5,3.0,2,3,8,0.0,0.0,0.0
485,481,,4,4.0,2,3,3,0.0,0.0,0.0
485,482,,5,3.0,2,3,5,0.0,0.0,0.0
485,486,,1,3.0,2,3,4,1.96506,9.731558,7.156723
485,512,,5,3.0,2,3,8,0.019957,0.009687,0.026975
485,531,,2,3.0,2,3,8,0.0,0.0,0.0
485,532,,2,3.0,2,3,7,0.0,0.0,0.0
486,12,,1,3.0,2,3,4,0.0,0.0,0.0
486,61,,1,3.0,2,3,7,0.0,0.0,0.0
486,61,,2,3.0,2,3,7,0.0,0.0,0.0
486,111,,1,4.0,2,3,6,0.006964,0.000667,0.000959
486,111,,4,4.0,2,3,6,0.0,0.0,0.0
486,131,,1,4.0,2,3,5,0.010989,0.002054,0.001692
486,131,,4,4.0,2,3,4,0.0,0.0,0.0
486,132,,2,3.0,2,3,6,3.981804,2.558039,2.846736
486,132,,5,3.0,2,3,7,3.981025,2.557271,4.152783
486,171,,4,4.0,2,3,5,0.0,0.0,0.0
486,212,,1,4.0,2,3,5,0.003829,0.001159,0.00113
486,212,,4,4.0,2,3,5,0.0,0.0,0.0
486,221,,1,3.0,2,3,3,0.0,0.0,0.0
486,223,,3,3.0,2,3,3,0.0,0.0,0.0
486,261,,2,3.0,2,3,6,0.0,0.0,0.0
486,363,,5,3.0,2,3,8,0.016472,0.006624,0.014902
486,451,,2,3.0,2,3,6,1.190011,0.699582,0.854165
486,481,,1,4.0,2,3,2,0.016427,0.004169,0.000724
486,482,,3,3.0,2,3,2,0.0,0.0,0.0
486,486,,1,3.0,2,3,1,20.477089,138.931732,3.872142
486,486,,1,4.0,2,3,1,0.0,0.0,0.0
486,486,,2,3.0,2,3,1,0.0,0.0,0.0
486,486,,3,3.0,2,3,1,20.477089,101.408585,4.466493
486,512,,3,3.0,2,3,8,0.415918,0.201894,0.40498
486,531,,2,3.0,2,3,8,0.0,0.0,0.0
486,532,,2,3.0,2,3,8,0.0,0.0,0.0
487,12,,2,3.0,2,3,5,0.0,0.0,0.0
487,131,,4,4.0,2,3,5,0.0,0.0,0.0
487,132,,5,3.0,2,3,7,0.115442,0.07438,0.147176
487,221,,1,3.0,2,3,4,0.0,0.0,0.0
487,223,,5,3.0,2,3,4,0.0,0.0,0.0
487,451,,1,3.0,2,3,6,0.0,0.0,0.0
487,451,,2,3.0,2,3,7,0.017173,0.010095,0.015861
487,482,,5,3.0,2,3,3,0.0,0.0,0.0
487,486,,1,3.0,2,3,3,0.591025,2.926928,0.965517
487,512,,5,3.0,2,3,8,0.006002,0.002914,0.00689
487,532,,2,3.0,2,3,8,0.0,0.0,0.0
488,12,,2,3.0,2,3,4,0.0,0.0,0.0
488,61,,1,3.0,2,3,6,0.0,0.0,0.0
488,111,,1,4.0,2,3,7,0.00246,0.000271,0.000434
488,111,,4,4.0,2,3,6,0.0,0.0,0.0
488,131,,1,4.0,2,3,6,0.002962,0.000513,0.000514
488,131,,4,4.0,2,3,5,0.0,0.0,0.0
488,132,,5,3.0,2,3,7,1.942581,1.247849,2.291091
488,212,,4,4.0,2,3,5,0.0,0.0,0.0
488,221,,1,3.0,2,3,3,0.0,0.0,0.0
488,223,,5,3.0,2,3,4,0.0,0.0,0.0
488,261,,2,3.0,2,3,6,0.0,0.0,0.0
488,363,,5,3.0,2,3,8,0.004019,0.001616,0.003978
488,451,,1,3.0,2,3,6,0.0,0.0,0.0
488,451,,2,3.0,2,3,6,0.290606,0.170692,0.24345
488,481,,1,4.0,2,3,1,0.004796,0.001217,0.000109
488,482,,5,3.0,2,3,3,0.0,0.0,0.0
488,486,,1,3.0,2,3,2,9.159316,45.359634,9.627205
488,486,,1,4.0,2,3,2,0.0,0.0,0.0
488,486,,5,3.0,2,3,2,0.832665,4.123603,0.93171
488,512,,5,3.0,2,3,8,0.101475,0.049258,0.109437
488,531,,2,3.0,2,3,8,0.0,0.0,0.0
488,532,,2,3.0,2,3,8,0.0,0.0,0.0
489,12,,1,3.0,2,3,5,0.0,0.0,0.0
489,61,,1,3.0,2,3,6,0.0,0.0,0.0
489,61,,5,3.0,2,3,6,0.0,0.0,0.0
489,111,,1,4.0,2,3,7,0.003172,0.000281,0.000428
489,111,,4,4.0,2,3,6,0.0,0.0,0.0
489,131,,1,4.0,2,3,5,0.005372,0.000994,0.000963
489,131,,4,4.0,2,3,5,0.0,0.0,0.0
489,132,,2,3.0,2,3,6,3.760921,2.416105,3.28429
489,171,,4,4.0,2,3,5,0.0,0.0,0.0
489,212,,1,4.0,2,3,6,0.001778,0.000538,0.000555
489,212,,4,4.0,2,3,5,0.0,0.0,0.0
489,221,,1,3.0,2,3,4,0.0,0.0,0.0
489,223,,1,3.0,2,3,4,0.0,0.0,0.0
489,261,,2,3.0,2,3,6,0.0,0.0,0.0
489,363,,1,3.0,2,3,7,0.007779,0.003128,0.00545
489,451,,2,3.0,2,3,6,0.561982,0.330356,0.487579
489,481,,1,4.0,2,3,3,0.007995,0.002029,0.000536
489,482,,1,3.0,2,3,3,0.0,0.0,0.0
489,486,,1,3.0,2,3,3,14.945803,74.016029,24.587405
489,486,,1,4.0,2,3,3,0.0,0.0,0.0
489,486,,2,3.0,2,3,3,2.637495,13.061652,4.526198
489,486,,3,3.0,2,3,3,0.0,0.0,0.0
489,486,,5,3.0,2,3,3,1.75833,8.707768,3.379581
489,512,,1,3.0,2,3,7,0.0,0.0,0.0
489,512,,2,3.0,2,3,7,0.196428,0.095349,0.160692
489,531,,2,3.0,2,3,8,0.0,0.0,0.0
489,532,,2,3.0,2,3,8,0.0,0.0,0.0
491,61,,1,3.0,2,3,4,0.273211,1.109561,0.765376
491,61,,1,4.0,2,3,4,0.016602,0.003273,0.002258
491,61,,2,3.0,2,3,5,0.01438,0.058398,0.045262
491,61,,5,3.0,2,3,5,0.043139,0.175194,0.13647
491,81,,4,4.0,2,3,3,0.0,0.0,0.0
491,132,,2,3.0,2,3,8,0.0,0.0,0.0
491,531,,2,3.0,2,3,6,0.0,0.0,0.0
499,61,,1,3.0,2,3,4,0.038073,0.154622,0.085009
499,61,,1,4.0,2,3,4,0.001898,0.000366,0.000201
499,81,,4,4.0,2,3,3,0.0,0.0,0.0
499,132,,2,3.0,2,3,8,0.0,0.0,0.0
499,531,,2,3.0,2,3,6,0.0,0.0,0.0
511,61,,2,3.0,2,3,8,0.132136,0.489881,1.451706
511,111,,1,4.0,2,3,2,0.0,0.0,0.0
511,132,,2,3.0,2,3,3,0.007178,0.008507,0.004162
511,221,,2,3.0,2,3,6,0.001897,0.004996,0.005893
511,241,,2,3.0,2,3,2,0.476185,2.846137,0.471554
511,363,,4,4.0,2,3,3,0.0,0.0,0.0
511,451,,2,3.0,2,3,3,0.0,0.0,0.0
511,486,,2,3.0,2,3,6,0.0,0.0,0.0
511,512,,1,3.0,2,3,1,0.290739,0.641718,0.055459
511,512,,2,3.0,2,3,1,0.0,0.0,0.0
511,512,,5,3.0,2,3,1,0.038765,0.085562,0.007927
511,531,,2,3.0,2,3,8,0.0,0.0,0.0
512,61,,2,3.0,2,3,8,0.0,0.0,0.0
512,61,,5,3.0,2,3,8,0.126691,0.469697,2.622153
512,111,,1,4.0,2,3,2,0.0,0.0,0.0
512,132,,2,3.0,2,3,4,0.006156,0.007215,0.003648
512,221,,3,3.0,2,3,7,0.001819,0.00479,0.009011
512,241,,1,3.0,2,3,2,0.456565,2.728872,0.584303
512,363,,4,4.0,2,3,3,0.0,0.0,0.0
512,451,,2,3.0,2,3,3,0.0,0.0,0.0
512,486,,2,3.0,2,3,6,0.0,0.0,0.0
512,512,,1,3.0,2,3,1,0.29163,0.643676,0.015851
512,512,,2,3.0,2,3,1,0.012151,0.076936,0.001604
512,512,,3,3.0,2,3,1,0.012151,0.02682,0.000794
512,531,,2,3.0,2,3,8,0.0,0.0,0.0
513,12,,2,3.0,2,3,6,0.0,0.0,0.0
513,61,,2,3.0,2,3,8,0.425776,1.578528,4.678206
513,111,,1,4.0,2,3,1,0.0,0.0,0.0
513,131,,4,4.0,2,3,4,0.0,0.0,0.0
513,132,,2,3.0,2,3,4,0.020748,0.024307,0.015204
513,221,,2,3.0,2,3,6,0.006112,0.016099,0.019744
513,241,,1,3.0,2,3,1,1.534394,9.171009,0.717224
513,363,,1,4.0,2,3,3,0.0,0.0,0.0
513,451,,2,3.0,2,3,4,0.002311,0.002978,0.00158
513,486,,2,3.0,2,3,7,0.0,0.0,0.0
513,512,,1,3.0,2,3,2,0.929032,2.050555,0.353288
513,512,,5,3.0,2,3,2,0.132719,0.292936,0.067963
513,531,,2,3.0,2,3,8,0.0,0.0,0.0
519,12,,2,3.0,2,3,5,0.0,0.0,0.0
519,61,,5,3.0,2,3,8,0.155758,0.577458,1.776837
519,111,,1,4.0,2,3,2,0.0,0.0,0.0
519,131,,4,4.0,2,3,3,0.0,0.0,0.0
519,132,,2,3.0,2,3,4,0.007568,0.00887,0.005187
519,221,,3,3.0,2,3,7,0.002236,0.005889,0.010643
519,241,,1,3.0,2,3,2,0.561313,3.354946,0.787643
519,363,,4,4.0,2,3,3,0.0,0.0,0.0
519,451,,1,3.0,2,3,3,0.0,0.0,0.0
519,486,,2,3.0,2,3,6,0.0,0.0,0.0
519,512,,1,3.0,2,3,2,0.335445,0.740394,0.157838
519,512,,2,3.0,2,3,3,0.0,0.0,0.0
519,512,,5,3.0,2,3,3,0.052965,0.116904,0.030452
519,531,,2,3.0,2,3,8,0.0,0.0,0.0
531,61,,1,3.0,2,3,6,0.0,0.0,0.0
531,61,,1,4.0,2,3,6,0.006955,0.000947,0.001091
531,61,,5,3.0,2,3,6,0.0,0.0,0.0
531,64,,1,3.0,2,3,5,0.028595,0.00643,0.005199
531,132,,2,3.0,2,3,8,0.0,0.0,0.0
531,341,,2,3.0,2,3,8,0.0,0.0,0.0
531,341,,4,4.0,2,3,8,0.0,0.0,0.0
531,363,,5,3.0,2,3,8,0.0,0.0,0.0
531,411,,1,3.0,2,3,2,0.0,0.0,0.0
531,486,,1,3.0,2,3,8,0.0,0.0,0.0
531,486,,2,3.0,2,3,8,0.0,0.0,0.0
531,531,,1,3.0,2,3,1,0.700965,2.17499,0.094873
531,531,,1,4.0,2,3,1,0.0,0.0,0.0
531,531,,3,3.0,2,3,1,0.233655,0.294851,0.012851
531,532,,2,3.0,2,3,2,76.955757,406.963806,63.981069
532,61,,1,3.0,2,3,6,0.0,0.0,0.0
532,64,,2,3.0,2,3,5,0.001822,0.00041,0.000325
532,132,,2,3.0,2,3,8,0.0,0.0,0.0
532,363,,2,3.0,2,3,8,0.0,0.0,0.0
532,411,,1,3.0,2,3,1,0.0,0.0,0.0
532,486,,2,3.0,2,3,8,0.0,0.0,0.0
532,531,,1,3.0,2,3,2,0.046324,0.058457,0.009747
532,531,,1,4.0,2,3,2,0.0,0.0,0.0
532,531,,2,3.0,2,3,2,0.006618,0.008351,0.001526
532,531,,5,3.0,2,3,2,0.006618,0.008351,0.001568
532,532,,2,3.0,2,3,1,4.904072,25.93412,1.345826
539,61,,1,3.0,2,3,6,0.0,0.0,0.0
539,61,,1,4.0,2,3,6,0.001304,0.000173,0.000212
539,64,,1,3.0,2,3,5,0.005775,0.001299,0.001137
539,132,,2,3.0,2,3,8,0.0,0.0,0.0
539,341,,2,3.0,2,3,8,0.0,0.0,0.0
539,341,,4,4.0,2,3,8,0.0,0.0,0.0
539,363,,5,3.0,2,3,8,0.0,0.0,0.0
539,411,,3,3.0,2,3,3,0.0,0.0,0.0
539,486,,1,3.0,2,3,8,0.0,0.0,0.0
539,486,,2,3.0,2,3,8,0.0,0.0,0.0
539,531,,1,3.0,2,3,2,0.09477,0.119996,0.027317
539,531,,1,4.0,2,3,2,0.0,0.0,0.0
539,531,,2,3.0,2,3,3,0.094381,0.1191,0.031777
539,532,,2,3.0,2,3,3,15.54247,82.192993,26.723891
551,111,,4,4.0,2,3,4,0.0,0.0,0.0
551,131,,1,4.0,2,3,5,0.001314,0.000111,9.5e-05
551,131,,4,4.0,2,3,4,0.0,0.0,0.0
551,132,,2,3.0,2,3,6,0.0,0.0,0.0
551,171,,1,4.0,2,3,2,0.003814,0.000464,4.8e-05
551,171,,3,3.0,2,3,2,0.0,0.0,0.0
551,261,,3,3.0,2,3,4,0.0,0.0,0.0
551,341,,1,3.0,2,3,5,0.001774,0.001674,0.001526
551,363,,1,3.0,2,3,5,0.007771,0.000658,0.000614
551,512,,1,3.0,2,3,6,0.005982,0.001158,0.00116
559,111,,4,4.0,2,3,5,0.0,0.0,0.0
559,131,,1,4.0,2,3,5,0.002727,0.000231,0.000219
559,131,,4,4.0,2,3,5,0.0,0.0,0.0
559,132,,2,3.0,2,3,6,0.0,0.0,0.0
559,171,,1,4.0,2,3,2,0.005636,0.000686,0.000157
559,171,,3,3.0,2,3,4,0.0,0.0,0.0
559,261,,3,3.0,2,3,5,0.0,0.0,0.0
559,363,,1,3.0,2,3,6,0.005742,0.000486,0.000524
559,363,,2,3.0,2,3,6,0.005742,0.001113,0.001301
559,512,,1,3.0,2,3,6,0.008841,0.001711,0.00195
559,512,,2,3.0,2,3,6,0.0,0.0,0.0
11,12,,1,3.0,2,3,3,0.010032,0.027005,0.006781
11,12,,2,3.0,2,3,3,0.0,0.0,0.0
11,12,,3,3.0,2,3,3,0.009975,0.027034,0.01106
11,12,,5,3.0,2,3,3,0.009969,0.026935,0.007616
11,131,,1,4.0,2,3,2,0.0,0.0,0.0
11,132,,1,3.0,2,3,3,0.006195,0.00441,0.001713
11,171,,2,3.0,2,3,5,0.0,0.0,0.0
11,451,,2,3.0,2,3,4,0.0,0.0,0.0
11,512,,2,3.0,2,3,5,0.0,0.0,0.0
12,12,,1,3.0,2,3,1,0.01,0.026243,0.000599
12,12,,2,3.0,2,3,1,0.000673,0.004259,9.7e-05
12,12,,3,3.0,2,3,1,0.000673,0.00182,3.4e-05
12,12,,5,3.0,2,3,1,0.0,0.0,0.0
12,131,,4,4.0,2,3,3,0.0,0.0,0.0
12,132,,1,3.0,2,3,4,0.002101,0.001508,0.00076
12,171,,2,3.0,2,3,5,0.0,0.0,0.0
19,12,,1,3.0,2,3,2,0.038669,0.104559,0.023942
19,12,,2,3.0,2,3,3,0.0,0.0,0.0
19,12,,5,3.0,2,3,3,0.00663,0.017621,0.005388
19,131,,1,4.0,2,3,2,0.001374,0.000116,2.4e-05
19,132,,1,3.0,2,3,3,0.006832,0.004905,0.001823
19,132,,2,3.0,2,3,3,0.001952,0.001401,0.000585
19,171,,2,3.0,2,3,5,0.0,0.0,0.0
19,451,,1,3.0,2,3,3,0.0,0.0,0.0
19,512,,2,3.0,2,3,5,0.0,0.0,0.0
20,12,,5,3.0,2,3,8,0.0,0.0,0.0
41,12,,2,3.0,2,3,7,0.0,0.0,0.0
41,41,,1,4.0,2,3,1,0.009909,0.011128,0.000183
41,61,,1,3.0,2,3,3,0.602251,0.954159,0.37021
41,61,,1,4.0,2,3,3,0.051886,0.011848,0.004597
41,61,,2,3.0,2,3,4,0.04015,0.063611,0.033394
41,61,,5,3.0,2,3,4,0.04015,0.063611,0.033417
41,64,,5,3.0,2,3,5,0.224736,0.500905,0.46765
41,132,,5,3.0,2,3,8,0.0,0.0,0.0
41,321,,4,4.0,2,3,3,0.0,0.0,0.0
41,451,,5,3.0,2,3,8,0.0,0.0,0.0
41,486,,2,3.0,2,3,6,0.0,0.0,0.0
41,531,,2,3.0,2,3,7,0.0,0.0,0.0
42,12,,2,3.0,2,3,7,0.0,0.0,0.0
42,41,,1,4.0,2,3,2,0.001612,0.00181,0.000264
42,61,,1,3.0,2,3,4,0.111042,0.175927,0.091599
42,61,,1,4.0,2,3,4,0.008441,0.001927,0.001003
42,64,,5,3.0,2,3,5,0.036562,0.081491,0.077811
42,132,,5,3.0,2,3,8,0.0,0.0,0.0
42,321,,4,4.0,2,3,3,0.0,0.0,0.0
42,451,,5,3.0,2,3,8,0.0,0.0,0.0
42,486,,2,3.0,2,3,6,0.0,0.0,0.0
42,531,,2,3.0,2,3,7,0.0,0.0,0.0
49,12,,2,3.0,2,3,7,0.0,0.0,0.0
49,41,,1,4.0,2,3,2,0.001168,0.001311,0.000164
49,61,,1,3.0,2,3,3,0.080425,0.127419,0.057846
49,61,,1,4.0,2,3,3,0.006114,0.001396,0.000634
49,64,,5,3.0,2,3,5,0.027374,0.059135,0.054756
49,132,,1,3.0,2,3,8,0.0,0.0,0.0
49,321,,1,4.0,2,3,3,0.0,0.0,0.0
49,451,,5,3.0,2,3,8,0.0,0.0,0.0
49,486,,2,3.0,2,3,6,0.0,0.0,0.0
49,531,,2,3.0,2,3,7,0.0,0.0,0.0
50,12,,1,3.0,2,3,3,0.160117,0.118426,0.057984
50,61,,1,3.0,2,3,7,2.092464,4.754215,7.966447
50,61,,5,3.0,2,3,7,0.557991,1.267791,2.378215
50,64,,2,3.0,2,3,8,0.0,0.0,0.0
50,132,,1,3.0,2,3,5,5.356356,4.537529,3.531858
50,132,,2,3.0,2,3,5,0.0,0.0,0.0
50,132,,5,3.0,2,3,5,1.071267,0.907502,0.83613
50,279,,2,3.0,2,3,6,0.0,0.0,0.0
50,363,,5,3.0,2,3,7,0.0,0.0,0.0
50,451,,1,3.0,2,3,5,4.684832,3.417496,2.885444
50,451,,5,3.0,2,3,6,1.561604,1.139159,1.346523
50,486,,1,3.0,2,3,4,0.0,0.0,0.0
50,486,,2,3.0,2,3,4,0.0,0.0,0.0
50,486,,5,3.0,2,3,4,0.0,0.0,0.0
50,512,,3,3.0,2,3,8,0.10828,0.064485,0.153929
50,532,,2,3.0,2,3,8,0.0,0.0,0.0
61,12,,2,3.0,2,3,8,0.0,0.0,0.0
61,20,,4,4.0,2,3,7,0.0,0.0,0.0
61,61,,1,3.0,2,3,1,1.600185,3.818579,0.179764
61,61,,1,4.0,2,3,1,0.117294,0.051233,0.002412
61,61,,2,3.0,2,3,1,0.373377,0.773697,0.060729
61,61,,3,3.0,2,3,1,0.106679,0.221056,0.011469
61,61,,5,3.0,2,3,1,0.373377,0.773697,0.06289
61,64,,1,3.0,2,3,3,87.224724,158.088318,63.415176
61,64,,1,4.0,2,3,3,0.028976,0.014581,0.005849
61,64,,4,4.0,2,3,3,0.0,0.0,0.0
61,64,,5,3.0,2,3,3,43.612362,79.044159,38.244841
61,111,,4,4.0,2,3,8,0.0,0.0,0.0
61,132,,5,3.0,2,3,8,0.048582,0.061847,0.200691
61,171,,4,4.0,2,3,7,0.0,0.0,0.0
61,241,,2,3.0,2,3,8,0.0,0.0,0.0
61,279,,2,3.0,2,3,8,0.0,0.0,0.0
61,321,,1,4.0,2,3,3,0.004416,0.000409,0.00011
61,341,,4,4.0,2,3,8,0.0,0.0,0.0
61,341,,5,3.0,2,3,8,0.0,0.0,0.0
61,363,,2,3.0,2,3,8,0.078861,0.043335,0.135069
61,451,,2,3.0,2,3,8,0.0,0.0,0.0
61,451,,5,3.0,2,3,8,0.00786,0.012518,0.040872
61,486,,1,3.0,2,3,7,0.0,0.0,0.0
61,486,,5,3.0,2,3,7,0.0,0.0,0.0
61,512,,5,3.0,2,3,8,0.000944,0.001168,0.004923
61,531,,1,3.0,2,3,6,0.019634,0.037786,0.04381
61,531,,2,3.0,2,3,6,0.039269,0.075572,0.097095
61,531,,5,3.0,2,3,6,0.039269,0.075572,0.107809
61,532,,2,3.0,2,3,6,0.0,0.0,0.0
62,20,,4,4.0,2,3,7,0.0,0.0,0.0
62,61,,1,3.0,2,3,3,0.276952,0.57389,0.240215
62,61,,1,4.0,2,3,3,0.01324,0.005783,0.002421
62,61,,4,4.0,2,3,3,0.0,0.0,0.0
62,64,,1,3.0,2,3,2,14.768238,26.766331,2.724141
62,64,,1,4.0,2,3,2,0.003271,0.001646,0.000168
62,111,,4,4.0,2,3,8,0.0,0.0,0.0
62,132,,2,3.0,2,3,8,0.005596,0.007083,0.021388
62,241,,2,3.0,2,3,8,0.0,0.0,0.0
62,279,,2,3.0,2,3,8,0.0,0.0,0.0
62,363,,2,3.0,2,3,8,0.008901,0.004891,0.014995
62,451,,2,3.0,2,3,8,0.000887,0.001413,0.004298
62,486,,1,3.0,2,3,7,0.0,0.0,0.0
62,512,,2,3.0,2,3,8,0.0,0.0,0.0
62,531,,5,3.0,2,3,6,0.011081,0.021326,0.022673
62,532,,2,3.0,2,3,4,0.0,0.0,0.0
63,20,,4,4.0,2,3,8,0.0,0.0,0.0
63,61,,1,3.0,2,3,2,0.449567,0.930202,0.117814
63,61,,1,4.0,2,3,2,0.022797,0.009957,0.001261
63,61,,2,3.0,2,3,2,0.0,0.0,0.0
63,61,,5,3.0,2,3,2,0.028051,0.058127,0.008926
63,64,,1,3.0,2,3,3,25.428963,46.0881,22.767045
63,64,,1,4.0,2,3,3,0.005632,0.002834,0.0014
63,64,,4,4.0,2,3,3,0.0,0.0,0.0
63,111,,4,4.0,2,3,8,0.0,0.0,0.0
63,132,,2,3.0,2,3,8,0.009729,0.012207,0.034719
63,171,,4,4.0,2,3,7,0.0,0.0,0.0
63,241,,2,3.0,2,3,8,0.0,0.0,0.0
63,279,,2,3.0,2,3,8,0.0,0.0,0.0
63,321,,1,4.0,2,3,3,0.0,0.0,0.0
63,363,,2,3.0,2,3,8,0.0,0.0,0.0
63,363,,5,3.0,2,3,8,0.015327,0.008422,0.048656
63,451,,2,3.0,2,3,8,0.001615,0.002566,0.007696
63,486,,1,3.0,2,3,6,0.0,0.0,0.0
63,512,,2,3.0,2,3,8,0.0,0.0,0.0
63,531,,3,3.0,2,3,7,0.01908,0.03672,0.055449
63,532,,2,3.0,2,3,6,0.0,0.0,0.0
64,12,,2,3.0,2,3,8,0.0,0.0,0.0
64,20,,4,4.0,2,3,7,0.0,0.0,0.0
64,61,,1,3.0,2,3,3,1.44299,2.990112,1.156731
64,61,,1,4.0,2,3,3,0.11037,0.048209,0.01865
64,61,,3,3.0,2,3,3,0.288598,0.598022,0.283856
64,61,,4,4.0,2,3,3,0.0,0.0,0.0
64,61,,5,3.0,2,3,3,0.577196,1.196045,0.558102
64,64,,1,3.0,2,3,1,123.113998,223.134949,9.402585
64,64,,1,4.0,2,3,1,0.027266,0.01372,0.000578
64,111,,4,4.0,2,3,8,0.0,0.0,0.0
64,132,,2,3.0,2,3,8,0.045952,0.058343,0.180449
64,171,,4,4.0,2,3,7,0.0,0.0,0.0
64,241,,2,3.0,2,3,8,0.0,0.0,0.0
64,279,,2,3.0,2,3,8,0.0,0.0,0.0
64,321,,1,4.0,2,3,4,0.005123,0.000477,0.000265
64,321,,4,4.0,2,3,3,0.0,0.0,0.0
64,341,,4,4.0,2,3,8,0.0,0.0,0.0
64,341,,5,3.0,2,3,8,0.0,0.0,0.0
64,363,,2,3.0,2,3,8,0.0,0.0,0.0
64,363,,5,3.0,2,3,8,0.074206,0.040777,0.255943
64,451,,2,3.0,2,3,8,0.007396,0.011779,0.0373
64,486,,1,3.0,2,3,7,0.0,0.0,0.0
64,512,,5,3.0,2,3,8,0.000888,0.001099,0.006634
64,531,,1,3.0,2,3,5,0.046188,0.088889,0.072642
64,531,,5,3.0,2,3,6,0.046188,0.088889,0.0937
64,532,,2,3.0,2,3,5,0.0,0.0,0.0
65,61,,1,3.0,2,3,3,0.081467,0.168813,0.042737
65,61,,1,4.0,2,3,3,0.003894,0.001701,0.000431
65,61,,5,3.0,2,3,3,0.0,0.0,0.0
65,64,,1,3.0,2,3,2,4.054559,7.348586,1.225016
65,64,,1,4.0,2,3,2,0.0,0.0,0.0
65,64,,2,3.0,2,3,2,0.289611,0.524899,0.095839
65,132,,5,3.0,2,3,8,0.001613,0.002053,0.007173
65,279,,2,3.0,2,3,8,0.0,0.0,0.0
65,363,,5,3.0,2,3,8,0.002618,0.001439,0.005928
65,451,,5,3.0,2,3,8,0.0,0.0,0.0
65,486,,1,3.0,2,3,7,0.0,0.0,0.0
65,512,,5,3.0,2,3,8,0.0,0.0,0.0
65,531,,5,3.0,2,3,6,0.00326,0.006273,0.007009
65,532,,2,3.0,2,3,5,0.0,0.0,0.0
69,20,,4,4.0,2,3,7,0.0,0.0,0.0
69,61,,1,3.0,2,3,3,0.306749,0.635633,0.190166
69,61,,1,4.0,2,3,3,0.015792,0.006898,0.002064
69,61,,2,3.0,2,3,3,0.023596,0.048895,0.015203
69,64,,1,3.0,2,3,2,16.688227,30.246166,6.140968
69,64,,1,4.0,2,3,2,0.003901,0.001963,0.000399
69,64,,2,3.0,2,3,2,0.927124,1.680343,0.366176
69,111,,4,4.0,2,3,8,0.0,0.0,0.0
69,132,,2,3.0,2,3,8,0.006541,0.008327,0.024376
69,171,,4,4.0,2,3,7,0.0,0.0,0.0
69,241,,2,3.0,2,3,8,0.0,0.0,0.0
69,279,,2,3.0,2,3,8,0.0,0.0,0.0
69,321,,4,4.0,2,3,3,0.0,0.0,0.0
69,363,,2,3.0,2,3,8,0.010618,0.005834,0.018472
69,451,,2,3.0,2,3,8,0.001319,0.002101,0.006387
69,486,,1,3.0,2,3,7,0.0,0.0,0.0
69,512,,5,3.0,2,3,8,0.0,0.0,0.0
69,531,,1,3.0,2,3,5,0.013217,0.025437,0.022081
69,532,,2,3.0,2,3,5,0.0,0.0,0.0
81,61,,5,3.0,2,3,6,1.744393,8.841186,11.089608
81,64,,1,3.0,2,3,6,0.704453,3.676682,4.655293
81,64,,2,3.0,2,3,6,0.176113,0.91917,1.269501
81,64,,5,3.0,2,3,6,0.176113,0.91917,1.269813
81,81,,1,4.0,2,3,1,1.157253,0.098034,0.001407
81,132,,5,3.0,2,3,7,0.179127,0.110307,0.206705
81,321,,4,4.0,2,3,4,0.0,0.0,0.0
81,363,,1,3.0,2,3,7,0.0,0.0,0.0
81,486,,5,3.0,2,3,6,0.027954,0.05408,0.05741
81,489,,2,3.0,2,3,5,0.0,0.0,0.0
81,512,,1,3.0,2,3,7,0.033501,0.033336,0.058724
81,512,,5,3.0,2,3,8,0.0,0.0,0.0
81,531,,5,3.0,2,3,7,0.094419,0.266316,0.411039
89,61,,1,3.0,2,3,5,0.537634,2.724913,2.664653
89,61,,2,3.0,2,3,6,0.076805,0.389273,0.477791
89,64,,1,3.0,2,3,6,0.372201,1.942591,2.328588
89,64,,2,3.0,2,3,6,0.0,0.0,0.0
89,81,,1,4.0,2,3,2,0.407626,0.034531,0.005747
89,132,,5,3.0,2,3,8,0.063081,0.038846,0.080681
89,363,,1,3.0,2,3,7,0.0,0.0,0.0
89,486,,1,3.0,2,3,6,0.004923,0.009524,0.010572
89,486,,2,3.0,2,3,6,0.004923,0.009524,0.010881
89,486,,5,3.0,2,3,6,0.0,0.0,0.0
89,489,,2,3.0,2,3,6,0.0,0.0,0.0
89,512,,1,3.0,2,3,7,0.0118,0.011742,0.021574
89,531,,1,3.0,2,3,6,0.033258,0.093806,0.12481
91,531,,2,3.0,2,3,8,0.0,0.0,0.0
92,512,,2,3.0,2,3,4,0.0,0.0,0.0
92,531,,2,3.0,2,3,8,0.0,0.0,0.0
99,531,,2,3.0,2,3,8,0.0,0.0,0.0
101,61,,1,4.0,2,3,8,0.09469,0.018244,0.051016
101,64,,1,4.0,2,3,8,0.066859,0.013685,0.041297
101,363,,1,3.0,2,3,2,0.0,0.0,0.0
101,531,,2,3.0,2,3,8,5.916283,35.09621,106.853012
101,532,,2,3.0,2,3,8,0.0,0.0,0.0
109,61,,1,4.0,2,3,8,0.01296,0.002497,0.007008
109,64,,4,4.0,2,3,8,0.010113,0.002357,0.005919
109,363,,1,3.0,2,3,2,0.0,0.0,0.0
109,531,,2,3.0,2,3,8,0.809775,4.803696,14.86858
109,532,,2,3.0,2,3,8,0.0,0.0,0.0
121,12,,2,3.0,2,3,3,0.0,0.0,0.0
121,122,,1,4.0,2,3,3,0.0,0.0,0.0
121,122,,5,3.0,2,3,3,0.003115,0.001853,0.000653
121,131,,4,4.0,2,3,3,0.0,0.0,0.0
121,132,,1,3.0,2,3,2,0.003198,0.003128,0.000495
121,451,,2,3.0,2,3,3,0.0,0.0,0.0
122,12,,2,3.0,2,3,5,0.0,0.0,0.0
122,61,,2,3.0,2,3,8,0.0012,0.000268,0.000795
122,111,,4,4.0,2,3,5,0.0,0.0,0.0
122,122,,1,3.0,2,3,1,0.00434,0.002582,0.0001
122,122,,1,4.0,2,3,1,0.0,0.0,0.0
122,122,,2,3.0,2,3,1,0.00434,0.027478,0.001361
122,122,,3,3.0,2,3,1,0.00434,0.002582,0.000119
122,131,,1,4.0,2,3,4,0.001672,0.00022,0.000147
122,131,,4,4.0,2,3,4,0.0,0.0,0.0
122,132,,1,3.0,2,3,3,0.009334,0.01068,0.004952
122,451,,1,3.0,2,3,4,0.0,0.0,0.0
122,512,,3,3.0,2,3,5,0.0,0.0,0.0
123,12,,2,3.0,2,3,4,0.0,0.0,0.0
123,122,,1,3.0,2,3,2,0.004911,0.002922,0.000676
123,122,,1,4.0,2,3,2,0.0,0.0,0.0
123,122,,2,3.0,2,3,3,0.001228,0.00073,0.000183
123,131,,4,4.0,2,3,3,0.0,0.0,0.0
123,132,,1,3.0,2,3,3,0.004401,0.005036,0.001317
123,132,,5,3.0,2,3,3,0.0,0.0,0.0
123,451,,1,3.0,2,3,3,0.0,0.0,0.0
123,512,,2,3.0,2,3,5,0.0,0.0,0.0
124,12,,2,3.0,2,3,4,0.0,0.0,0.0
124,122,,1,3.0,2,3,3,0.006121,0.003641,0.000922
124,122,,1,4.0,2,3,3,0.0,0.0,0.0
124,131,,4,4.0,2,3,3,0.0,0.0,0.0
124,132,,1,3.0,2,3,3,0.004389,0.005021,0.001643
124,451,,2,3.0,2,3,3,0.0,0.0,0.0
124,512,,2,3.0,2,3,5,0.0,0.0,0.0
129,12,,1,3.0,2,3,3,0.0,0.0,0.0
129,111,,4,4.0,2,3,5,0.0,0.0,0.0
129,122,,1,3.0,2,3,2,0.008064,0.004797,0.001188
129,122,,1,4.0,2,3,2,0.0,0.0,0.0
129,131,,4,4.0,2,3,3,0.0,0.0,0.0
129,132,,1,3.0,2,3,3,0.006021,0.006763,0.002403
129,451,,1,3.0,2,3,3,0.0,0.0,0.0
129,451,,5,3.0,2,3,4,0.0,0.0,0.0
129,512,,2,3.0,2,3,5,0.0,0.0,0.0
131,12,,2,3.0,2,3,3,0.0,0.0,0.0
131,61,,1,3.0,2,3,8,0.0,0.0,0.0
131,61,,5,3.0,2,3,8,0.0,0.0,0.0
131,131,,1,4.0,2,3,1,0.002971,0.000252,9e-06
131,132,,1,3.0,2,3,3,0.256153,0.27256,0.070476
131,132,,2,3.0,2,3,3,0.012198,0.012979,0.003901
131,132,,5,3.0,2,3,3,0.0,0.0,0.0
131,451,,1,3.0,2,3,3,0.001663,0.00254,0.000811
131,512,,1,3.0,2,3,4,0.002025,0.003244,0.001903
132,61,,2,3.0,2,3,8,0.0,0.0,0.0
132,132,,1,3.0,2,3,1,0.012547,0.013351,0.000457
132,132,,2,3.0,2,3,1,0.001568,0.001669,5.8e-05
139,12,,1,3.0,2,3,3,0.0,0.0,0.0
139,61,,1,3.0,2,3,8,0.0,0.0,0.0
139,131,,1,4.0,2,3,2,0.0,0.0,0.0
139,132,,1,3.0,2,3,2,0.051999,0.05533,0.010232
139,132,,2,3.0,2,3,2,0.009454,0.01006,0.002071
139,132,,5,3.0,2,3,2,0.004727,0.00503,0.001145
139,451,,1,3.0,2,3,3,0.0,0.0,0.0
139,512,,1,3.0,2,3,4,0.0,0.0,0.0
151,151,,1,3.0,2,3,1,0.0,0.0,0.0
151,151,,1,4.0,2,3,1,0.0,0.0,0.0
159,151,,3,3.0,2,3,2,0.0,0.0,0.0
159,151,,4,4.0,2,3,2,0.0,0.0,0.0
160,61,,2,3.0,2,3,6,0.0,0.0,0.0
160,61,,4,4.0,2,3,4,0.0,0.0,0.0
160,64,,1,3.0,2,3,5,0.42506,0.089099,0.0685
160,64,,2,3.0,2,3,6,0.107179,0.022391,0.023354
160,64,,4,4.0,2,3,4,0.0,0.0,0.0
160,531,,1,3.0,2,3,4,0.96539,0.715357,0.404026
160,531,,2,3.0,2,3,4,0.241348,0.178839,0.118221
171,12,,2,3.0,2,3,5,0.0,0.0,0.0
171,61,,2,3.0,2,3,8,77.883087,465.407043,1023.95471
171,61,,4,4.0,2,3,7,0.0,0.0,0.0
171,64,,1,3.0,2,3,8,0.625284,2.245884,4.76672
171,81,,4,4.0,2,3,5,0.0,0.0,0.0
171,91,,4,4.0,2,3,5,0.0,0.0,0.0
171,131,,1,4.0,2,3,4,0.007462,0.000632,0.000471
171,131,,4,4.0,2,3,4,0.0,0.0,0.0
171,132,,2,3.0,2,3,6,0.112008,0.288298,0.302488
171,171,,1,3.0,2,3,1,0.020536,0.13933,0.003637
171,171,,1,4.0,2,3,1,0.257669,0.021828,0.00057
171,171,,2,3.0,2,3,1,0.0,0.0,0.0
171,171,,3,3.0,2,3,1,0.020536,0.105803,0.002092
171,211,,1,4.0,2,3,3,0.033817,0.049534,0.016253
171,211,,4,4.0,2,3,3,0.0,0.0,0.0
171,221,,2,3.0,2,3,5,0.0,0.0,0.0
171,223,,1,3.0,2,3,5,19.024715,120.163788,113.530523
171,223,,2,3.0,2,3,5,4.756179,30.040947,28.623943
171,223,,5,3.0,2,3,5,4.756179,30.040947,28.437284
171,241,,1,3.0,2,3,5,0.0,0.0,0.0
171,241,,2,3.0,2,3,5,0.0,0.0,0.0
171,279,,3,3.0,2,3,5,0.0,0.0,0.0
171,341,,1,3.0,2,3,5,0.0,0.0,0.0
171,341,,2,3.0,2,3,5,0.0,0.0,0.0
171,341,,5,3.0,2,3,5,0.0,0.0,0.0
171,363,,1,3.0,2,3,5,0.0,0.0,0.0
171,363,,5,3.0,2,3,5,0.0,0.0,0.0
171,451,,2,3.0,2,3,6,0.018959,0.009166,0.009752
171,483,,3,3.0,2,3,7,22.903908,134.792419,236.42207
171,486,,1,3.0,2,3,6,51.465157,287.343384,321.700152
171,486,,5,3.0,2,3,6,0.0,0.0,0.0
171,512,,1,3.0,2,3,5,5.899526,11.141245,10.072077
171,512,,2,3.0,2,3,6,0.0,0.0,0.0
171,512,,5,3.0,2,3,6,0.49158,0.928407,0.932026
171,531,,2,3.0,2,3,8,21.553888,130.134689,287.886194
172,12,,2,3.0,2,3,5,0.0,0.0,0.0
172,61,,1,3.0,2,3,7,2.240025,13.385746,25.371157
172,61,,4,4.0,2,3,7,0.0,0.0,0.0
172,61,,5,3.0,2,3,8,0.448005,2.677149,5.531234
172,64,,2,3.0,2,3,8,0.021581,0.077514,0.172141
172,132,,2,3.0,2,3,5,0.003866,0.00995,0.009632
172,171,,1,3.0,2,3,3,0.000773,0.003984,0.001147
172,171,,1,4.0,2,3,3,0.008893,0.000753,0.000217
172,171,,5,3.0,2,3,3,0.000644,0.00332,0.000932
172,211,,1,4.0,2,3,3,0.001167,0.00171,0.000598
172,211,,4,4.0,2,3,3,0.0,0.0,0.0
172,221,,2,3.0,2,3,4,0.0,0.0,0.0
172,223,,3,3.0,2,3,6,0.984919,6.220936,6.322272
172,241,,2,3.0,2,3,5,0.0,0.0,0.0
172,279,,2,3.0,2,3,5,0.0,0.0,0.0
172,341,,2,3.0,2,3,6,0.0,0.0,0.0
172,363,,1,3.0,2,3,5,0.0,0.0,0.0
172,451,,5,3.0,2,3,6,0.0,0.0,0.0
172,483,,3,3.0,2,3,6,0.790497,4.652178,6.529151
172,486,,1,3.0,2,3,5,1.77625,9.917269,8.749052
172,512,,1,3.0,2,3,5,0.220891,0.416644,0.392408
172,512,,2,3.0,2,3,6,0.0,0.0,0.0
172,512,,5,3.0,2,3,6,0.0,0.0,0.0
172,531,,2,3.0,2,3,8,0.743903,4.491423,10.460382
179,12,,2,3.0,2,3,5,0.0,0.0,0.0
179,61,,1,3.0,2,3,7,11.8117,70.583344,139.118529
179,61,,2,3.0,2,3,8,1.865292,11.144802,24.064386
179,61,,4,4.0,2,3,7,0.0,0.0,0.0
179,61,,5,3.0,2,3,8,1.865569,11.144864,24.148379
179,64,,1,3.0,2,3,8,0.124777,0.44817,0.94407
179,91,,4,4.0,2,3,5,0.0,0.0,0.0
179,131,,1,4.0,2,3,4,0.00201,0.00017,0.000106
179,131,,4,4.0,2,3,3,0.0,0.0,0.0
179,132,,2,3.0,2,3,6,0.022352,0.05753,0.058288
179,171,,1,3.0,2,3,2,0.004314,0.022224,0.004377
179,171,,1,4.0,2,3,2,0.051418,0.004356,0.000858
179,171,,5,3.0,2,3,2,0.003882,0.020002,0.003762
179,211,,1,4.0,2,3,3,0.006748,0.009885,0.003157
179,211,,4,4.0,2,3,3,0.0,0.0,0.0
179,221,,2,3.0,2,3,5,0.0,0.0,0.0
179,223,,1,3.0,2,3,5,5.694625,35.968353,29.138533
179,223,,5,3.0,2,3,5,0.0,0.0,0.0
179,241,,1,3.0,2,3,5,0.0,0.0,0.0
179,279,,2,3.0,2,3,4,0.0,0.0,0.0
179,341,,1,3.0,2,3,5,0.0,0.0,0.0
179,341,,2,3.0,2,3,6,0.0,0.0,0.0
179,341,,5,3.0,2,3,6,0.0,0.0,0.0
179,363,,1,3.0,2,3,5,0.0,0.0,0.0
179,451,,2,3.0,2,3,6,0.003783,0.001829,0.001918
179,483,,3,3.0,2,3,7,4.570516,26.898071,43.176089
179,486,,1,3.0,2,3,5,5.868552,32.765656,32.378865
179,486,,2,3.0,2,3,5,1.467138,8.191414,7.986922
179,486,,5,3.0,2,3,6,2.934276,16.382828,16.678303
179,512,,1,3.0,2,3,5,1.093181,2.064458,1.893275
179,512,,2,3.0,2,3,6,0.182178,0.344064,0.370005
179,512,,5,3.0,2,3,6,0.0,0.0,0.0
179,531,,1,3.0,2,3,8,0.0,0.0,0.0
179,531,,2,3.0,2,3,8,4.301118,25.968611,59.593403
181,61,,1,3.0,2,3,8,0.846553,1.387415,2.845432
181,61,,2,3.0,2,3,8,0.141092,0.231236,0.526203
181,61,,5,3.0,2,3,8,0.141092,0.231236,0.526662
181,64,,2,3.0,2,3,8,0.010856,0.018071,0.04164
181,101,,2,3.0,2,3,5,0.0,0.0,0.0
181,132,,2,3.0,2,3,6,0.169185,0.124239,0.126674
181,171,,1,4.0,2,3,1,0.0,0.0,0.0
181,171,,2,3.0,2,3,1,0.0,0.0,0.0
181,279,,3,3.0,2,3,5,0.0,0.0,0.0
181,363,,1,3.0,2,3,5,0.0,0.0,0.0
181,451,,2,3.0,2,3,6,0.022116,0.012696,0.013141
181,512,,1,3.0,2,3,5,0.0,0.0,0.0
181,512,,2,3.0,2,3,5,0.340398,0.476979,0.466785
181,531,,1,3.0,2,3,8,0.018131,0.031877,0.069613
182,61,,1,3.0,2,3,8,2.822268,4.625412,9.871419
182,61,,2,3.0,2,3,8,0.282227,0.462541,1.058834
182,61,,5,3.0,2,3,8,1.693361,2.775247,6.358355
182,64,,5,3.0,2,3,8,0.046143,0.076814,0.187748
182,101,,1,3.0,2,3,4,0.0,0.0,0.0
182,131,,4,4.0,2,3,3,0.0,0.0,0.0
182,132,,1,3.0,2,3,5,0.359572,0.264047,0.205849
182,132,,5,3.0,2,3,5,0.359572,0.264047,0.238883
182,171,,1,4.0,2,3,2,0.0,0.0,0.0
182,171,,2,3.0,2,3,3,0.0,0.0,0.0
182,211,,1,4.0,2,3,2,0.0,0.0,0.0
182,279,,2,3.0,2,3,5,0.0,0.0,0.0
182,363,,1,3.0,2,3,4,0.0,0.0,0.0
182,363,,5,3.0,2,3,5,0.0,0.0,0.0
182,451,,5,3.0,2,3,5,0.094019,0.053974,0.050464
182,512,,1,3.0,2,3,4,0.826805,1.158552,0.842261
182,512,,5,3.0,2,3,5,0.620104,0.868914,0.748521
182,531,,5,3.0,2,3,8,0.07707,0.135499,0.328753
183,61,,1,3.0,2,3,8,0.909875,1.491192,3.239405
183,61,,5,3.0,2,3,8,0.170601,0.279599,0.657241
183,64,,5,3.0,2,3,8,0.010392,0.017298,0.041819
183,101,,1,3.0,2,3,4,0.0,0.0,0.0
183,132,,1,3.0,2,3,5,0.161951,0.118927,0.100323
183,171,,1,4.0,2,3,2,0.0,0.0,0.0
183,171,,2,3.0,2,3,2,0.0,0.0,0.0
183,279,,2,3.0,2,3,4,0.0,0.0,0.0
183,363,,1,3.0,2,3,4,0.0,0.0,0.0
183,363,,2,3.0,2,3,5,0.0,0.0,0.0
183,363,,5,3.0,2,3,5,0.0,0.0,0.0
183,451,,1,3.0,2,3,5,0.02117,0.012153,0.009507
183,512,,1,3.0,2,3,4,0.244383,0.342439,0.250497
183,512,,5,3.0,2,3,5,0.081461,0.114146,0.098079
183,531,,1,3.0,2,3,8,0.017356,0.030514,0.069986
189,61,,1,3.0,2,3,8,4.146529,6.79574,14.360287
189,64,,1,3.0,2,3,8,0.039879,0.066386,0.150722
189,101,,1,3.0,2,3,4,0.0,0.0,0.0
189,131,,4,4.0,2,3,3,0.0,0.0,0.0
189,132,,1,3.0,2,3,5,0.621518,0.456403,0.35385
189,171,,1,4.0,2,3,2,0.0,0.0,0.0
189,171,,2,3.0,2,3,3,0.0,0.0,0.0
189,211,,1,4.0,2,3,2,0.0,0.0,0.0
189,279,,2,3.0,2,3,5,0.0,0.0,0.0
189,363,,1,3.0,2,3,5,0.0,0.0,0.0
189,451,,1,3.0,2,3,4,0.082101,0.047205,0.034969
189,512,,1,3.0,2,3,5,0.625243,0.876115,0.658257
189,512,,5,3.0,2,3,5,0.625243,0.876115,0.779895
189,531,,1,3.0,2,3,8,0.033304,0.058552,0.134437
189,531,,5,3.0,2,3,8,0.033304,0.058552,0.140902
190,12,,2,3.0,2,3,6,0.0,0.0,0.0
190,20,,5,4.0,2,3,8,0.603435,0.051119,0.170809
190,61,,1,3.0,2,3,7,2.901657,5.935072,10.360932
190,61,,2,3.0,2,3,7,0.853429,1.745609,3.455729
190,61,,5,3.0,2,3,7,0.682743,1.396488,2.775965
190,64,,1,3.0,2,3,7,0.032789,0.045843,0.084861
190,64,,5,3.0,2,3,7,0.032789,0.045843,0.091256
190,131,,1,4.0,2,3,5,0.344189,0.029157,0.027795
190,131,,4,4.0,2,3,5,0.0,0.0,0.0
190,132,,2,3.0,2,3,6,0.898022,0.824081,1.117854
190,171,,1,4.0,2,3,3,0.0,0.0,0.0
190,190,,1,4.0,2,3,2,0.038695,0.003278,0.000396
190,221,,5,3.0,2,3,6,27.712343,122.681099,143.721545
190,223,,3,3.0,2,3,6,86.650101,581.593079,861.659102
190,311,,1,4.0,2,3,2,0.005712,0.000484,9.6e-05
190,451,,1,3.0,2,3,6,1.050619,0.290643,0.352033
190,483,,3,3.0,2,3,7,8.502384,41.917461,78.341709
190,484,,4,4.0,2,3,4,0.0,0.0,0.0
190,512,,1,3.0,2,3,6,0.607756,0.766427,0.92497
190,512,,2,3.0,2,3,6,0.086859,0.109554,0.147727
190,512,,5,3.0,2,3,6,0.0,0.0,0.0
190,531,,1,3.0,2,3,7,0.228929,0.431416,0.769018
190,531,,2,3.0,2,3,8,0.022893,0.043142,0.088421
190,531,,5,3.0,2,3,8,0.068679,0.129425,0.266386
190,532,,2,3.0,2,3,8,0.0,0.0,0.0
201,61,,1,3.0,2,3,7,4.635363,27.763739,44.800396
201,61,,4,4.0,2,3,6,0.0,0.0,0.0
201,64,,2,3.0,2,3,7,0.0,0.0,0.0
201,132,,2,3.0,2,3,6,0.089781,0.335291,0.428975
201,223,,2,3.0,2,3,5,0.787426,3.883268,3.705194
201,451,,2,3.0,2,3,6,0.185138,0.463812,0.651877
201,483,,2,3.0,2,3,5,13.16653,67.482803,62.417337
201,486,,1,3.0,2,3,5,8.175296,30.18594,23.480851
201,512,,1,3.0,2,3,6,1.620299,3.975126,4.711771
201,512,,5,3.0,2,3,6,0.81015,1.987563,2.840278
201,531,,2,3.0,2,3,8,0.0,0.0,0.0
201,532,,2,3.0,2,3,7,0.0,0.0,0.0
202,61,,4,4.0,2,3,6,0.0,0.0,0.0
202,61,,5,3.0,2,3,7,2.313908,13.859265,21.582288
202,64,,2,3.0,2,3,7,0.0,0.0,0.0
202,132,,5,3.0,2,3,6,0.044818,0.167373,0.225299
202,223,,5,3.0,2,3,5,0.393072,1.938473,1.760747
202,451,,5,3.0,2,3,7,0.092418,0.231528,0.34759
202,483,,5,3.0,2,3,5,6.572545,33.686459,27.174657
202,486,,1,3.0,2,3,4,4.080992,15.068394,9.380693
202,512,,1,3.0,2,3,6,1.213282,2.976555,4.035941
202,531,,2,3.0,2,3,8,0.0,0.0,0.0
202,532,,2,3.0,2,3,8,0.0,0.0,0.0
209,61,,1,3.0,2,3,6,2.919234,17.4849,24.328833
209,61,,4,4.0,2,3,6,0.0,0.0,0.0
209,64,,2,3.0,2,3,7,0.0,0.0,0.0
209,132,,1,3.0,2,3,6,0.056542,0.211158,0.265378
209,223,,2,3.0,2,3,6,0.495901,2.445584,2.585965
209,451,,2,3.0,2,3,7,0.116624,0.292116,0.438303
209,483,,2,3.0,2,3,5,8.291946,42.498959,42.400162
209,486,,1,3.0,2,3,5,5.148594,19.01034,14.397843
209,512,,1,3.0,2,3,6,0.765318,1.877575,2.607016
209,512,,2,3.0,2,3,7,0.382659,0.938788,1.559935
209,512,,5,3.0,2,3,7,0.382736,0.938925,1.569579
209,531,,2,3.0,2,3,8,0.0,0.0,0.0
209,532,,2,3.0,2,3,7,0.0,0.0,0.0
211,61,,2,3.0,2,3,8,0.0,0.0,0.0
211,132,,2,3.0,2,3,5,0.004816,0.003858,0.002903
211,451,,1,3.0,2,3,4,0.0,0.0,0.0
211,512,,1,3.0,2,3,4,0.002784,0.002399,0.001442
211,512,,5,3.0,2,3,4,0.0,0.0,0.0
211,531,,2,3.0,2,3,8,0.0,0.0,0.0
212,61,,1,3.0,2,3,8,0.004143,0.001537,0.003292
212,132,,1,3.0,2,3,4,0.010799,0.008652,0.00565
212,132,,2,3.0,2,3,4,0.0,0.0,0.0
212,132,,5,3.0,2,3,4,0.005399,0.004326,0.003148
212,451,,1,3.0,2,3,4,0.0,0.0,0.0
212,451,,2,3.0,2,3,5,0.0,0.0,0.0
212,451,,5,3.0,2,3,5,0.0,0.0,0.0
212,512,,1,3.0,2,3,4,0.006746,0.005785,0.003733
212,512,,2,3.0,2,3,5,0.001321,0.001142,0.000922
212,512,,5,3.0,2,3,5,0.001321,0.001142,0.000923
212,531,,2,3.0,2,3,8,0.0,0.0,0.0
219,61,,1,3.0,2,3,8,0.003278,0.001216,0.002593
219,61,,2,3.0,2,3,8,0.001009,0.000374,0.000879
219,61,,5,3.0,2,3,8,0.001009,0.000374,0.00089
219,111,,4,4.0,2,3,3,0.0,0.0,0.0
219,132,,1,3.0,2,3,4,0.013803,0.011059,0.006515
219,132,,2,3.0,2,3,4,0.003471,0.002776,0.001868
219,132,,5,3.0,2,3,4,0.003451,0.002765,0.00189
219,451,,1,3.0,2,3,4,0.0,0.0,0.0
219,451,,2,3.0,2,3,4,0.0,0.0,0.0
219,451,,5,3.0,2,3,4,0.0,0.0,0.0
219,512,,1,3.0,2,3,4,0.007273,0.006356,0.004163
219,512,,2,3.0,2,3,5,0.002366,0.002045,0.001717
219,512,,5,3.0,2,3,5,0.002363,0.002043,0.001766
219,531,,2,3.0,2,3,8,0.0,0.0,0.0
221,12,,1,3.0,2,3,2,0.0,0.0,0.0
221,61,,1,3.0,2,3,7,0.203435,0.390344,0.715291
221,61,,2,3.0,2,3,7,0.067812,0.130115,0.248664
221,61,,4,4.0,2,3,7,0.0,0.0,0.0
221,61,,5,3.0,2,3,7,0.067812,0.130115,0.248686
221,64,,1,3.0,2,3,8,0.0,0.0,0.0
221,64,,2,3.0,2,3,8,0.003871,0.004842,0.011232
221,81,,1,4.0,2,3,6,0.002268,0.000192,0.000244
221,131,,4,4.0,2,3,3,0.0,0.0,0.0
221,132,,2,3.0,2,3,5,0.029509,0.028186,0.023605
221,221,,1,3.0,2,3,1,16.276999,70.792694,1.106323
221,221,,3,3.0,2,3,1,5.425666,16.990479,0.338667
221,222,,3,3.0,2,3,2,0.099592,0.276632,0.063526
221,223,,3,3.0,2,3,2,252.657196,1665.529175,195.341494
221,451,,2,3.0,2,3,5,0.0,0.0,0.0
221,483,,1,3.0,2,3,4,1.437628,8.665479,4.361015
221,486,,1,3.0,2,3,3,8.966446,59.295513,17.215492
221,512,,3,3.0,2,3,7,1.08963,3.082298,5.745517
221,532,,2,3.0,2,3,8,0.450184,2.541379,6.706992
222,12,,3,3.0,2,3,3,0.0,0.0,0.0
222,61,,1,3.0,2,3,7,0.038534,0.073938,0.126236
222,61,,2,3.0,2,3,7,0.038534,0.073938,0.132373
222,61,,4,4.0,2,3,6,0.0,0.0,0.0
222,64,,1,3.0,2,3,8,0.00088,0.001101,0.002284
222,131,,4,4.0,2,3,4,0.0,0.0,0.0
222,132,,2,3.0,2,3,5,0.006707,0.006407,0.00612
222,221,,3,3.0,2,3,2,4.933075,15.447928,3.297001
222,222,,1,3.0,2,3,1,0.022637,0.062879,0.001925
222,223,,1,3.0,2,3,2,57.429665,378.579285,77.618833
222,451,,2,3.0,2,3,6,0.0,0.0,0.0
222,483,,3,3.0,2,3,3,0.326777,1.969687,0.681254
222,486,,1,3.0,2,3,2,1.019049,6.739015,1.155451
222,486,,2,3.0,2,3,2,0.0,0.0,0.0
222,486,,3,3.0,2,3,2,1.019049,6.739015,1.326962
222,486,,5,3.0,2,3,2,0.0,0.0,0.0
222,512,,3,3.0,2,3,7,0.247676,0.700615,1.359236
222,532,,2,3.0,2,3,8,0.102328,0.577662,1.508999
223,12,,3,3.0,2,3,2,0.0,0.0,0.0
223,61,,1,3.0,2,3,7,0.508445,0.975587,1.856157
223,61,,4,4.0,2,3,7,0.0,0.0,0.0
223,64,,1,3.0,2,3,8,0.006673,0.007371,0.016581
223,81,,1,4.0,2,3,6,0.003228,0.000273,0.000367
223,131,,4,4.0,2,3,3,0.0,0.0,0.0
223,132,,1,3.0,2,3,4,0.044251,0.042268,0.02766
223,132,,2,3.0,2,3,5,0.0,0.0,0.0
223,221,,5,3.0,2,3,1,32.544933,101.91449,9.60964
223,222,,3,3.0,2,3,3,0.149346,0.414832,0.11584
223,223,,1,3.0,2,3,1,189.440125,1285.302124,47.63122
223,223,,2,3.0,2,3,1,0.0,0.0,0.0
223,223,,3,3.0,2,3,1,189.440125,1248.799072,46.945321
223,451,,2,3.0,2,3,5,0.0,0.0,0.0
223,483,,3,3.0,2,3,4,2.155841,12.994599,8.509739
223,486,,1,3.0,2,3,3,13.445924,88.918503,32.147309
223,512,,3,3.0,2,3,7,1.63399,4.622159,8.079096
223,532,,2,3.0,2,3,8,0.675088,3.811007,10.450351
229,12,,3,3.0,2,3,3,0.0,0.0,0.0
229,61,,1,3.0,2,3,7,0.390389,0.748545,1.294525
229,61,,2,3.0,2,3,7,0.078011,0.149684,0.269223
229,61,,4,4.0,2,3,7,0.0,0.0,0.0
229,61,,5,3.0,2,3,7,0.078011,0.149684,0.273822
229,64,,1,3.0,2,3,8,0.006235,0.007798,0.015988
229,81,,1,4.0,2,3,6,0.003466,0.000294,0.000334
229,131,,4,4.0,2,3,3,0.0,0.0,0.0
229,132,,1,3.0,2,3,5,0.011881,0.011349,0.008817
229,132,,2,3.0,2,3,5,0.023763,0.022698,0.02012
229,132,,5,3.0,2,3,6,0.011881,0.011349,0.013663
229,221,,3,3.0,2,3,2,34.953522,109.456985,25.427141
229,222,,3,3.0,2,3,3,0.160399,0.445533,0.139939
229,223,,1,3.0,2,3,2,325.536346,2145.952393,464.05034
229,223,,3,3.0,2,3,3,81.384087,536.488098,166.682772
229,451,,2,3.0,2,3,6,0.0,0.0,0.0
229,483,,3,3.0,2,3,4,2.315391,13.956305,8.611878
229,486,,1,3.0,2,3,3,12.635902,83.56179,23.038083
229,486,,2,3.0,2,3,3,1.805129,11.937398,3.241101
229,486,,5,3.0,2,3,3,0.0,0.0,0.0
229,512,,3,3.0,2,3,8,1.754926,4.964243,10.092836
229,532,,2,3.0,2,3,8,0.72505,4.093052,10.507873
230,61,,2,3.0,2,3,8,0.0,0.0,0.0
241,12,,2,3.0,2,3,6,0.0,0.0,0.0
241,111,,1,4.0,2,3,1,0.007413,0.000628,3e-05
241,131,,4,4.0,2,3,4,0.0,0.0,0.0
241,171,,4,4.0,2,3,4,0.0,0.0,0.0
241,241,,1,3.0,2,3,1,0.0,0.0,0.0
241,241,,2,3.0,2,3,1,0.0,0.0,0.0
241,363,,1,3.0,2,3,2,0.023482,0.009284,0.001985
241,451,,2,3.0,2,3,4,0.000989,0.001224,0.000713
241,512,,2,3.0,2,3,3,0.019241,0.03228,0.008737
242,12,,2,3.0,2,3,6,0.0,0.0,0.0
242,111,,1,4.0,2,3,1,0.006351,0.000538,1e-05
242,131,,4,4.0,2,3,4,0.0,0.0,0.0
242,171,,4,4.0,2,3,4,0.0,0.0,0.0
242,241,,1,3.0,2,3,1,0.0,0.0,0.0
242,363,,1,3.0,2,3,3,0.006177,0.002442,0.000623
242,363,,5,3.0,2,3,3,0.01081,0.004274,0.00111
242,512,,2,3.0,2,3,2,0.013949,0.023227,0.005001
249,111,,1,4.0,2,3,1,0.001164,9.9e-05,9e-06
249,171,,4,4.0,2,3,4,0.0,0.0,0.0
249,241,,1,3.0,2,3,1,0.0,0.0,0.0
249,363,,1,3.0,2,3,2,0.001834,0.000725,0.000178
249,363,,5,3.0,2,3,3,0.001834,0.000725,0.000222
249,512,,1,3.0,2,3,2,0.002979,0.004994,0.001102
251,512,,2,3.0,2,3,5,0.0,0.0,0.0
259,512,,2,3.0,2,3,4,0.0,0.0,0.0
261,12,,2,3.0,2,3,6,0.0,0.0,0.0
261,61,,1,3.0,2,3,8,0.003141,0.005409,0.012328
261,61,,2,3.0,2,3,8,0.000838,0.001443,0.003589
261,61,,5,3.0,2,3,8,0.000838,0.001443,0.003593
261,132,,2,3.0,2,3,5,0.0,0.0,0.0
261,171,,4,4.0,2,3,2,0.0,0.0,0.0
261,279,,3,3.0,2,3,6,0.0,0.0,0.0
261,512,,1,3.0,2,3,4,0.094619,0.314479,0.230152
261,512,,2,3.0,2,3,5,0.018924,0.062896,0.05354
261,512,,5,3.0,2,3,5,0.018924,0.062896,0.053571
262,12,,2,3.0,2,3,6,0.0,0.0,0.0
262,61,,1,3.0,2,3,8,0.0012,0.002066,0.00451
262,171,,1,4.0,2,3,2,0.0,0.0,0.0
262,279,,3,3.0,2,3,5,0.0,0.0,0.0
262,512,,1,3.0,2,3,5,0.032998,0.109673,0.094198
262,512,,5,3.0,2,3,5,0.0,0.0,0.0
269,12,,2,3.0,2,3,6,0.0,0.0,0.0
269,61,,1,3.0,2,3,8,0.001903,0.003277,0.007382
269,171,,1,4.0,2,3,3,0.0,0.0,0.0
269,279,,3,3.0,2,3,5,0.0,0.0,0.0
269,512,,1,3.0,2,3,5,0.031403,0.104372,0.090671
269,512,,2,3.0,2,3,5,0.010468,0.034791,0.034315
269,512,,5,3.0,2,3,6,0.010597,0.035028,0.03513
271,61,,1,3.0,2,3,7,0.044621,0.05354,0.103037
271,61,,2,3.0,2,3,8,0.005949,0.007139,0.015579
271,61,,5,3.0,2,3,8,0.011899,0.014277,0.031287
271,64,,2,3.0,2,3,8,0.0,0.0,0.0
271,111,,2,3.0,2,3,6,0.0,0.0,0.0
271,131,,1,4.0,2,3,6,0.017056,0.001445,0.001648
271,131,,4,4.0,2,3,5,0.0,0.0,0.0
271,132,,2,3.0,2,3,6,0.021942,0.005224,0.007684
271,171,,4,4.0,2,3,3,0.0,0.0,0.0
271,411,,2,3.0,2,3,7,0.0,0.0,0.0
271,451,,2,3.0,2,3,6,0.09366,0.018147,0.027088
271,512,,1,3.0,2,3,6,0.072921,0.037346,0.051874
271,512,,5,3.0,2,3,6,0.018348,0.009413,0.013701
271,531,,5,3.0,2,3,7,0.486033,1.098754,1.94301
271,532,,2,3.0,2,3,7,0.0,0.0,0.0
279,61,,1,3.0,2,3,7,0.007172,0.008605,0.015786
279,61,,2,3.0,2,3,8,0.005379,0.006454,0.014338
279,61,,5,3.0,2,3,8,0.003586,0.004303,0.009773
279,64,,1,3.0,2,3,7,0.0,0.0,0.0
279,111,,2,3.0,2,3,6,0.0,0.0,0.0
279,131,,1,4.0,2,3,6,0.004292,0.000364,0.000441
279,131,,4,4.0,2,3,5,0.0,0.0,0.0
279,132,,2,3.0,2,3,7,0.005668,0.001349,0.002112
279,171,,4,4.0,2,3,3,0.0,0.0,0.0
279,411,,2,3.0,2,3,7,0.0,0.0,0.0
279,451,,2,3.0,2,3,7,0.024408,0.004729,0.007513
279,512,,1,3.0,2,3,6,0.023545,0.012058,0.017458
279,512,,2,3.0,2,3,7,0.0,0.0,0.0
279,512,,5,3.0,2,3,7,0.0,0.0,0.0
279,531,,2,3.0,2,3,7,0.125544,0.283812,0.496847
279,532,,2,3.0,2,3,7,0.0,0.0,0.0
280,12,,1,3.0,2,3,2,0.343443,0.364732,0.080709
280,132,,1,3.0,2,3,4,1.853703,1.17265,0.705697
280,132,,2,3.0,2,3,4,0.617901,0.390883,0.279749
280,451,,1,3.0,2,3,4,0.085317,0.059724,0.040662
280,451,,2,3.0,2,3,5,0.0,0.0,0.0
280,486,,1,3.0,2,3,4,10.864284,54.013565,27.182451
280,512,,3,3.0,2,3,8,0.0,0.0,0.0
291,12,,2,3.0,2,3,5,0.0,0.0,0.0
291,20,,4,4.0,2,3,8,0.0,0.0,0.0
291,61,,1,3.0,2,3,7,0.316513,0.818557,1.342376
291,61,,2,3.0,2,3,7,0.028774,0.074414,0.131803
291,61,,5,3.0,2,3,7,0.086322,0.223243,0.396089
291,64,,2,3.0,2,3,7,0.0,0.0,0.0
291,131,,4,4.0,2,3,4,0.0,0.0,0.0
291,132,,2,3.0,2,3,6,0.002486,0.000482,0.000613
291,171,,1,4.0,2,3,4,0.001594,0.00021,0.000108
291,171,,4,4.0,2,3,3,0.0,0.0,0.0
291,241,,2,3.0,2,3,6,0.0,0.0,0.0
291,451,,2,3.0,2,3,6,0.0,0.0,0.0
291,512,,1,3.0,2,3,6,0.0,0.0,0.0
291,512,,5,3.0,2,3,6,0.05735,0.100363,0.144007
291,531,,2,3.0,2,3,8,0.0,0.0,0.0
292,12,,2,3.0,2,3,4,0.0,0.0,0.0
292,20,,4,4.0,2,3,8,0.0,0.0,0.0
292,61,,1,3.0,2,3,7,0.683331,1.767214,3.266031
292,61,,2,3.0,2,3,8,0.085416,0.220902,0.446829
292,61,,5,3.0,2,3,8,0.085416,0.220902,0.447023
292,64,,2,3.0,2,3,8,0.0,0.0,0.0
292,131,,4,4.0,2,3,3,0.0,0.0,0.0
292,132,,2,3.0,2,3,5,0.004919,0.000953,0.000928
292,171,,1,4.0,2,3,3,0.0,0.0,0.0
292,171,,4,4.0,2,3,3,0.003154,0.000416,0.000109
292,241,,2,3.0,2,3,6,0.0,0.0,0.0
292,451,,2,3.0,2,3,6,0.0,0.0,0.0
292,512,,1,3.0,2,3,5,0.085202,0.149089,0.142288
292,512,,2,3.0,2,3,6,0.0,0.0,0.0
292,512,,5,3.0,2,3,6,0.028501,0.049887,0.054425
292,531,,2,3.0,2,3,8,0.0,0.0,0.0
299,12,,2,3.0,2,3,5,0.0,0.0,0.0
299,20,,4,4.0,2,3,8,0.0,0.0,0.0
299,61,,1,3.0,2,3,7,0.240482,0.621929,1.077726
299,61,,2,3.0,2,3,7,0.120241,0.310964,0.585076
299,61,,5,3.0,2,3,7,0.080161,0.20731,0.392449
299,64,,1,3.0,2,3,7,0.0,0.0,0.0
299,131,,4,4.0,2,3,4,0.0,0.0,0.0
299,132,,1,3.0,2,3,5,0.002539,0.000414,0.00038
299,171,,1,4.0,2,3,3,0.001628,0.000214,9.8e-05
299,171,,4,4.0,2,3,3,0.0,0.0,0.0
299,241,,2,3.0,2,3,6,0.0,0.0,0.0
299,451,,2,3.0,2,3,6,0.0,0.0,0.0
299,512,,1,3.0,2,3,6,0.036614,0.064075,0.069167
299,512,,2,3.0,2,3,6,0.021968,0.038445,0.048233
299,512,,5,3.0,2,3,6,0.0,0.0,0.0
299,531,,2,3.0,2,3,8,0.0,0.0,0.0
300,61,,2,3.0,2,3,7,0.0,0.0,0.0
300,411,,5,3.0,2,3,5,0.66276,1.739445,1.615507
300,531,,1,3.0,2,3,4,0.628494,1.598017,1.170333
300,531,,1,4.0,2,3,4,0.055,0.083483,0.06114
300,531,,2,3.0,2,3,5,0.314247,0.799008,0.650532
311,20,,4,4.0,2,3,8,0.0,0.0,0.0
311,61,,1,3.0,2,3,7,1.473939,5.791925,9.039512
311,61,,2,3.0,2,3,7,0.982626,3.861283,6.847934
311,61,,5,3.0,2,3,7,0.982626,3.861283,6.851433
311,64,,1,3.0,2,3,7,0.31947,0.627307,1.044502
311,64,,5,3.0,2,3,7,0.31947,0.627307,1.11619
311,132,,2,3.0,2,3,6,0.041386,0.011379,0.015893
311,171,,1,4.0,2,3,3,0.003611,0.000439,0.000214
311,171,,4,4.0,2,3,3,0.0,0.0,0.0
311,223,,2,3.0,2,3,6,3.948674,24.181459,28.137296
311,451,,2,3.0,2,3,7,0.00455,0.000882,0.001329
311,486,,4,4.0,2,3,5,0.0,0.0,0.0
311,512,,1,3.0,2,3,6,0.0,0.0,0.0
311,512,,2,3.0,2,3,7,0.0,0.0,0.0
311,512,,5,3.0,2,3,7,0.004556,0.007384,0.01109
311,531,,2,3.0,2,3,7,0.435086,1.082344,2.047601
319,20,,4,4.0,2,3,8,0.0,0.0,0.0
319,61,,1,3.0,2,3,6,2.123864,8.345841,12.09788
319,61,,2,3.0,2,3,7,0.235985,0.927316,1.594051
319,61,,5,3.0,2,3,7,0.47197,1.854631,3.246243
319,64,,1,3.0,2,3,7,0.526101,1.033046,1.604456
319,132,,2,3.0,2,3,7,0.034077,0.00937,0.014164
319,171,,1,4.0,2,3,4,0.002973,0.000361,0.000224
319,171,,4,4.0,2,3,4,0.0,0.0,0.0
319,223,,2,3.0,2,3,6,3.251326,19.91094,24.933758
319,451,,1,3.0,2,3,6,0.003747,0.000648,0.000908
319,486,,4,4.0,2,3,5,0.0,0.0,0.0
319,512,,1,3.0,2,3,6,0.0,0.0,0.0
319,512,,5,3.0,2,3,7,0.003754,0.006083,0.009999
319,531,,2,3.0,2,3,7,0.358248,0.891198,1.610124
321,61,,1,3.0,2,3,3,0.0,0.0,0.0
321,132,,2,3.0,2,3,8,0.0,0.0,0.0
321,512,,2,3.0,2,3,8,0.0,0.0,0.0
329,61,,1,3.0,2,3,4,0.0,0.0,0.0
329,132,,2,3.0,2,3,8,0.0,0.0,0.0
329,512,,2,3.0,2,3,8,0.0,0.0,0.0
341,61,,5,3.0,2,3,8,0.036379,0.204598,1.004923
341,64,,5,3.0,2,3,8,0.0,0.0,0.0
341,111,,1,4.0,2,3,2,0.00419,0.000368,8.7e-05
341,131,,1,4.0,2,3,5,0.033587,0.003746,0.003242
341,131,,4,4.0,2,3,4,0.0,0.0,0.0
341,132,,2,3.0,2,3,5,0.005912,0.003841,0.003212
341,171,,5,4.0,2,3,5,0.011289,0.020104,0.018322
341,341,,1,3.0,2,3,1,0.018598,0.01673,0.000555
341,341,,2,3.0,2,3,1,0.0,0.0,0.0
341,363,,1,3.0,2,3,1,0.041577,0.052122,0.002029
341,451,,2,3.0,2,3,4,0.687023,1.090638,0.801231
341,512,,1,3.0,2,3,3,0.002006,0.000553,0.00021
342,61,,5,3.0,2,3,8,0.006662,0.034411,0.173698
342,64,,2,3.0,2,3,8,0.0,0.0,0.0
342,111,,1,4.0,2,3,2,0.0,0.0,0.0
342,131,,1,4.0,2,3,5,0.006034,0.000678,0.000541
342,131,,4,4.0,2,3,4,0.0,0.0,0.0
342,171,,1,4.0,2,3,5,0.001892,0.003369,0.002963
342,341,,1,3.0,2,3,1,0.003116,0.002803,0.00023
342,363,,1,3.0,2,3,2,0.005574,0.006987,0.000736
342,363,,5,3.0,2,3,2,0.001393,0.001747,0.000196
342,451,,2,3.0,2,3,4,0.115113,0.182739,0.123648
342,512,,3,3.0,2,3,3,0.0,0.0,0.0
350,61,,1,3.0,2,3,5,0.0,0.0,0.0
361,61,,2,3.0,2,3,8,0.0,0.0,0.0
361,132,,2,3.0,2,3,6,0.0,0.0,0.0
361,341,,1,3.0,2,3,2,0.001291,0.002048,0.00038
361,363,,1,3.0,2,3,2,0.0,0.0,0.0
361,363,,1,4.0,2,3,2,0.0,0.0,0.0
361,399,,2,3.0,2,3,4,0.000865,0.002469,0.001553
361,512,,2,3.0,2,3,4,0.0,0.0,0.0
361,531,,2,3.0,2,3,8,0.001642,0.009095,0.027438
362,61,,2,3.0,2,3,8,0.0,0.0,0.0
362,64,,2,3.0,2,3,8,0.0,0.0,0.0
362,132,,2,3.0,2,3,6,0.0,0.0,0.0
362,341,,1,3.0,2,3,3,0.00136,0.002158,0.000801
362,341,,5,3.0,2,3,3,0.0,0.0,0.0
362,363,,1,3.0,2,3,3,0.0,0.0,0.0
362,363,,4,4.0,2,3,3,0.0,0.0,0.0
362,399,,2,3.0,2,3,3,0.000911,0.002601,0.00079
362,512,,2,3.0,2,3,5,0.0,0.0,0.0
362,531,,2,3.0,2,3,8,0.00173,0.009582,0.026077
363,12,,2,3.0,2,3,6,0.0,0.0,0.0
363,61,,2,3.0,2,3,8,0.0,0.0,0.0
363,64,,2,3.0,2,3,8,0.017864,0.003461,0.011045
363,111,,1,4.0,2,3,3,0.0,0.0,0.0
363,132,,2,3.0,2,3,5,0.004778,0.002953,0.002665
363,211,,4,4.0,2,3,4,0.0,0.0,0.0
363,341,,1,3.0,2,3,1,0.024547,0.038938,0.001939
363,341,,2,3.0,2,3,1,0.002046,0.003245,0.000257
363,363,,1,3.0,2,3,1,0.0,0.0,0.0
363,363,,1,4.0,2,3,1,0.0,0.0,0.0
363,363,,5,3.0,2,3,1,0.0,0.0,0.0
363,399,,3,3.0,2,3,5,0.017811,0.050861,0.039706
363,512,,3,3.0,2,3,3,0.002536,0.004637,0.001719
363,531,,2,3.0,2,3,8,0.033818,0.187329,0.585019
364,61,,2,3.0,2,3,8,0.0,0.0,0.0
364,64,,2,3.0,2,3,8,0.0,0.0,0.0
364,132,,2,3.0,2,3,6,0.0,0.0,0.0
364,341,,1,3.0,2,3,3,0.001329,0.002109,0.000659
364,341,,5,3.0,2,3,3,0.0,0.0,0.0
364,363,,1,3.0,2,3,3,0.0,0.0,0.0
364,363,,1,4.0,2,3,3,0.0,0.0,0.0
364,399,,2,3.0,2,3,3,0.00089,0.002542,0.001033
364,512,,2,3.0,2,3,5,0.0,0.0,0.0
364,531,,2,3.0,2,3,8,0.001691,0.009364,0.026191
369,61,,2,3.0,2,3,8,0.0,0.0,0.0
369,64,,2,3.0,2,3,8,0.001394,0.00027,0.000801
369,111,,4,4.0,2,3,3,0.0,0.0,0.0
369,132,,2,3.0,2,3,6,0.0,0.0,0.0
369,211,,4,4.0,2,3,4,0.0,0.0,0.0
369,341,,1,3.0,2,3,2,0.002075,0.003291,0.000821
369,341,,5,3.0,2,3,3,0.0,0.0,0.0
369,363,,1,3.0,2,3,3,0.0,0.0,0.0
369,363,,1,4.0,2,3,3,0.0,0.0,0.0
369,363,,5,3.0,2,3,3,0.0,0.0,0.0
369,399,,2,3.0,2,3,4,0.00139,0.003968,0.002013
369,512,,2,3.0,2,3,4,0.0,0.0,0.0
369,531,,2,3.0,2,3,8,0.002638,0.014615,0.042398
371,61,,2,3.0,2,3,8,0.0,0.0,0.0
371,101,,1,3.0,2,3,4,0.001427,0.003833,0.001972
371,131,,1,4.0,2,3,3,0.0,0.0,0.0
371,132,,1,3.0,2,3,3,0.004939,0.004381,0.001172
371,379,,1,3.0,2,3,3,0.0,0.0,0.0
371,451,,1,3.0,2,3,2,0.039147,0.026759,0.005909
371,451,,2,3.0,2,3,3,0.002637,0.001807,0.000472
371,512,,1,3.0,2,3,3,0.068538,0.026042,0.008831
371,531,,2,3.0,2,3,8,0.0,0.0,0.0
372,61,,2,3.0,2,3,8,0.0,0.0,0.0
372,131,,4,4.0,2,3,3,0.0,0.0,0.0
372,132,,1,3.0,2,3,3,0.002654,0.002359,0.000801
372,379,,1,3.0,2,3,2,0.0,0.0,0.0
372,451,,1,3.0,2,3,3,0.022598,0.015454,0.00448
372,512,,1,3.0,2,3,3,0.026926,0.010231,0.002835
372,512,,5,3.0,2,3,3,0.010097,0.003837,0.001307
372,531,,2,3.0,2,3,8,0.0,0.0,0.0
373,61,,2,3.0,2,3,8,0.0,0.0,0.0
373,131,,4,4.0,2,3,3,0.0,0.0,0.0
373,132,,1,3.0,2,3,3,0.004241,0.00377,0.001267
373,379,,1,3.0,2,3,2,0.0,0.0,0.0
373,451,,1,3.0,2,3,3,0.036051,0.024643,0.006971
373,451,,5,3.0,2,3,3,0.0,0.0,0.0
373,512,,1,3.0,2,3,2,0.059173,0.022484,0.004468
373,531,,2,3.0,2,3,8,0.0,0.0,0.0
379,61,,2,3.0,2,3,8,0.0,0.0,0.0
379,131,,1,4.0,2,3,3,0.0,0.0,0.0
379,132,,1,3.0,2,3,3,0.002911,0.002587,0.000857
379,132,,5,3.0,2,3,3,0.001164,0.001035,0.00039
379,379,,1,3.0,2,3,2,0.0,0.0,0.0
379,379,,5,3.0,2,3,2,0.0,0.0,0.0
379,451,,1,3.0,2,3,3,0.032602,0.022286,0.006024
379,451,,5,3.0,2,3,3,0.002038,0.001393,0.000407
379,512,,1,3.0,2,3,2,0.043479,0.016521,0.003788
379,512,,2,3.0,2,3,3,0.003345,0.001271,0.000343
379,512,,5,3.0,2,3,3,0.010034,0.003812,0.001119
379,531,,2,3.0,2,3,8,0.0,0.0,0.0
380,61,,2,3.0,2,3,8,0.0056,0.0017,0.00366
380,64,,5,3.0,2,3,8,0.003794,0.002,0.004528
380,512,,2,3.0,2,3,7,0.0,0.0,0.0
380,531,,1,3.0,2,3,6,0.809803,1.593162,2.10022
380,531,,2,3.0,2,3,6,0.202451,0.39829,0.563686
391,12,,3,3.0,2,3,6,0.0,0.0,0.0
391,61,,1,3.0,2,3,8,0.038106,0.067788,0.151451
391,61,,5,3.0,2,3,8,0.013609,0.02421,0.05866
391,64,,2,3.0,2,3,8,0.0,0.0,0.0
391,64,,5,3.0,2,3,8,0.00227,0.004247,0.010922
391,132,,2,3.0,2,3,5,0.005431,0.007042,0.005494
391,212,,1,4.0,2,3,2,0.0,0.0,0.0
391,221,,1,3.0,2,3,5,2.340547,6.91187,6.206456
391,223,,3,3.0,2,3,6,0.182083,1.000061,1.304771
391,279,,2,3.0,2,3,5,0.0,0.0,0.0
391,341,,1,3.0,2,3,4,0.0,0.0,0.0
391,363,,1,3.0,2,3,4,0.0,0.0,0.0
391,451,,2,3.0,2,3,5,0.003915,0.004451,0.003669
391,486,,2,3.0,2,3,6,0.0,0.0,0.0
391,512,,1,3.0,2,3,4,0.386931,0.825152,0.516238
391,512,,5,3.0,2,3,4,0.0,0.0,0.0
391,531,,2,3.0,2,3,8,0.0,0.0,0.0
392,12,,2,3.0,2,3,6,0.0,0.0,0.0
392,61,,2,3.0,2,3,8,0.009363,0.016656,0.04219
392,61,,5,3.0,2,3,8,0.079587,0.141579,0.359061
392,64,,2,3.0,2,3,8,0.003904,0.007304,0.019051
392,132,,2,3.0,2,3,5,0.009341,0.012112,0.011315
392,212,,1,4.0,2,3,3,0.0,0.0,0.0
392,221,,2,3.0,2,3,6,4.025718,11.888351,13.523959
392,223,,2,3.0,2,3,6,0.313182,1.720096,1.954893
392,279,,3,3.0,2,3,5,0.0,0.0,0.0
392,341,,1,3.0,2,3,3,0.0,0.0,0.0
392,363,,1,3.0,2,3,3,0.0,0.0,0.0
392,451,,2,3.0,2,3,5,0.007144,0.008281,0.007712
392,486,,2,3.0,2,3,6,0.0,0.0,0.0
392,512,,1,3.0,2,3,4,0.604236,1.28898,0.737601
392,512,,2,3.0,2,3,4,0.060424,0.128898,0.086086
392,512,,5,3.0,2,3,4,0.0,0.0,0.0
392,531,,2,3.0,2,3,8,0.0,0.0,0.0
393,12,,2,3.0,2,3,5,0.0,0.0,0.0
393,61,,1,3.0,2,3,8,0.041205,0.073301,0.167914
393,61,,5,3.0,2,3,8,0.020602,0.03665,0.092098
393,64,,2,3.0,2,3,8,0.002712,0.005075,0.01315
393,132,,1,3.0,2,3,4,0.00649,0.008416,0.006062
393,212,,1,4.0,2,3,2,0.0,0.0,0.0
393,221,,1,3.0,2,3,5,1.398645,4.130341,4.090359
393,221,,2,3.0,2,3,6,0.0,0.0,0.0
393,221,,5,3.0,2,3,6,1.398645,4.130341,4.616904
393,223,,2,3.0,2,3,5,0.217616,1.195218,1.167173
393,279,,2,3.0,2,3,5,0.0,0.0,0.0
393,341,,1,3.0,2,3,4,0.0,0.0,0.0
393,363,,1,3.0,2,3,4,0.0,0.0,0.0
393,451,,1,3.0,2,3,4,0.004838,0.005534,0.003749
393,486,,2,3.0,2,3,6,0.0,0.0,0.0
393,512,,1,3.0,2,3,4,0.307926,0.656852,0.370223
393,512,,2,3.0,2,3,4,0.102632,0.218938,0.151039
393,512,,5,3.0,2,3,4,0.051316,0.109469,0.075693
393,531,,2,3.0,2,3,8,0.0,0.0,0.0
394,12,,5,3.0,2,3,5,0.0,0.0,0.0
394,61,,1,3.0,2,3,8,0.023522,0.041843,0.093545
394,64,,5,3.0,2,3,8,0.001032,0.001931,0.004969
394,132,,5,3.0,2,3,5,0.00247,0.003203,0.002681
394,212,,1,4.0,2,3,2,0.0,0.0,0.0
394,221,,5,3.0,2,3,5,1.064543,3.143704,3.068434
394,223,,5,3.0,2,3,5,0.082816,0.454855,0.426379
394,279,,2,3.0,2,3,5,0.0,0.0,0.0
394,341,,1,3.0,2,3,4,0.0,0.0,0.0
394,363,,1,3.0,2,3,4,0.0,0.0,0.0
394,451,,5,3.0,2,3,5,0.002437,0.002829,0.002482
394,486,,2,3.0,2,3,6,0.0,0.0,0.0
394,512,,1,3.0,2,3,4,0.117173,0.249958,0.157031
394,512,,2,3.0,2,3,4,0.0,0.0,0.0
394,512,,5,3.0,2,3,4,0.059446,0.12544,0.093927
394,531,,2,3.0,2,3,8,0.0,0.0,0.0
399,12,,3,3.0,2,3,7,0.0,0.0,0.0
399,61,,1,3.0,2,3,8,0.038066,0.067717,0.154733
399,61,,2,3.0,2,3,8,0.003172,0.005643,0.013838
399,61,,5,3.0,2,3,8,0.009517,0.016929,0.041616
399,64,,5,3.0,2,3,8,0.002227,0.004168,0.01054
399,132,,1,3.0,2,3,5,0.00539,0.007077,0.005707
399,212,,1,4.0,2,3,3,0.0,0.0,0.0
399,221,,3,3.0,2,3,7,2.29707,6.783479,12.42985
399,223,,3,3.0,2,3,7,0.178701,0.981485,1.902244
399,279,,3,3.0,2,3,7,0.0,0.0,0.0
399,341,,1,3.0,2,3,4,0.0,0.0,0.0
399,363,,1,3.0,2,3,4,0.0,0.0,0.0
399,451,,2,3.0,2,3,5,0.003843,0.004368,0.003917
399,486,,2,3.0,2,3,6,0.0,0.0,0.0
399,512,,1,3.0,2,3,4,0.379254,0.80904,0.503648
399,512,,2,3.0,2,3,4,0.0,0.0,0.0
399,512,,5,3.0,2,3,4,0.0,0.0,0.0
399,531,,2,3.0,2,3,8,0.0,0.0,0.0
401,61,,1,3.0,2,3,6,0.098405,0.079936,0.106102
401,132,,2,3.0,2,3,6,0.0,0.0,0.0
401,512,,2,3.0,2,3,7,0.0,0.0,0.0
402,61,,1,3.0,2,3,6,0.079116,0.064267,0.093018
402,61,,5,3.0,2,3,7,0.011302,0.009181,0.014981
402,132,,2,3.0,2,3,6,0.0,0.0,0.0
402,512,,2,3.0,2,3,6,0.0,0.0,0.0
409,61,,1,3.0,2,3,6,0.046039,0.037399,0.050163
409,61,,2,3.0,2,3,7,0.004732,0.003449,0.005298
409,61,,5,3.0,2,3,7,0.003837,0.003117,0.004867
409,132,,2,3.0,2,3,6,0.0,0.0,0.0
409,512,,2,3.0,2,3,7,0.0,0.0,0.0
411,61,,1,3.0,2,3,5,0.0,0.0,0.0
411,64,,5,3.0,2,3,5,0.0,0.0,0.0
411,131,,4,4.0,2,3,8,0.0,0.0,0.0
411,223,,2,3.0,2,3,8,9.696302,63.302608,171.296693
411,230,,2,3.0,2,3,8,0.0,0.0,0.0
411,321,,4,4.0,2,3,4,0.0,0.0,0.0
411,411,,1,3.0,2,3,1,0.0,0.0,0.0
411,411,,2,3.0,2,3,1,211.63269,1339.982544,43.434603
411,411,,3,3.0,2,3,1,211.63269,1088.122681,39.946541
411,486,,4,4.0,2,3,7,0.0,0.0,0.0
411,512,,5,3.0,2,3,8,0.0,0.0,0.0
411,531,,1,3.0,2,3,2,4.937056,13.715715,2.65201
411,531,,2,3.0,2,3,2,0.274281,0.761984,0.158696
411,531,,5,3.0,2,3,2,2.194247,6.095874,1.300846
411,532,,1,3.0,2,3,1,26.612673,153.980988,7.837888
419,61,,1,3.0,2,3,5,0.0,0.0,0.0
419,64,,1,3.0,2,3,4,0.0,0.0,0.0
419,64,,2,3.0,2,3,4,0.0,0.0,0.0
419,223,,2,3.0,2,3,8,3.098595,20.229271,55.473595
419,230,,2,3.0,2,3,8,0.0,0.0,0.0
419,321,,4,4.0,2,3,4,0.0,0.0,0.0
419,411,,1,3.0,2,3,2,135.26062,695.450928,124.860908
419,486,,4,4.0,2,3,7,0.0,0.0,0.0
419,512,,2,3.0,2,3,8,0.0,0.0,0.0
419,531,,1,3.0,2,3,3,2.129906,5.917126,1.993114
419,531,,5,3.0,2,3,3,0.236656,0.657458,0.286378
419,532,,2,3.0,2,3,2,8.504467,49.206871,11.707764
421,61,,5,3.0,2,3,8,0.0,0.0,0.0
421,111,,1,4.0,2,3,2,0.0,0.0,0.0
421,212,,4,4.0,2,3,4,0.0,0.0,0.0
421,241,,1,3.0,2,3,2,0.0,0.0,0.0
421,241,,2,3.0,2,3,2,0.0,0.0,0.0
421,341,,1,3.0,2,3,1,0.0,0.0,0.0
421,363,,1,3.0,2,3,2,0.188832,0.070489,0.00775
421,363,,1,4.0,2,3,2,0.0,0.0,0.0
421,363,,5,3.0,2,3,2,0.05665,0.021147,0.002269
421,451,,2,3.0,2,3,4,0.0,0.0,0.0
421,512,,3,3.0,2,3,3,0.0,0.0,0.0
421,531,,2,3.0,2,3,8,0.0,0.0,0.0
422,61,,2,3.0,2,3,8,0.0,0.0,0.0
422,111,,1,4.0,2,3,2,0.0,0.0,0.0
422,212,,4,4.0,2,3,3,0.0,0.0,0.0
422,241,,1,3.0,2,3,3,0.0,0.0,0.0
422,241,,2,3.0,2,3,3,0.0,0.0,0.0
422,341,,1,3.0,2,3,3,0.0,0.0,0.0
422,363,,1,3.0,2,3,3,0.119339,0.044548,0.016859
422,363,,4,4.0,2,3,3,0.0,0.0,0.0
422,451,,2,3.0,2,3,5,0.0,0.0,0.0
422,512,,2,3.0,2,3,4,0.0,0.0,0.0
422,531,,2,3.0,2,3,8,0.0,0.0,0.0
423,61,,2,3.0,2,3,8,0.0,0.0,0.0
423,241,,1,3.0,2,3,2,0.0,0.0,0.0
423,341,,1,3.0,2,3,1,0.0,0.0,0.0
423,363,,1,3.0,2,3,1,0.035418,0.013221,0.001229
423,451,,2,3.0,2,3,5,0.0,0.0,0.0
423,512,,2,3.0,2,3,4,0.0,0.0,0.0
423,531,,2,3.0,2,3,8,0.0,0.0,0.0
429,61,,5,3.0,2,3,8,0.0,0.0,0.0
429,111,,1,4.0,2,3,2,0.0,0.0,0.0
429,212,,4,4.0,2,3,3,0.0,0.0,0.0
429,241,,1,3.0,2,3,2,0.0,0.0,0.0
429,341,,1,3.0,2,3,2,0.0,0.0,0.0
429,363,,1,3.0,2,3,2,0.147472,0.05505,0.01117
429,363,,1,4.0,2,3,2,0.0,0.0,0.0
429,363,,5,3.0,2,3,2,0.007762,0.002897,0.00072
429,451,,2,3.0,2,3,5,0.0,0.0,0.0
429,512,,2,3.0,2,3,4,0.0,0.0,0.0
429,531,,2,3.0,2,3,8,0.0,0.0,0.0
451,132,,1,3.0,2,3,2,0.00134,0.001441,0.000179
451,451,,1,3.0,2,3,1,0.014326,0.016957,0.000287
451,451,,2,3.0,2,3,1,0.002579,0.003052,8e-05
451,512,,1,3.0,2,3,3,0.0,0.0,0.0
452,12,,2,3.0,2,3,4,0.0,0.0,0.0
452,131,,1,4.0,2,3,2,0.0,0.0,0.0
452,132,,1,3.0,2,3,2,0.002407,0.002589,0.000625
452,451,,1,3.0,2,3,2,0.027796,0.032889,0.006761
452,451,,2,3.0,2,3,2,0.002316,0.002741,0.000674
452,512,,1,3.0,2,3,3,0.0,0.0,0.0
459,12,,2,3.0,2,3,4,0.0,0.0,0.0
459,131,,1,4.0,2,3,3,0.0,0.0,0.0
459,132,,1,3.0,2,3,2,0.003797,0.003973,0.000701
459,451,,1,3.0,2,3,2,0.037779,0.044702,0.005593
459,451,,2,3.0,2,3,2,0.002222,0.00263,0.00037
459,451,,5,3.0,2,3,2,0.004578,0.005371,0.000753
459,512,,1,3.0,2,3,3,0.0,0.0,0.0
460,61,,2,3.0,2,3,8,0.0,0.0,0.0
460,132,,2,3.0,2,3,7,0.0,0.0,0.0
460,512,,1,3.0,2,3,7,0.0,0.0,0.0
460,512,,2,3.0,2,3,7,0.0,0.0,0.0
460,531,,2,3.0,2,3,7,0.0,0.0,0.0
471,61,,2,3.0,2,3,8,0.0,0.0,0.0
471,132,,2,3.0,2,3,4,0.0,0.0,0.0
471,279,,2,3.0,2,3,6,0.0,0.0,0.0
471,341,,2,3.0,2,3,6,0.0,0.0,0.0
471,363,,2,3.0,2,3,6,0.0,0.0,0.0
472,61,,2,3.0,2,3,8,0.0,0.0,0.0
472,131,,1,4.0,2,3,3,0.0,0.0,0.0
472,132,,2,3.0,2,3,4,0.0,0.0,0.0
472,279,,2,3.0,2,3,6,0.0,0.0,0.0
472,341,,2,3.0,2,3,6,0.0,0.0,0.0
472,363,,2,3.0,2,3,6,0.0,0.0,0.0
472,451,,2,3.0,2,3,4,0.0,0.0,0.0
472,512,,2,3.0,2,3,5,0.0,0.0,0.0
473,61,,2,3.0,2,3,8,0.0,0.0,0.0
473,132,,2,3.0,2,3,4,0.0,0.0,0.0
473,279,,2,3.0,2,3,6,0.0,0.0,0.0
473,341,,2,3.0,2,3,4,0.0,0.0,0.0
473,363,,2,3.0,2,3,4,0.0,0.0,0.0
479,61,,2,3.0,2,3,8,0.0,0.0,0.0
479,131,,1,4.0,2,3,3,0.0,0.0,0.0
479,132,,2,3.0,2,3,4,0.0,0.0,0.0
479,279,,2,3.0,2,3,6,0.0,0.0,0.0
479,341,,2,3.0,2,3,6,0.0,0.0,0.0
479,363,,2,3.0,2,3,6,0.0,0.0,0.0
479,451,,2,3.0,2,3,4,0.0,0.0,0.0
479,512,,2,3.0,2,3,5,0.0,0.0,0.0
481,12,,2,3.0,2,3,4,0.0,0.0,0.0
481,61,,1,3.0,2,3,6,0.2017,0.142696,0.197438
481,61,,5,3.0,2,3,7,0.2017,0.142696,0.215776
481,64,,2,3.0,2,3,7,0.0,0.0,0.0
481,81,,1,4.0,2,3,5,0.147079,0.01246,0.011879
481,81,,4,4.0,2,3,5,0.0,0.0,0.0
481,111,,4,4.0,2,3,6,0.0,0.0,0.0
481,131,,1,4.0,2,3,5,0.018191,0.004119,0.003888
481,131,,4,4.0,2,3,5,0.0,0.0,0.0
481,132,,5,3.0,2,3,7,0.675597,0.423531,0.767401
481,171,,4,4.0,2,3,5,0.0,0.0,0.0
481,223,,5,3.0,2,3,4,0.0,0.0,0.0
481,451,,1,3.0,2,3,6,0.27922,0.167792,0.205432
481,451,,2,3.0,2,3,6,0.0,0.0,0.0
481,451,,5,3.0,2,3,7,0.0,0.0,0.0
481,483,,5,3.0,2,3,2,24.447006,140.588287,33.462747
481,484,,1,4.0,2,3,2,0.0,0.0,0.0
481,486,,1,3.0,2,3,2,16.567989,107.93853,18.963882
481,486,,1,4.0,2,3,2,0.0,0.0,0.0
481,489,,2,3.0,2,3,3,0.0,0.0,0.0
481,512,,5,3.0,2,3,8,0.099806,0.151841,0.333685
482,12,,1,3.0,2,3,3,0.0,0.0,0.0
482,61,,1,3.0,2,3,7,0.018594,0.013154,0.021618
482,61,,2,3.0,2,3,7,0.037188,0.026309,0.045462
482,64,,2,3.0,2,3,8,0.0,0.0,0.0
482,81,,1,4.0,2,3,6,0.020334,0.001723,0.001964
482,81,,4,4.0,2,3,5,0.0,0.0,0.0
482,131,,1,4.0,2,3,4,0.002394,0.000554,0.000403
482,132,,2,3.0,2,3,6,0.093362,0.058527,0.059922
482,223,,3,3.0,2,3,3,0.0,0.0,0.0
482,451,,2,3.0,2,3,6,0.03861,0.023202,0.026264
482,483,,3,3.0,2,3,3,3.380483,19.440268,6.173005
482,484,,1,4.0,2,3,3,0.0,0.0,0.0
482,486,,1,3.0,2,3,2,1.963704,12.793307,1.352909
482,486,,2,3.0,2,3,2,0.0,0.0,0.0
482,486,,3,3.0,2,3,2,0.0,0.0,0.0
482,486,,5,3.0,2,3,2,0.327284,2.132218,0.230725
482,489,,3,3.0,2,3,3,0.0,0.0,0.0
482,512,,3,3.0,2,3,7,0.013795,0.020987,0.041123
483,12,,2,3.0,2,3,5,0.0,0.0,0.0
483,61,,1,3.0,2,3,6,0.0,0.0,0.0
483,61,,2,3.0,2,3,7,0.06327,0.044762,0.070668
483,64,,2,3.0,2,3,7,0.0,0.0,0.0
483,81,,1,4.0,2,3,6,0.023133,0.00196,0.002193
483,81,,4,4.0,2,3,5,0.0,0.0,0.0
483,131,,1,4.0,2,3,6,0.002696,0.000625,0.000644
483,132,,2,3.0,2,3,6,0.105896,0.066385,0.088785
483,223,,3,3.0,2,3,4,0.0,0.0,0.0
483,451,,2,3.0,2,3,6,0.043794,0.026317,0.038043
483,483,,1,3.0,2,3,1,3.834344,22.050301,0.4759
483,483,,2,3.0,2,3,1,0.0,0.0,0.0
483,483,,3,3.0,2,3,1,0.0,0.0,0.0
483,484,,4,4.0,2,3,3,0.0,0.0,0.0
483,486,,1,3.0,2,3,2,2.598574,16.929413,3.739977
483,486,,3,3.0,2,3,3,0.0,0.0,0.0
483,489,,3,3.0,2,3,2,0.0,0.0,0.0
483,512,,1,3.0,2,3,7,0.015647,0.023804,0.038438
483,512,,2,3.0,2,3,7,0.0,0.0,0.0
484,12,,2,3.0,2,3,4,0.0,0.0,0.0
484,61,,1,3.0,2,3,6,0.958818,0.678333,0.970425
484,61,,2,3.0,2,3,7,0.319606,0.226111,0.3398
484,61,,5,3.0,2,3,7,0.255685,0.180889,0.272419
484,64,,2,3.0,2,3,7,0.0,0.0,0.0
484,64,,4,4.0,2,3,6,0.0,0.0,0.0
484,81,,1,4.0,2,3,5,0.559728,0.047416,0.039371
484,81,,4,4.0,2,3,4,0.0,0.0,0.0
484,111,,4,4.0,2,3,6,0.0,0.0,0.0
484,131,,1,4.0,2,3,5,0.065369,0.015147,0.012405
484,131,,4,4.0,2,3,4,0.0,0.0,0.0
484,132,,2,3.0,2,3,6,1.283824,0.804809,0.937108
484,132,,5,3.0,2,3,7,1.283824,0.804809,1.359244
484,171,,4,4.0,2,3,5,0.0,0.0,0.0
484,223,,5,3.0,2,3,4,0.0,0.0,0.0
484,451,,1,3.0,2,3,6,0.0,0.0,0.0
484,451,,2,3.0,2,3,6,0.0,0.0,0.0
484,451,,5,3.0,2,3,7,1.06186,0.638105,1.233595
484,483,,1,3.0,2,3,3,92.970795,534.650513,243.809605
484,484,,1,4.0,2,3,1,0.003452,0.000935,3.5e-05
484,486,,1,3.0,2,3,3,45.005192,293.203613,82.268132
484,486,,1,4.0,2,3,3,0.0,0.0,0.0
484,486,,2,3.0,2,3,3,12.001384,78.18763,24.261426
484,486,,5,3.0,2,3,3,6.000692,39.093815,12.183383
484,489,,1,3.0,2,3,3,0.0,0.0,0.0
484,512,,5,3.0,2,3,8,0.379389,0.577182,1.326822
485,12,,2,3.0,2,3,6,0.0,0.0,0.0
485,61,,1,3.0,2,3,5,0.065798,0.04655,0.039917
485,64,,2,3.0,2,3,6,0.0,0.0,0.0
485,81,,1,4.0,2,3,4,0.023986,0.002032,0.00145
485,81,,4,4.0,2,3,4,0.0,0.0,0.0
485,131,,1,4.0,2,3,6,0.005197,0.000767,0.001091
485,132,,5,3.0,2,3,8,0.110127,0.069037,0.16562
485,223,,5,3.0,2,3,6,0.0,0.0,0.0
485,451,,1,3.0,2,3,7,0.045558,0.027393,0.046878
485,451,,5,3.0,2,3,8,0.0,0.0,0.0
485,483,,5,3.0,2,3,4,3.987547,22.931332,16.440618
485,484,,4,4.0,2,3,4,0.0,0.0,0.0
485,486,,1,3.0,2,3,4,2.702402,17.605835,12.947576
485,489,,1,3.0,2,3,4,0.0,0.0,0.0
485,512,,5,3.0,2,3,8,0.016515,0.024913,0.069375
486,12,,1,3.0,2,3,4,0.0,0.0,0.0
486,61,,1,3.0,2,3,7,0.761843,0.53898,0.829212
486,61,,2,3.0,2,3,7,0.457106,0.323388,0.531893
486,61,,5,3.0,2,3,7,0.152369,0.107796,0.177329
486,64,,2,3.0,2,3,8,0.0,0.0,0.0
486,64,,4,4.0,2,3,7,0.0,0.0,0.0
486,81,,1,4.0,2,3,6,0.499916,0.042349,0.046221
486,81,,4,4.0,2,3,5,0.0,0.0,0.0
486,111,,4,4.0,2,3,6,0.0,0.0,0.0
486,131,,1,4.0,2,3,5,0.058432,0.01354,0.011155
486,131,,4,4.0,2,3,4,0.0,0.0,0.0
486,132,,2,3.0,2,3,6,1.147598,0.719413,0.800605
486,132,,5,3.0,2,3,7,1.147591,0.719407,1.168254
486,171,,4,4.0,2,3,5,0.0,0.0,0.0
486,223,,3,3.0,2,3,3,0.0,0.0,0.0
486,451,,2,3.0,2,3,6,0.949181,0.570393,0.69643
486,483,,3,3.0,2,3,3,83.105194,477.916107,134.549761
486,484,,1,4.0,2,3,3,0.003418,0.000926,0.00025
486,486,,1,3.0,2,3,1,0.0,0.0,0.0
486,486,,1,4.0,2,3,1,0.0,0.0,0.0
486,486,,2,3.0,2,3,1,28.160625,178.303009,6.598542
486,486,,3,3.0,2,3,1,28.160625,183.463226,8.08055
486,489,,3,3.0,2,3,3,0.0,0.0,0.0
486,512,,3,3.0,2,3,8,0.33913,0.515935,1.034916
487,12,,2,3.0,2,3,5,0.0,0.0,0.0
487,61,,1,3.0,2,3,6,0.0,0.0,0.0
487,61,,2,3.0,2,3,7,0.01979,0.014001,0.021744
487,64,,2,3.0,2,3,7,0.0,0.0,0.0
487,81,,1,4.0,2,3,6,0.007322,0.00062,0.000675
487,81,,4,4.0,2,3,5,0.0,0.0,0.0
487,132,,5,3.0,2,3,7,0.033161,0.020869,0.041293
487,223,,5,3.0,2,3,4,0.0,0.0,0.0
487,451,,1,3.0,2,3,6,0.013777,0.008339,0.011777
487,451,,2,3.0,2,3,7,0.0,0.0,0.0
487,483,,5,3.0,2,3,2,1.199321,6.89698,1.088343
487,486,,1,3.0,2,3,3,0.812792,5.295248,1.746764
487,489,,1,3.0,2,3,3,0.0,0.0,0.0
487,512,,5,3.0,2,3,8,0.004894,0.007446,0.017605
488,12,,2,3.0,2,3,4,0.0,0.0,0.0
488,61,,1,3.0,2,3,6,0.25093,0.177525,0.239451
488,61,,5,3.0,2,3,6,0.083643,0.059175,0.085209
488,64,,2,3.0,2,3,7,0.0,0.0,0.0
488,81,,1,4.0,2,3,5,0.121977,0.010333,0.010079
488,81,,4,4.0,2,3,5,0.0,0.0,0.0
488,111,,4,4.0,2,3,6,0.0,0.0,0.0
488,131,,1,4.0,2,3,6,0.015649,0.003344,0.003352
488,131,,4,4.0,2,3,5,0.0,0.0,0.0
488,132,,5,3.0,2,3,7,0.559978,0.351041,0.644522
488,171,,4,4.0,2,3,6,0.0,0.0,0.0
488,223,,5,3.0,2,3,4,0.0,0.0,0.0
488,451,,1,3.0,2,3,6,0.231581,0.139164,0.179371
488,451,,2,3.0,2,3,6,0.0,0.0,0.0
488,483,,5,3.0,2,3,2,20.275967,116.601746,19.487169
488,484,,1,4.0,2,3,3,0.0,0.0,0.0
488,486,,1,3.0,2,3,2,12.59613,82.062325,17.417045
488,486,,1,4.0,2,3,2,0.0,0.0,0.0
488,486,,5,3.0,2,3,2,1.145103,7.460212,1.685602
488,489,,1,3.0,2,3,3,0.0,0.0,0.0
488,512,,5,3.0,2,3,8,0.082753,0.125887,0.279685
489,12,,1,3.0,2,3,5,0.0,0.0,0.0
489,61,,1,3.0,2,3,6,0.485729,0.343638,0.449404
489,61,,2,3.0,2,3,6,0.040477,0.028636,0.04044
489,61,,5,3.0,2,3,6,0.121432,0.085909,0.125402
489,64,,2,3.0,2,3,7,0.0,0.0,0.0
489,64,,4,4.0,2,3,6,0.0,0.0,0.0
489,81,,1,4.0,2,3,5,0.236088,0.02,0.015649
489,81,,4,4.0,2,3,4,0.0,0.0,0.0
489,111,,4,4.0,2,3,6,0.0,0.0,0.0
489,131,,1,4.0,2,3,5,0.030392,0.006656,0.006451
489,131,,4,4.0,2,3,5,0.0,0.0,0.0
489,132,,2,3.0,2,3,6,1.083957,0.679515,0.923687
489,171,,4,4.0,2,3,5,0.0,0.0,0.0
489,223,,1,3.0,2,3,4,0.0,0.0,0.0
489,451,,2,3.0,2,3,6,0.448274,0.269382,0.397586
489,483,,3,3.0,2,3,2,39.248493,225.707748,38.202865
489,484,,1,4.0,2,3,3,0.001435,0.000388,0.000111
489,486,,1,3.0,2,3,3,20.553858,133.906006,44.482273
489,486,,1,4.0,2,3,3,0.0,0.0,0.0
489,486,,2,3.0,2,3,3,3.627151,23.63047,8.188565
489,486,,3,3.0,2,3,3,0.0,0.0,0.0
489,486,,5,3.0,2,3,3,2.418101,15.753648,6.114166
489,489,,1,3.0,2,3,3,0.0,0.0,0.0
489,512,,1,3.0,2,3,7,0.160181,0.243696,0.373357
489,512,,2,3.0,2,3,7,0.0,0.0,0.0
491,61,,1,3.0,2,3,4,0.60036,2.349719,1.620838
491,61,,2,3.0,2,3,5,0.031598,0.123669,0.095851
491,61,,5,3.0,2,3,5,0.094794,0.371008,0.289002
491,64,,1,3.0,2,3,5,0.059784,0.350593,0.264318
491,64,,5,3.0,2,3,5,0.029892,0.175296,0.146707
491,81,,4,4.0,2,3,3,0.0,0.0,0.0
491,321,,4,4.0,2,3,3,0.0,0.0,0.0
491,531,,2,3.0,2,3,6,0.0,0.0,0.0
499,61,,1,3.0,2,3,4,0.083663,0.327444,0.180025
499,64,,1,3.0,2,3,5,0.010323,0.06054,0.046938
499,321,,1,4.0,2,3,3,0.0,0.0,0.0
499,531,,2,3.0,2,3,6,0.0,0.0,0.0
500,363,,1,4.0,2,3,3,0.0,0.0,0.0
511,12,,2,3.0,2,3,5,0.0,0.0,0.0
511,61,,2,3.0,2,3,8,0.0,0.0,0.0
511,111,,1,4.0,2,3,2,0.001069,9.1e-05,1.1e-05
511,131,,4,4.0,2,3,3,0.0,0.0,0.0
511,132,,2,3.0,2,3,3,0.002205,0.004262,0.002085
511,451,,2,3.0,2,3,3,0.003507,0.002599,0.001006
511,512,,1,3.0,2,3,1,0.857249,2.108121,0.18219
511,512,,1,4.0,2,3,1,0.0,0.0,0.0
511,512,,2,3.0,2,3,1,0.0,0.0,0.0
511,512,,5,3.0,2,3,1,0.115079,0.281946,0.026122
512,12,,2,3.0,2,3,5,0.0,0.0,0.0
512,61,,2,3.0,2,3,8,0.0,0.0,0.0
512,61,,5,3.0,2,3,8,0.0,0.0,0.0
512,111,,1,4.0,2,3,2,0.00137,0.000116,2.1e-05
512,131,,4,4.0,2,3,3,0.0,0.0,0.0
512,132,,2,3.0,2,3,4,0.002114,0.004087,0.002067
512,451,,2,3.0,2,3,3,0.003314,0.002455,0.000991
512,512,,1,3.0,2,3,1,0.859864,2.114553,0.052073
512,512,,1,4.0,2,3,1,0.0,0.0,0.0
512,512,,2,3.0,2,3,1,0.035828,0.226848,0.004729
512,512,,3,3.0,2,3,1,0.035828,0.088106,0.002607
513,12,,2,3.0,2,3,6,0.0,0.0,0.0
513,61,,2,3.0,2,3,8,0.0,0.0,0.0
513,111,,1,4.0,2,3,1,0.003387,0.000287,1.2e-05
513,131,,1,4.0,2,3,4,0.002579,0.000219,0.000137
513,131,,4,4.0,2,3,4,0.0,0.0,0.0
513,132,,2,3.0,2,3,4,0.007104,0.013734,0.00859
513,451,,2,3.0,2,3,4,0.011123,0.008225,0.004364
513,512,,1,3.0,2,3,2,2.739371,6.736491,1.160622
513,512,,1,4.0,2,3,2,0.0,0.0,0.0
513,512,,5,3.0,2,3,2,0.391324,0.962331,0.223268
519,12,,2,3.0,2,3,5,0.0,0.0,0.0
519,61,,5,3.0,2,3,8,0.0,0.0,0.0
519,111,,1,4.0,2,3,2,0.002056,0.000174,3.5e-05
519,131,,4,4.0,2,3,3,0.0,0.0,0.0
519,132,,2,3.0,2,3,4,0.002599,0.005024,0.002938
519,451,,1,3.0,2,3,3,0.004098,0.003028,0.001286
519,512,,1,3.0,2,3,2,0.989066,2.432283,0.518516
519,512,,1,4.0,2,3,2,0.0,0.0,0.0
519,512,,2,3.0,2,3,3,0.0,0.0,0.0
519,512,,5,3.0,2,3,3,0.156168,0.384045,0.100039
531,61,,1,3.0,2,3,6,0.012013,0.002824,0.003253
531,61,,4,4.0,2,3,5,0.0,0.0,0.0
531,61,,5,3.0,2,3,6,0.006006,0.001412,0.001998
531,64,,1,3.0,2,3,5,0.148093,0.20902,0.168996
531,111,,2,3.0,2,3,8,0.0,0.0,0.0
531,132,,2,3.0,2,3,8,0.0,0.0,0.0
531,171,,4,4.0,2,3,7,0.0,0.0,0.0
531,223,,2,3.0,2,3,8,0.0,0.0,0.0
531,363,,5,3.0,2,3,8,0.0,0.0,0.0
531,411,,1,3.0,2,3,2,2.704161,12.24869,2.111692
531,451,,2,3.0,2,3,8,0.0,0.0,0.0
531,512,,5,3.0,2,3,8,0.0,0.0,0.0
531,531,,1,3.0,2,3,1,436.480774,2782.351318,121.365875
531,531,,1,4.0,2,3,1,0.0,0.0,0.0
531,531,,2,3.0,2,3,1,0.0,0.0,0.0
531,531,,3,3.0,2,3,1,145.493591,897.607483,39.121742
531,532,,2,3.0,2,3,2,1905.081055,10287.69043,1617.385681
531,539,,1,3.0,2,3,2,0.0,0.0,0.0
532,61,,1,3.0,2,3,6,0.001148,0.00027,0.000275
532,61,,4,4.0,2,3,5,0.0,0.0,0.0
532,64,,2,3.0,2,3,5,0.009437,0.01332,0.010555
532,111,,2,3.0,2,3,8,0.0,0.0,0.0
532,171,,4,4.0,2,3,7,0.0,0.0,0.0
532,223,,2,3.0,2,3,8,0.0,0.0,0.0
532,411,,1,3.0,2,3,1,0.172325,0.780558,0.02848
532,512,,2,3.0,2,3,8,0.0,0.0,0.0
532,531,,1,3.0,2,3,2,28.845303,177.958084,29.670879
532,531,,1,4.0,2,3,2,0.0,0.0,0.0
532,531,,2,3.0,2,3,2,4.120757,25.422583,4.646064
532,531,,5,3.0,2,3,2,4.120757,25.422583,4.771998
532,532,,2,3.0,2,3,1,121.402901,655.591614,34.021295
532,539,,1,3.0,2,3,3,0.0,0.0,0.0
539,61,,1,3.0,2,3,6,0.003639,0.000855,0.001048
539,61,,4,4.0,2,3,5,0.0,0.0,0.0
539,64,,1,3.0,2,3,5,0.02991,0.042215,0.036948
539,111,,2,3.0,2,3,8,0.0,0.0,0.0
539,171,,4,4.0,2,3,7,0.0,0.0,0.0
539,223,,2,3.0,2,3,8,0.0,0.0,0.0
539,363,,5,3.0,2,3,8,0.0,0.0,0.0
539,411,,3,3.0,2,3,3,0.546149,2.473823,0.716419
539,512,,2,3.0,2,3,8,0.0,0.0,0.0
539,531,,1,3.0,2,3,2,58.769615,362.572998,82.538818
539,531,,1,4.0,2,3,2,0.0,0.0,0.0
539,531,,2,3.0,2,3,3,58.769615,362.572998,96.737978
539,532,,2,3.0,2,3,3,384.762207,2077.766113,675.556303
539,539,,1,3.0,2,3,2,0.0,0.0,0.0
540,61,,2,3.0,2,3,8,0.0,0.0,0.0
551,61,,1,3.0,2,3,8,0.391314,1.890085,3.930579
551,61,,2,3.0,2,3,8,0.069055,0.333544,0.776132
551,61,,5,3.0,2,3,8,0.023018,0.111181,0.258833
551,64,,2,3.0,2,3,8,0.0,0.0,0.0
551,132,,2,3.0,2,3,6,0.0,0.0,0.0
551,171,,1,4.0,2,3,2,0.0,0.0,0.0
551,363,,1,3.0,2,3,5,0.0,0.0,0.0
551,512,,1,3.0,2,3,6,0.0,0.0,0.0
551,531,,1,3.0,2,3,7,0.051162,0.314049,0.625851
559,61,,1,3.0,2,3,8,0.497878,2.4048,4.928613
559,61,,2,3.0,2,3,8,0.086588,0.418226,0.978849
559,61,,5,3.0,2,3,8,0.129881,0.627339,1.472731
559,64,,2,3.0,2,3,8,0.0,0.0,0.0
559,132,,2,3.0,2,3,6,0.0,0.0,0.0
559,171,,1,4.0,2,3,2,0.0,0.0,0.0
559,363,,1,3.0,2,3,6,0.0,0.0,0.0
559,363,,2,3.0,2,3,6,0.0,0.0,0.0
559,512,,1,3.0,2,3,6,0.001482,0.000794,0.000905
559,512,,2,3.0,2,3,6,0.0,0.0,0.0
559,531,,1,3.0,2,3,7,0.010801,0.0663,0.125619
559,531,,2,3.0,2,3,7,0.043204,0.2652,0.529312
559,531,,5,3.0,2,3,8,0.021602,0.1326,0.266768
11,12,,1,3.0,2,3,3,0.0,0.0,0.0
11,12,,2,3.0,2,3,3,0.0,0.0,0.0
11,12,,3,3.0,2,3,3,0.0,0.0,0.0
11,12,,5,3.0,2,3,3,0.0,0.0,0.0
11,111,,4,4.0,2,3,4,0.0,0.0,0.0
11,131,,1,4.0,2,3,2,0.00279,0.000236,3.9e-05
11,132,,1,3.0,2,3,3,0.001754,0.001669,0.000648
11,451,,2,3.0,2,3,4,0.0,0.0,0.0
12,12,,1,3.0,2,3,1,0.0,0.0,0.0
12,12,,2,3.0,2,3,1,0.0,0.0,0.0
12,12,,3,3.0,2,3,1,0.0,0.0,0.0
12,12,,5,3.0,2,3,1,0.0,0.0,0.0
12,111,,4,4.0,2,3,5,0.0,0.0,0.0
12,131,,4,4.0,2,3,3,0.0,0.0,0.0
12,132,,1,3.0,2,3,4,0.0,0.0,0.0
19,12,,1,3.0,2,3,2,0.002934,0.002307,0.000528
19,12,,2,3.0,2,3,3,0.0,0.0,0.0
19,12,,5,3.0,2,3,3,0.0,0.0,0.0
19,111,,4,4.0,2,3,4,0.0,0.0,0.0
19,131,,1,4.0,2,3,2,0.003789,0.000321,6.5e-05
19,132,,1,3.0,2,3,3,0.002646,0.002517,0.000936
19,132,,2,3.0,2,3,3,0.0,0.0,0.0
19,451,,1,3.0,2,3,3,0.0,0.0,0.0
41,41,,1,4.0,2,3,1,0.070892,0.006005,9.9e-05
41,61,,1,3.0,2,3,3,0.038877,0.052175,0.020244
41,61,,2,3.0,2,3,4,0.002592,0.003478,0.001826
41,61,,5,3.0,2,3,4,0.003026,0.003682,0.001934
41,64,,5,3.0,2,3,5,0.0,0.0,0.0
41,132,,5,3.0,2,3,8,0.45402,0.275318,0.784686
41,451,,5,3.0,2,3,8,0.094834,0.12604,0.361761
42,41,,1,4.0,2,3,2,0.011533,0.000977,0.000143
42,61,,1,3.0,2,3,4,0.007772,0.009764,0.005084
42,64,,5,3.0,2,3,5,0.0,0.0,0.0
42,132,,5,3.0,2,3,8,0.073863,0.044791,0.124355
42,451,,5,3.0,2,3,8,0.01541,0.020466,0.057232
49,41,,1,4.0,2,3,2,0.008353,0.000708,8.9e-05
49,61,,1,3.0,2,3,3,0.005192,0.006967,0.003163
49,64,,5,3.0,2,3,5,0.0,0.0,0.0
49,132,,1,3.0,2,3,8,0.0535,0.032443,0.065323
49,451,,5,3.0,2,3,8,0.011161,0.014823,0.043306
50,12,,1,3.0,2,3,3,0.0,0.0,0.0
50,61,,1,3.0,2,3,7,0.029807,0.049791,0.083433
50,61,,4,4.0,2,3,6,0.0,0.0,0.0
50,61,,5,3.0,2,3,7,0.007948,0.013278,0.024908
50,64,,2,3.0,2,3,8,0.0,0.0,0.0
50,131,,1,4.0,2,3,4,0.119518,0.010125,0.005541
50,131,,4,4.0,2,3,4,0.0,0.0,0.0
50,132,,1,3.0,2,3,5,2.731925,2.387926,1.85868
50,132,,2,3.0,2,3,5,0.0,0.0,0.0
50,132,,5,3.0,2,3,5,0.546385,0.477585,0.440024
50,223,,1,3.0,2,3,3,0.012621,0.021048,0.010259
50,223,,2,3.0,2,3,4,0.0,0.0,0.0
50,223,,5,3.0,2,3,4,0.025242,0.042096,0.024001
50,279,,2,3.0,2,3,6,0.0,0.0,0.0
50,451,,1,3.0,2,3,5,6.748107,9.726537,8.212262
50,451,,5,3.0,2,3,6,2.249268,3.242073,3.832236
50,486,,1,3.0,2,3,4,0.0,0.0,0.0
50,486,,2,3.0,2,3,4,0.0,0.0,0.0
50,486,,5,3.0,2,3,4,0.0,0.0,0.0
50,512,,3,3.0,2,3,8,0.614325,0.422447,1.008401
61,12,,2,3.0,2,3,8,0.0,0.0,0.0
61,20,,4,4.0,2,3,7,0.0,0.0,0.0
61,61,,1,3.0,2,3,1,1.393507,3.438761,0.161884
61,61,,1,4.0,2,3,1,0.001776,0.002818,0.000133
61,61,,2,3.0,2,3,1,0.447913,1.489918,0.116947
61,61,,3,3.0,2,3,1,0.099536,0.245626,0.012743
61,61,,5,3.0,2,3,1,0.348377,0.85969,0.06988
61,64,,1,3.0,2,3,3,7.233062,10.497435,4.210916
61,64,,1,4.0,2,3,3,0.005612,0.00119,0.000477
61,64,,4,4.0,2,3,3,0.0,0.0,0.0
61,64,,5,3.0,2,3,3,3.616531,5.248718,2.539547
61,122,,5,3.0,2,3,8,0.0,0.0,0.0
61,131,,4,4.0,2,3,7,0.0,0.0,0.0
61,132,,5,3.0,2,3,8,0.028115,0.006327,0.020531
61,151,,5,3.0,2,3,8,0.004886,0.00251,0.006588
61,421,,2,3.0,2,3,8,0.0,0.0,0.0
61,451,,2,3.0,2,3,8,0.0,0.0,0.0
61,451,,5,3.0,2,3,8,0.0,0.0,0.0
61,484,,4,4.0,2,3,6,0.0,0.0,0.0
61,486,,1,3.0,2,3,7,0.0,0.0,0.0
61,486,,5,3.0,2,3,7,0.0,0.0,0.0
61,491,,4,4.0,2,3,4,0.0,0.0,0.0
61,512,,5,3.0,2,3,8,0.004473,0.008445,0.035597
61,531,,1,3.0,2,3,6,0.237745,0.876455,1.016185
61,531,,2,3.0,2,3,6,0.47549,1.752911,2.252147
61,531,,5,3.0,2,3,6,0.47549,1.752911,2.500647
62,61,,1,3.0,2,3,3,0.258408,0.637675,0.266914
62,61,,4,4.0,2,3,3,0.0,0.0,0.0
62,64,,1,3.0,2,3,2,1.224648,1.777347,0.180889
62,64,,1,4.0,2,3,2,0.0,0.0,0.0
62,132,,2,3.0,2,3,8,0.003173,0.000714,0.002156
62,421,,2,3.0,2,3,8,0.0,0.0,0.0
62,486,,1,3.0,2,3,7,0.0,0.0,0.0
62,512,,2,3.0,2,3,8,0.0,0.0,0.0
62,531,,5,3.0,2,3,6,0.134177,0.49465,0.525903
63,12,,2,3.0,2,3,8,0.0,0.0,0.0
63,61,,1,3.0,2,3,2,0.418772,1.033405,0.130885
63,61,,1,4.0,2,3,2,0.0,0.0,0.0
63,61,,2,3.0,2,3,2,0.0,0.0,0.0
63,61,,5,3.0,2,3,2,0.026173,0.064588,0.009918
63,64,,1,3.0,2,3,3,2.108683,3.060358,1.511785
63,64,,1,4.0,2,3,3,0.001091,0.000231,0.000114
63,64,,4,4.0,2,3,3,0.0,0.0,0.0
63,122,,5,3.0,2,3,8,0.0,0.0,0.0
63,131,,4,4.0,2,3,7,0.0,0.0,0.0
63,132,,2,3.0,2,3,8,0.005464,0.00123,0.003498
63,421,,2,3.0,2,3,8,0.0,0.0,0.0
63,451,,2,3.0,2,3,8,0.0,0.0,0.0
63,484,,4,4.0,2,3,6,0.0,0.0,0.0
63,486,,1,3.0,2,3,6,0.0,0.0,0.0
63,512,,2,3.0,2,3,8,0.001213,0.001834,0.005794
63,531,,3,3.0,2,3,7,0.231036,0.851721,1.286139
64,12,,2,3.0,2,3,8,0.0,0.0,0.0
64,20,,4,4.0,2,3,7,0.0,0.0,0.0
64,61,,1,3.0,2,3,3,1.346373,3.322449,1.285296
64,61,,1,4.0,2,3,3,0.001899,0.003012,0.001165
64,61,,3,3.0,2,3,3,0.269275,0.66449,0.315405
64,61,,4,4.0,2,3,3,0.0,0.0,0.0
64,61,,5,3.0,2,3,3,0.538549,1.32898,0.620133
64,64,,1,3.0,2,3,1,10.20916,14.816685,0.624354
64,64,,1,4.0,2,3,1,0.00667,0.001414,6e-05
64,122,,5,3.0,2,3,8,0.0,0.0,0.0
64,131,,4,4.0,2,3,8,0.0,0.0,0.0
64,132,,2,3.0,2,3,8,0.026455,0.005954,0.018415
64,151,,5,3.0,2,3,8,0.004277,0.002197,0.005407
64,421,,2,3.0,2,3,8,0.0,0.0,0.0
64,451,,2,3.0,2,3,8,0.0,0.0,0.0
64,484,,4,4.0,2,3,6,0.0,0.0,0.0
64,486,,1,3.0,2,3,7,0.0,0.0,0.0
64,491,,4,4.0,2,3,4,0.0,0.0,0.0
64,512,,5,3.0,2,3,8,0.004209,0.007946,0.047965
64,531,,1,3.0,2,3,5,0.559279,2.061799,1.684957
64,531,,5,3.0,2,3,6,0.559279,2.061799,2.173384
65,61,,1,3.0,2,3,3,0.076012,0.187576,0.047487
65,61,,5,3.0,2,3,3,0.0,0.0,0.0
65,64,,1,3.0,2,3,2,0.336222,0.487963,0.081344
65,64,,2,3.0,2,3,2,0.024016,0.034855,0.006364
65,132,,5,3.0,2,3,8,0.0,0.0,0.0
65,421,,2,3.0,2,3,8,0.0,0.0,0.0
65,486,,1,3.0,2,3,7,0.0,0.0,0.0
65,512,,5,3.0,2,3,8,0.0,0.0,0.0
65,531,,5,3.0,2,3,6,0.039469,0.145504,0.162577
69,12,,2,3.0,2,3,8,0.0,0.0,0.0
69,61,,1,3.0,2,3,3,0.28621,0.706281,0.211302
69,61,,1,4.0,2,3,3,0.0,0.0,0.0
69,61,,2,3.0,2,3,3,0.022016,0.054329,0.016893
69,64,,1,3.0,2,3,2,1.383862,2.008417,0.407775
69,64,,1,4.0,2,3,2,0.0,0.0,0.0
69,64,,2,3.0,2,3,2,0.076881,0.111579,0.024315
69,132,,2,3.0,2,3,8,0.003785,0.000852,0.002494
69,421,,2,3.0,2,3,8,0.0,0.0,0.0
69,451,,2,3.0,2,3,8,0.0,0.0,0.0
69,484,,4,4.0,2,3,6,0.0,0.0,0.0
69,486,,1,3.0,2,3,7,0.0,0.0,0.0
69,512,,5,3.0,2,3,8,0.000602,0.001137,0.004891
69,531,,1,3.0,2,3,5,0.160045,0.590011,0.512164
81,61,,5,3.0,2,3,6,6.770412,25.165806,31.565778
81,64,,1,3.0,2,3,6,1.475426,5.212821,6.600302
81,64,,2,3.0,2,3,6,0.368857,1.303205,1.799907
81,64,,5,3.0,2,3,6,0.368857,1.303205,1.800349
81,81,,1,4.0,2,3,1,0.019887,0.005263,7.6e-05
81,132,,5,3.0,2,3,7,0.063831,0.035478,0.066482
81,321,,1,4.0,2,3,5,0.003707,0.000314,0.000241
81,486,,5,3.0,2,3,6,0.0,0.0,0.0
81,531,,5,3.0,2,3,7,2.672413,9.565541,14.763687
89,61,,1,3.0,2,3,5,2.086686,7.75627,7.584743
89,61,,2,3.0,2,3,6,0.298098,1.108039,1.36
89,64,,1,3.0,2,3,6,0.779548,2.754217,3.301485
89,64,,2,3.0,2,3,6,0.0,0.0,0.0
89,81,,1,4.0,2,3,2,0.007005,0.001854,0.000309
89,132,,5,3.0,2,3,8,0.022362,0.012428,0.025812
89,321,,1,4.0,2,3,4,0.001306,0.000111,8.1e-05
89,486,,1,3.0,2,3,6,0.0,0.0,0.0
89,486,,2,3.0,2,3,6,0.0,0.0,0.0
89,486,,5,3.0,2,3,6,0.0,0.0,0.0
89,531,,1,3.0,2,3,6,0.941321,3.36933,4.482946
91,61,,2,3.0,2,3,8,0.0,0.0,0.0
91,363,,1,3.0,2,3,2,0.009588,0.015209,0.00192
91,531,,2,3.0,2,3,8,0.0,0.0,0.0
92,61,,2,3.0,2,3,8,0.0,0.0,0.0
92,363,,1,3.0,2,3,1,0.014075,0.022326,0.001787
92,363,,2,3.0,2,3,1,0.001173,0.001861,0.000168
92,363,,5,3.0,2,3,1,0.001173,0.001861,0.000145
92,531,,2,3.0,2,3,8,0.0,0.0,0.0
99,61,,2,3.0,2,3,8,0.0,0.0,0.0
99,363,,1,3.0,2,3,2,0.001954,0.003099,0.000447
99,531,,2,3.0,2,3,8,0.0,0.0,0.0
101,421,,1,3.0,2,3,1,0.0,0.0,0.0
101,531,,2,3.0,2,3,8,0.0,0.0,0.0
101,532,,2,3.0,2,3,8,0.0,0.0,0.0
109,421,,1,3.0,2,3,2,0.0,0.0,0.0
109,531,,2,3.0,2,3,8,0.0,0.0,0.0
109,532,,2,3.0,2,3,8,0.0,0.0,0.0
121,12,,2,3.0,2,3,3,0.0,0.0,0.0
121,61,,2,3.0,2,3,8,0.0,0.0,0.0
121,122,,1,3.0,2,3,3,0.0,0.0,0.0
121,122,,2,3.0,2,3,3,0.0,0.0,0.0
121,122,,5,3.0,2,3,3,0.002429,0.00284,0.001001
121,131,,4,4.0,2,3,3,0.0,0.0,0.0
121,132,,1,3.0,2,3,2,0.0,0.0,0.0
121,171,,4,4.0,2,3,5,0.0,0.0,0.0
121,451,,2,3.0,2,3,3,0.0,0.0,0.0
121,512,,3,3.0,2,3,4,0.0,0.0,0.0
122,12,,2,3.0,2,3,5,0.0,0.0,0.0
122,61,,2,3.0,2,3,8,0.0,0.0,0.0
122,111,,4,4.0,2,3,5,0.0,0.0,0.0
122,121,,1,3.0,2,3,3,0.0,0.0,0.0
122,122,,1,3.0,2,3,1,0.003384,0.003957,0.000153
122,122,,2,3.0,2,3,1,0.003384,0.021428,0.001062
122,122,,3,3.0,2,3,1,0.003384,0.003957,0.000182
122,131,,4,4.0,2,3,4,0.0,0.0,0.0
122,132,,1,3.0,2,3,3,0.001441,0.000818,0.000379
122,171,,4,4.0,2,3,6,0.0,0.0,0.0
122,451,,1,3.0,2,3,4,0.0,0.0,0.0
122,512,,3,3.0,2,3,5,0.001958,0.000518,0.000461
123,12,,2,3.0,2,3,4,0.0,0.0,0.0
123,61,,2,3.0,2,3,8,0.0,0.0,0.0
123,121,,1,3.0,2,3,2,0.0,0.0,0.0
123,122,,1,3.0,2,3,2,0.00383,0.004478,0.001036
123,122,,2,3.0,2,3,3,0.000957,0.001119,0.000281
123,131,,4,4.0,2,3,3,0.0,0.0,0.0
123,132,,1,3.0,2,3,3,0.0,0.0,0.0
123,132,,5,3.0,2,3,3,0.0,0.0,0.0
123,171,,4,4.0,2,3,5,0.0,0.0,0.0
123,451,,1,3.0,2,3,3,0.0,0.0,0.0
123,512,,2,3.0,2,3,5,0.0,0.0,0.0
124,12,,2,3.0,2,3,4,0.0,0.0,0.0
124,61,,2,3.0,2,3,8,0.0,0.0,0.0
124,121,,1,3.0,2,3,2,0.0,0.0,0.0
124,122,,1,3.0,2,3,3,0.004773,0.005581,0.001414
124,122,,5,3.0,2,3,3,0.0,0.0,0.0
124,131,,4,4.0,2,3,3,0.0,0.0,0.0
124,132,,1,3.0,2,3,3,0.0,0.0,0.0
124,171,,4,4.0,2,3,5,0.0,0.0,0.0
124,451,,2,3.0,2,3,3,0.0,0.0,0.0
124,512,,2,3.0,2,3,5,0.0,0.0,0.0
129,12,,1,3.0,2,3,3,0.0,0.0,0.0
129,61,,2,3.0,2,3,8,0.0,0.0,0.0
129,111,,4,4.0,2,3,5,0.0,0.0,0.0
129,121,,1,3.0,2,3,2,0.0,0.0,0.0
129,122,,1,3.0,2,3,2,0.006289,0.007353,0.001821
129,122,,5,3.0,2,3,3,0.0,0.0,0.0
129,131,,4,4.0,2,3,3,0.0,0.0,0.0
129,132,,1,3.0,2,3,3,0.0,0.0,0.0
129,171,,4,4.0,2,3,5,0.0,0.0,0.0
129,451,,1,3.0,2,3,3,0.0,0.0,0.0
129,451,,5,3.0,2,3,4,0.0,0.0,0.0
129,512,,2,3.0,2,3,5,0.001213,0.000307,0.000268
131,12,,2,3.0,2,3,3,0.0,0.0,0.0
131,111,,4,4.0,2,3,4,0.0,0.0,0.0
131,131,,1,4.0,2,3,1,0.01451,0.001229,4.3e-05
131,132,,1,3.0,2,3,3,0.219004,0.308646,0.079807
131,132,,2,3.0,2,3,3,0.010429,0.014697,0.004418
131,132,,5,3.0,2,3,3,0.0,0.0,0.0
131,139,,1,3.0,2,3,3,0.003708,0.011446,0.003445
131,139,,5,3.0,2,3,3,0.001854,0.005723,0.00194
131,341,,2,3.0,2,3,5,0.0,0.0,0.0
131,451,,1,3.0,2,3,3,0.002859,0.003144,0.001004
131,512,,1,3.0,2,3,4,0.004707,0.004599,0.002698
132,131,,1,4.0,2,3,2,0.0,0.0,0.0
132,132,,1,3.0,2,3,1,0.010727,0.015118,0.000517
132,132,,2,3.0,2,3,1,0.001341,0.00189,6.6e-05
132,341,,2,3.0,2,3,5,0.0,0.0,0.0
132,512,,3,3.0,2,3,4,0.0,0.0,0.0
139,12,,1,3.0,2,3,3,0.0,0.0,0.0
139,131,,1,4.0,2,3,2,0.004372,0.00037,6e-05
139,132,,1,3.0,2,3,2,0.044458,0.062655,0.011587
139,132,,2,3.0,2,3,2,0.008083,0.011392,0.002346
139,132,,5,3.0,2,3,2,0.00419,0.006627,0.001509
139,139,,1,3.0,2,3,2,0.001664,0.005137,0.00097
139,341,,2,3.0,2,3,5,0.0,0.0,0.0
139,451,,1,3.0,2,3,3,0.0,0.0,0.0
139,512,,1,3.0,2,3,4,0.002038,0.001238,0.000741
151,151,,1,3.0,2,3,1,0.002935,0.002453,1.2e-05
159,151,,3,3.0,2,3,2,0.009548,0.007866,0.001465
160,61,,2,3.0,2,3,6,0.0,0.0,0.0
160,64,,1,4.0,2,3,5,0.042263,0.00441,0.00339
160,531,,1,3.0,2,3,4,0.022124,0.042801,0.024174
160,531,,2,3.0,2,3,4,0.005531,0.0107,0.007073
171,12,,2,3.0,2,3,5,0.0,0.0,0.0
171,61,,2,3.0,2,3,8,7.381556,36.325665,79.921085
171,64,,1,3.0,2,3,8,0.0,0.0,0.0
171,131,,4,4.0,2,3,4,0.0,0.0,0.0
171,132,,2,3.0,2,3,6,1.149183,2.439209,2.559267
171,151,,4,4.0,2,3,8,0.0,0.0,0.0
171,171,,1,3.0,2,3,1,0.0,0.0,0.0
171,171,,1,4.0,2,3,1,0.0,0.0,0.0
171,171,,3,3.0,2,3,1,0.0,0.0,0.0
171,221,,2,3.0,2,3,5,0.0,0.0,0.0
171,279,,3,3.0,2,3,5,0.0,0.0,0.0
171,363,,1,3.0,2,3,5,0.0,0.0,0.0
171,363,,5,3.0,2,3,5,0.0,0.0,0.0
171,421,,1,3.0,2,3,5,0.033922,0.223494,0.195372
171,421,,2,3.0,2,3,5,0.034435,0.223969,0.194752
171,451,,2,3.0,2,3,6,0.210762,0.366336,0.389772
171,512,,1,3.0,2,3,5,8.082391,18.035639,16.304851
171,512,,2,3.0,2,3,6,0.0,0.0,0.0
171,512,,5,3.0,2,3,6,0.673507,1.502942,1.508801
171,531,,2,3.0,2,3,8,0.795224,3.232811,7.15168
172,12,,2,3.0,2,3,5,0.0,0.0,0.0
172,61,,1,3.0,2,3,7,0.212304,1.044776,1.980254
172,61,,5,3.0,2,3,8,0.042461,0.208955,0.43172
172,64,,2,3.0,2,3,8,0.0,0.0,0.0
172,131,,4,4.0,2,3,3,0.0,0.0,0.0
172,132,,2,3.0,2,3,5,0.03966,0.084184,0.081491
172,171,,5,3.0,2,3,3,0.0,0.0,0.0
172,221,,2,3.0,2,3,4,0.0,0.0,0.0
172,279,,2,3.0,2,3,5,0.0,0.0,0.0
172,363,,1,3.0,2,3,5,0.0,0.0,0.0
172,421,,3,3.0,2,3,8,0.002869,0.015916,0.043614
172,451,,5,3.0,2,3,6,0.007347,0.01301,0.013111
172,512,,1,3.0,2,3,5,0.302188,0.674336,0.635109
172,512,,2,3.0,2,3,6,0.0,0.0,0.0
172,512,,5,3.0,2,3,6,0.0,0.0,0.0
172,531,,2,3.0,2,3,8,0.027446,0.111576,0.259857
179,12,,2,3.0,2,3,5,0.0,0.0,0.0
179,61,,1,3.0,2,3,7,1.119482,5.509128,10.858394
179,61,,2,3.0,2,3,8,0.17676,0.869862,1.878247
179,61,,5,3.0,2,3,8,0.17676,0.869862,1.884793
179,64,,1,3.0,2,3,8,0.0,0.0,0.0
179,131,,4,4.0,2,3,3,0.0,0.0,0.0
179,132,,2,3.0,2,3,6,0.229305,0.486739,0.49315
179,151,,4,4.0,2,3,8,0.0,0.0,0.0
179,171,,1,3.0,2,3,2,0.0,0.0,0.0
179,171,,1,4.0,2,3,2,0.0,0.0,0.0
179,221,,2,3.0,2,3,5,0.0,0.0,0.0
179,279,,2,3.0,2,3,4,0.0,0.0,0.0
179,363,,1,3.0,2,3,5,0.0,0.0,0.0
179,421,,1,3.0,2,3,5,0.014902,0.090461,0.08023
179,451,,2,3.0,2,3,6,0.042058,0.073103,0.07665
179,512,,1,3.0,2,3,5,1.497764,3.34202,3.064903
179,512,,2,3.0,2,3,6,0.249599,0.556985,0.59898
179,512,,5,3.0,2,3,6,0.0,0.0,0.0
179,531,,1,3.0,2,3,8,0.158688,0.645113,1.371803
179,531,,2,3.0,2,3,8,0.0,0.0,0.0
181,61,,1,3.0,2,3,8,0.232603,0.389575,0.798974
181,61,,2,3.0,2,3,8,0.038767,0.064929,0.147753
181,61,,5,3.0,2,3,8,0.038767,0.064929,0.147882
181,64,,2,3.0,2,3,8,0.041864,0.075893,0.174877
181,121,,1,3.0,2,3,6,0.00253,0.004738,0.004875
181,132,,2,3.0,2,3,6,0.010531,0.014842,0.015133
181,171,,1,4.0,2,3,1,0.003446,0.000319,2.3e-05
181,171,,2,3.0,2,3,1,0.0,0.0,0.0
181,279,,3,3.0,2,3,5,0.0,0.0,0.0
181,363,,1,3.0,2,3,5,0.00613,0.009245,0.007436
181,421,,2,3.0,2,3,5,0.0,0.0,0.0
181,451,,2,3.0,2,3,6,0.001616,0.000832,0.000861
181,512,,1,3.0,2,3,5,0.0,0.0,0.0
181,512,,2,3.0,2,3,5,0.130715,0.155898,0.152566
181,531,,1,3.0,2,3,8,0.003801,0.00685,0.014959
182,61,,1,3.0,2,3,8,0.775459,1.298778,2.771814
182,61,,2,3.0,2,3,8,0.077546,0.129878,0.297313
182,61,,5,3.0,2,3,8,0.465275,0.779267,1.785375
182,64,,5,3.0,2,3,8,0.177951,0.322594,0.788482
182,121,,1,3.0,2,3,5,0.010754,0.02014,0.0181
182,132,,1,3.0,2,3,5,0.022381,0.031545,0.024592
182,132,,5,3.0,2,3,5,0.022507,0.031717,0.028694
182,171,,1,4.0,2,3,2,0.015277,0.001739,0.00036
182,171,,2,3.0,2,3,3,0.0,0.0,0.0
182,279,,2,3.0,2,3,5,0.0,0.0,0.0
182,363,,1,3.0,2,3,4,0.013028,0.019648,0.014735
182,363,,5,3.0,2,3,5,0.013028,0.019648,0.01765
182,421,,1,3.0,2,3,4,0.0,0.0,0.0
182,451,,5,3.0,2,3,5,0.006869,0.003535,0.003305
182,512,,1,3.0,2,3,4,0.317505,0.378672,0.275293
182,512,,5,3.0,2,3,5,0.238124,0.284,0.24465
182,531,,5,3.0,2,3,8,0.016155,0.029117,0.070645
183,61,,1,3.0,2,3,8,0.250001,0.418715,0.9096
183,61,,5,3.0,2,3,8,0.046875,0.078509,0.184548
183,64,,5,3.0,2,3,8,0.040074,0.072648,0.17563
183,121,,1,3.0,2,3,5,0.002422,0.004535,0.004408
183,132,,1,3.0,2,3,5,0.010758,0.014592,0.012309
183,171,,1,4.0,2,3,2,0.003298,0.000306,5.7e-05
183,171,,2,3.0,2,3,2,0.0,0.0,0.0
183,279,,2,3.0,2,3,4,0.0,0.0,0.0
183,363,,1,3.0,2,3,4,0.005868,0.00885,0.006036
183,421,,5,3.0,2,3,4,0.0,0.0,0.0
183,451,,1,3.0,2,3,5,0.001547,0.000796,0.000623
183,512,,1,3.0,2,3,4,0.093847,0.111926,0.081875
183,512,,5,3.0,2,3,5,0.031281,0.037308,0.032057
183,531,,1,3.0,2,3,8,0.003638,0.006557,0.015039
189,61,,1,3.0,2,3,8,1.139318,1.908188,4.032251
189,64,,1,3.0,2,3,8,0.153793,0.278801,0.632985
189,121,,1,3.0,2,3,5,0.009294,0.017405,0.015515
189,132,,1,3.0,2,3,5,0.038685,0.054525,0.042273
189,171,,1,4.0,2,3,2,0.012856,0.001292,0.000283
189,171,,2,3.0,2,3,3,0.0,0.0,0.0
189,279,,2,3.0,2,3,5,0.0,0.0,0.0
189,363,,1,3.0,2,3,5,0.022519,0.033962,0.02638
189,421,,3,3.0,2,3,8,0.0,0.0,0.0
189,451,,1,3.0,2,3,4,0.005936,0.003056,0.002264
189,512,,1,3.0,2,3,5,0.240097,0.286353,0.215148
189,512,,5,3.0,2,3,5,0.240566,0.286472,0.25501
189,531,,1,3.0,2,3,8,0.006981,0.012582,0.028889
189,531,,5,3.0,2,3,8,0.006981,0.012582,0.030278
190,12,,2,3.0,2,3,6,0.0,0.0,0.0
190,61,,1,3.0,2,3,7,0.018468,0.036756,0.064165
190,61,,2,3.0,2,3,7,0.005432,0.010811,0.021402
190,61,,5,3.0,2,3,7,0.004345,0.008649,0.017193
190,64,,1,3.0,2,3,7,0.0,0.0,0.0
190,64,,4,4.0,2,3,7,0.0,0.0,0.0
190,64,,5,3.0,2,3,7,0.0,0.0,0.0
190,131,,4,4.0,2,3,5,0.0,0.0,0.0
190,132,,2,3.0,2,3,6,0.0,0.0,0.0
190,151,,4,4.0,2,3,8,0.027672,0.002492,0.009831
190,171,,1,3.0,2,3,3,0.0,0.0,0.0
190,171,,1,4.0,2,3,3,0.0,0.0,0.0
190,171,,5,3.0,2,3,3,0.0,0.0,0.0
190,190,,1,4.0,2,3,2,0.0,0.0,0.0
190,221,,5,3.0,2,3,6,3.306507,21.825125,25.568247
190,223,,3,3.0,2,3,6,0.0,0.0,0.0
190,421,,1,3.0,2,3,6,0.0043,0.000364,0.000429
190,451,,1,3.0,2,3,6,0.369374,0.197285,0.238956
190,512,,1,3.0,2,3,6,1.663787,2.198647,2.653458
190,512,,2,3.0,2,3,6,0.237684,0.314092,0.423533
190,512,,5,3.0,2,3,6,0.0,0.0,0.0
190,531,,1,3.0,2,3,7,0.0,0.0,0.0
190,531,,2,3.0,2,3,8,0.0,0.0,0.0
190,531,,5,3.0,2,3,8,0.0,0.0,0.0
201,61,,1,3.0,2,3,7,0.303588,1.981067,3.196709
201,64,,2,3.0,2,3,7,0.0,0.0,0.0
201,132,,2,3.0,2,3,6,0.077672,0.0451,0.057701
201,241,,2,3.0,2,3,6,0.0,0.0,0.0
201,451,,2,3.0,2,3,6,0.0,0.0,0.0
201,512,,1,3.0,2,3,6,1.353577,3.564792,4.225397
201,512,,5,3.0,2,3,6,0.676788,1.782396,2.547089
201,531,,2,3.0,2,3,8,0.0,0.0,0.0
202,61,,5,3.0,2,3,7,0.151547,0.988921,1.539993
202,64,,2,3.0,2,3,7,0.0,0.0,0.0
202,132,,5,3.0,2,3,6,0.038773,0.022513,0.030304
202,241,,2,3.0,2,3,6,0.0,0.0,0.0
202,451,,5,3.0,2,3,7,0.0,0.0,0.0
202,512,,1,3.0,2,3,6,1.01353,2.66924,3.61925
202,531,,2,3.0,2,3,8,0.0,0.0,0.0
209,61,,1,3.0,2,3,6,0.191192,1.247626,1.735971
209,64,,2,3.0,2,3,7,0.0,0.0,0.0
209,132,,1,3.0,2,3,6,0.048916,0.028403,0.035696
209,241,,2,3.0,2,3,7,0.0,0.0,0.0
209,451,,2,3.0,2,3,7,0.0,0.0,0.0
209,512,,1,3.0,2,3,6,0.639336,1.683762,2.337906
209,512,,2,3.0,2,3,7,0.319668,0.841881,1.39891
209,512,,5,3.0,2,3,7,0.319668,0.841881,1.407353
209,531,,2,3.0,2,3,8,0.0,0.0,0.0
211,61,,2,3.0,2,3,8,0.0,0.0,0.0
211,132,,2,3.0,2,3,5,0.001375,0.001541,0.00116
211,451,,1,3.0,2,3,4,0.002525,0.001399,0.000834
211,512,,1,3.0,2,3,4,0.001761,0.000675,0.000406
211,512,,5,3.0,2,3,4,0.0,0.0,0.0
211,531,,2,3.0,2,3,8,0.0,0.0,0.0
212,61,,1,3.0,2,3,8,0.0,0.0,0.0
212,132,,1,3.0,2,3,4,0.003177,0.003226,0.002107
212,132,,2,3.0,2,3,4,0.0,0.0,0.0
212,132,,5,3.0,2,3,4,0.00129,0.001441,0.001049
212,451,,1,3.0,2,3,4,0.005662,0.003136,0.001863
212,451,,2,3.0,2,3,5,0.0,0.0,0.0
212,451,,5,3.0,2,3,5,0.002987,0.001917,0.001515
212,512,,1,3.0,2,3,4,0.005155,0.001609,0.001038
212,512,,2,3.0,2,3,5,0.0,0.0,0.0
212,512,,5,3.0,2,3,5,0.0,0.0,0.0
212,531,,2,3.0,2,3,8,0.0,0.0,0.0
219,61,,1,3.0,2,3,8,0.0,0.0,0.0
219,61,,2,3.0,2,3,8,0.0,0.0,0.0
219,61,,5,3.0,2,3,8,0.0,0.0,0.0
219,132,,1,3.0,2,3,4,0.004995,0.00558,0.003287
219,132,,2,3.0,2,3,4,0.0,0.0,0.0
219,132,,5,3.0,2,3,4,0.0,0.0,0.0
219,451,,1,3.0,2,3,4,0.002714,0.001503,0.000863
219,451,,2,3.0,2,3,4,0.005438,0.003015,0.002117
219,451,,5,3.0,2,3,4,0.002714,0.001503,0.001058
219,512,,1,3.0,2,3,4,0.003954,0.001234,0.000808
219,512,,2,3.0,2,3,5,0.001318,0.000411,0.000345
219,512,,5,3.0,2,3,5,0.001358,0.000438,0.000379
219,531,,2,3.0,2,3,8,0.0,0.0,0.0
221,12,,1,3.0,2,3,2,0.009689,0.018677,0.00391
221,61,,1,3.0,2,3,7,0.0,0.0,0.0
221,61,,2,3.0,2,3,7,0.0,0.0,0.0
221,61,,5,3.0,2,3,7,0.0,0.0,0.0
221,64,,1,3.0,2,3,8,0.0,0.0,0.0
221,131,,1,4.0,2,3,4,0.003164,0.000268,0.000147
221,132,,2,3.0,2,3,5,0.021972,0.020448,0.017124
221,221,,1,3.0,2,3,1,13.194123,57.446838,0.897759
221,221,,3,3.0,2,3,1,4.398041,13.803636,0.275145
221,222,,3,3.0,2,3,2,0.0,0.0,0.0
221,223,,3,3.0,2,3,2,12.636999,84.043465,9.857033
221,392,,2,3.0,2,3,6,0.0,0.0,0.0
221,451,,2,3.0,2,3,5,0.074127,0.037121,0.035101
221,486,,1,3.0,2,3,3,0.0,0.0,0.0
221,486,,4,4.0,2,3,3,0.0,0.0,0.0
221,512,,3,3.0,2,3,7,0.012222,0.007451,0.013889
221,531,,2,3.0,2,3,8,0.0,0.0,0.0
222,12,,3,3.0,2,3,3,0.003038,0.005021,0.002367
222,64,,1,3.0,2,3,8,0.0,0.0,0.0
222,132,,2,3.0,2,3,5,0.004994,0.004648,0.00444
222,221,,3,3.0,2,3,2,3.998747,12.550416,2.678595
222,223,,1,3.0,2,3,2,2.872424,19.103308,3.916687
222,392,,2,3.0,2,3,6,0.0,0.0,0.0
222,451,,2,3.0,2,3,6,0.016892,0.008445,0.00898
222,486,,1,3.0,2,3,2,0.0,0.0,0.0
222,486,,1,4.0,2,3,2,0.0,0.0,0.0
222,486,,2,3.0,2,3,2,0.0,0.0,0.0
222,486,,3,3.0,2,3,2,0.0,0.0,0.0
222,486,,5,3.0,2,3,2,0.0,0.0,0.0
222,512,,3,3.0,2,3,7,0.002763,0.001677,0.003253
222,531,,2,3.0,2,3,8,0.0,0.0,0.0
223,12,,3,3.0,2,3,2,0.015633,0.028757,0.005986
223,61,,1,3.0,2,3,7,0.0,0.0,0.0
223,64,,1,3.0,2,3,8,0.0,0.0,0.0
223,131,,1,4.0,2,3,3,0.00464,0.000393,0.000192
223,132,,1,3.0,2,3,4,0.03303,0.03071,0.020097
223,132,,2,3.0,2,3,5,0.0,0.0,0.0
223,221,,5,3.0,2,3,1,26.380898,82.798752,7.807194
223,222,,3,3.0,2,3,3,0.0,0.0,0.0
223,223,,1,3.0,2,3,1,0.0,0.0,0.0
223,223,,2,3.0,2,3,1,9.47511,59.993011,2.731794
223,223,,3,3.0,2,3,1,9.47511,63.015049,2.368885
223,392,,2,3.0,2,3,6,0.0,0.0,0.0
223,451,,2,3.0,2,3,5,0.111159,0.055665,0.048361
223,486,,1,3.0,2,3,3,0.0,0.0,0.0
223,486,,4,4.0,2,3,3,0.0,0.0,0.0
223,512,,3,3.0,2,3,7,0.018229,0.011061,0.019334
223,531,,2,3.0,2,3,8,0.0,0.0,0.0
229,12,,3,3.0,2,3,3,0.01719,0.031218,0.014482
229,61,,1,3.0,2,3,7,0.0,0.0,0.0
229,61,,2,3.0,2,3,7,0.0,0.0,0.0
229,61,,5,3.0,2,3,7,0.0,0.0,0.0
229,64,,1,3.0,2,3,8,0.0,0.0,0.0
229,131,,1,4.0,2,3,4,0.004423,0.000375,0.000219
229,132,,1,3.0,2,3,5,0.009211,0.008808,0.006843
229,132,,2,3.0,2,3,5,0.017694,0.016467,0.014597
229,132,,5,3.0,2,3,6,0.008847,0.008233,0.009912
229,221,,3,3.0,2,3,2,28.333298,88.926529,20.657863
229,222,,3,3.0,2,3,3,0.0,0.0,0.0
229,223,,1,3.0,2,3,2,16.28215,108.285873,23.416221
229,223,,3,3.0,2,3,3,4.070538,27.071468,8.410899
229,392,,2,3.0,2,3,6,0.0,0.0,0.0
229,451,,2,3.0,2,3,6,0.119386,0.059785,0.060002
229,486,,1,3.0,2,3,3,0.0,0.0,0.0
229,486,,1,4.0,2,3,3,0.0,0.0,0.0
229,486,,2,3.0,2,3,3,0.0,0.0,0.0
229,486,,5,3.0,2,3,3,0.0,0.0,0.0
229,512,,3,3.0,2,3,8,0.019578,0.01188,0.024153
229,531,,2,3.0,2,3,8,0.0,0.0,0.0
230,363,,1,3.0,2,3,3,0.0,0.0,0.0
241,111,,1,4.0,2,3,1,0.001907,0.000536,2.6e-05
241,132,,2,3.0,2,3,4,0.0,0.0,0.0
241,241,,1,3.0,2,3,1,0.069663,0.093012,0.002406
241,241,,2,3.0,2,3,1,0.00774,0.010335,0.00044
241,363,,1,3.0,2,3,2,0.0,0.0,0.0
241,512,,2,3.0,2,3,3,0.009436,0.010795,0.002922
242,111,,1,4.0,2,3,1,0.001864,0.000556,1e-05
242,241,,1,3.0,2,3,1,0.055993,0.07476,0.002996
242,363,,1,3.0,2,3,3,0.0,0.0,0.0
242,363,,5,3.0,2,3,3,0.0,0.0,0.0
242,512,,2,3.0,2,3,2,0.006826,0.007809,0.001681
249,241,,1,3.0,2,3,1,0.01209,0.016142,0.001471
249,363,,1,3.0,2,3,2,0.0,0.0,0.0
249,363,,5,3.0,2,3,3,0.0,0.0,0.0
249,512,,1,3.0,2,3,2,0.001474,0.001686,0.000372
251,251,,1,3.0,2,3,1,0.0,0.0,0.0
251,251,,2,3.0,2,3,1,0.0,0.0,0.0
251,363,,1,3.0,2,3,2,0.0,0.0,0.0
251,512,,2,3.0,2,3,5,0.0,0.0,0.0
259,251,,1,3.0,2,3,2,0.0,0.0,0.0
259,363,,1,3.0,2,3,2,0.0,0.0,0.0
259,512,,2,3.0,2,3,4,0.0,0.0,0.0
261,132,,2,3.0,2,3,5,0.000477,0.003055,0.003006
261,171,,3,3.0,2,3,4,0.0,0.0,0.0
261,171,,4,4.0,2,3,2,0.0,0.0,0.0
261,261,,1,3.0,2,3,1,0.0,0.0,0.0
261,363,,1,3.0,2,3,4,0.021066,0.106521,0.071807
261,363,,2,3.0,2,3,5,0.002107,0.010652,0.008185
261,363,,5,3.0,2,3,5,0.002107,0.010652,0.008209
261,451,,1,3.0,2,3,5,0.003129,0.008168,0.007221
261,512,,1,3.0,2,3,4,0.360243,1.469035,1.075114
261,512,,2,3.0,2,3,5,0.072553,0.29476,0.250915
261,512,,5,3.0,2,3,5,0.072049,0.293807,0.250246
262,171,,1,4.0,2,3,2,0.0,0.0,0.0
262,171,,3,3.0,2,3,2,0.0,0.0,0.0
262,261,,3,3.0,2,3,4,0.0,0.0,0.0
262,363,,1,3.0,2,3,5,0.005772,0.029188,0.023795
262,363,,5,3.0,2,3,5,0.000525,0.002653,0.002521
262,451,,2,3.0,2,3,6,0.000734,0.002026,0.002192
262,512,,1,3.0,2,3,5,0.125782,0.512601,0.440274
262,512,,5,3.0,2,3,5,0.0,0.0,0.0
269,132,,2,3.0,2,3,6,0.000189,0.001207,0.001358
269,171,,1,4.0,2,3,3,0.0,0.0,0.0
269,171,,3,3.0,2,3,3,0.0,0.0,0.0
269,261,,3,3.0,2,3,3,0.0,0.0,0.0
269,363,,1,3.0,2,3,5,0.0,0.0,0.0
269,363,,2,3.0,2,3,5,0.0,0.0,0.0
269,363,,5,3.0,2,3,5,0.009988,0.050505,0.049811
269,451,,2,3.0,2,3,6,0.001468,0.003459,0.003876
269,512,,1,3.0,2,3,5,0.119733,0.488066,0.423999
269,512,,2,3.0,2,3,5,0.039854,0.162519,0.160295
269,512,,5,3.0,2,3,6,0.040036,0.163055,0.163531
271,20,,5,4.0,2,3,8,0.00619,0.007755,0.023343
271,61,,1,3.0,2,3,7,0.121794,0.093863,0.180637
271,61,,2,3.0,2,3,8,0.016239,0.012515,0.02731
271,61,,5,3.0,2,3,8,0.032479,0.02503,0.054852
271,64,,2,3.0,2,3,8,0.363367,0.221111,0.478934
271,132,,2,3.0,2,3,6,0.125773,0.286527,0.421433
271,171,,4,4.0,2,3,3,0.0,0.0,0.0
271,221,,3,3.0,2,3,7,0.0,0.0,0.0
271,279,,2,3.0,2,3,3,0.0,0.0,0.0
271,363,,1,3.0,2,3,6,0.0,0.0,0.0
271,411,,2,3.0,2,3,7,0.0,0.0,0.0
271,451,,2,3.0,2,3,6,0.048869,0.019699,0.029404
271,512,,1,3.0,2,3,6,0.029226,0.039572,0.054966
271,512,,5,3.0,2,3,6,0.007307,0.009893,0.014399
271,531,,5,3.0,2,3,7,0.506485,1.010334,1.78665
271,532,,2,3.0,2,3,7,0.0,0.0,0.0
279,20,,5,4.0,2,3,8,0.001599,0.002003,0.006139
279,61,,1,3.0,2,3,7,0.019575,0.015086,0.027675
279,61,,2,3.0,2,3,8,0.014681,0.011314,0.025135
279,61,,5,3.0,2,3,8,0.010275,0.007772,0.017651
279,64,,1,3.0,2,3,7,0.093859,0.057114,0.108916
279,132,,2,3.0,2,3,7,0.032402,0.073919,0.11571
279,171,,4,4.0,2,3,3,0.0,0.0,0.0
279,221,,2,3.0,2,3,6,0.0,0.0,0.0
279,279,,1,3.0,2,3,3,0.0,0.0,0.0
279,411,,2,3.0,2,3,7,0.0,0.0,0.0
279,451,,2,3.0,2,3,7,0.012623,0.005088,0.008083
279,512,,1,3.0,2,3,6,0.009437,0.012777,0.018499
279,512,,2,3.0,2,3,7,0.0,0.0,0.0
279,512,,5,3.0,2,3,7,0.0,0.0,0.0
279,531,,2,3.0,2,3,7,0.130827,0.260972,0.456863
279,532,,2,3.0,2,3,7,0.0,0.0,0.0
280,12,,1,3.0,2,3,2,0.041675,0.039536,0.008749
280,61,,2,3.0,2,3,8,0.0,0.0,0.0
280,64,,4,4.0,2,3,7,0.0,0.0,0.0
280,131,,4,4.0,2,3,3,0.0,0.0,0.0
280,132,,1,3.0,2,3,4,2.653374,1.733094,1.04297
280,132,,2,3.0,2,3,4,0.885392,0.577908,0.4136
280,451,,1,3.0,2,3,4,0.906555,0.636236,0.433174
280,451,,2,3.0,2,3,5,0.0,0.0,0.0
280,512,,3,3.0,2,3,8,0.0,0.0,0.0
291,61,,1,3.0,2,3,7,0.120773,0.211989,0.347647
291,61,,2,3.0,2,3,7,0.010979,0.019272,0.034135
291,61,,5,3.0,2,3,7,0.032938,0.057815,0.102578
291,64,,2,3.0,2,3,7,0.001443,0.00028,0.000539
291,132,,2,3.0,2,3,6,0.007514,0.003471,0.004415
291,132,,4,4.0,2,3,5,0.0,0.0,0.0
291,451,,2,3.0,2,3,6,0.0,0.0,0.0
291,512,,1,3.0,2,3,6,0.0,0.0,0.0
291,512,,5,3.0,2,3,6,0.055183,0.15072,0.216262
291,531,,2,3.0,2,3,8,0.0,0.0,0.0
292,61,,1,3.0,2,3,7,0.260742,0.457671,0.845833
292,61,,2,3.0,2,3,8,0.032593,0.057209,0.115719
292,61,,5,3.0,2,3,8,0.032593,0.057209,0.11577
292,64,,2,3.0,2,3,8,0.002856,0.000553,0.001203
292,132,,2,3.0,2,3,5,0.014871,0.006869,0.00669
292,132,,4,4.0,2,3,4,0.0,0.0,0.0
292,451,,2,3.0,2,3,6,0.0,0.0,0.0
292,512,,1,3.0,2,3,5,0.081906,0.223709,0.213503
292,512,,2,3.0,2,3,6,0.0,0.0,0.0
292,512,,5,3.0,2,3,6,0.027302,0.07457,0.081354
292,531,,2,3.0,2,3,8,0.0,0.0,0.0
299,61,,1,3.0,2,3,7,0.091762,0.161066,0.279107
299,61,,2,3.0,2,3,7,0.045881,0.080533,0.151522
299,61,,5,3.0,2,3,7,0.030587,0.053689,0.101636
299,64,,1,3.0,2,3,7,0.001474,0.000173,0.00034
299,132,,1,3.0,2,3,5,0.007676,0.003545,0.003256
299,132,,4,4.0,2,3,5,0.0,0.0,0.0
299,451,,2,3.0,2,3,6,0.0,0.0,0.0
299,512,,1,3.0,2,3,6,0.03523,0.096225,0.103872
299,512,,2,3.0,2,3,6,0.021138,0.057735,0.072435
299,512,,5,3.0,2,3,6,0.0,0.0,0.0
299,531,,2,3.0,2,3,8,0.0,0.0,0.0
300,411,,5,3.0,2,3,5,0.0,0.0,0.0
300,531,,1,3.0,2,3,4,0.481363,1.398655,1.024327
300,531,,2,3.0,2,3,5,0.240681,0.699328,0.569375
311,61,,1,3.0,2,3,7,0.64108,1.667009,2.601717
311,61,,2,3.0,2,3,7,0.427386,1.11134,1.970947
311,61,,5,3.0,2,3,7,0.427386,1.11134,1.971954
311,64,,1,3.0,2,3,7,0.047498,0.078187,0.130186
311,64,,5,3.0,2,3,7,0.047498,0.078187,0.139121
311,132,,2,3.0,2,3,6,0.0,0.0,0.0
311,363,,1,3.0,2,3,6,0.0,0.0,0.0
311,411,,2,3.0,2,3,7,0.0,0.0,0.0
311,451,,2,3.0,2,3,7,0.0,0.0,0.0
311,512,,1,3.0,2,3,6,0.0,0.0,0.0
311,512,,2,3.0,2,3,7,0.0,0.0,0.0
311,512,,5,3.0,2,3,7,0.0903,0.161871,0.243109
311,531,,2,3.0,2,3,7,0.469857,1.345099,2.544687
319,61,,1,3.0,2,3,6,0.92376,2.402068,3.481965
319,61,,2,3.0,2,3,7,0.10264,0.266896,0.458793
319,61,,5,3.0,2,3,7,0.20528,0.533793,0.934322
319,64,,1,3.0,2,3,7,0.078219,0.128759,0.19998
319,132,,2,3.0,2,3,7,0.0,0.0,0.0
319,363,,1,3.0,2,3,6,0.0,0.0,0.0
319,363,,2,3.0,2,3,7,0.0,0.0,0.0
319,363,,5,3.0,2,3,7,0.0,0.0,0.0
319,411,,2,3.0,2,3,7,0.0,0.0,0.0
319,451,,1,3.0,2,3,6,0.0,0.0,0.0
319,512,,1,3.0,2,3,6,0.0,0.0,0.0
319,512,,5,3.0,2,3,7,0.074065,0.133047,0.218702
319,531,,2,3.0,2,3,7,0.386878,1.10755,2.001006
321,512,,2,3.0,2,3,8,0.0,0.0,0.0
329,512,,2,3.0,2,3,8,0.0,0.0,0.0
341,61,,5,3.0,2,3,8,0.475989,1.113021,5.466822
341,81,,1,4.0,2,3,7,0.005408,0.000458,0.000832
341,111,,1,4.0,2,3,2,0.002185,0.000585,0.000138
341,131,,4,4.0,2,3,4,0.0,0.0,0.0
341,132,,2,3.0,2,3,5,0.0,0.0,0.0
341,171,,2,3.0,2,3,5,0.0,0.0,0.0
341,212,,1,4.0,2,3,5,0.010415,0.004807,0.003629
341,222,,1,3.0,2,3,6,0.210221,0.591482,0.876328
341,251,,1,3.0,2,3,3,0.0,0.0,0.0
341,341,,1,3.0,2,3,1,0.038573,0.076938,0.002554
341,341,,2,3.0,2,3,1,0.001777,0.003257,0.000126
341,341,,3,3.0,2,3,2,0.00126,0.0018,0.00019
341,363,,1,3.0,2,3,1,0.016121,0.038795,0.00151
341,371,,1,4.0,2,3,4,0.008617,0.00073,0.000459
341,421,,1,3.0,2,3,1,0.0,0.0,0.0
341,451,,2,3.0,2,3,4,0.084454,0.179544,0.131901
341,486,,1,3.0,2,3,7,0.576975,1.49819,2.444441
341,491,,1,4.0,2,3,8,0.010221,0.000866,0.001913
341,491,,4,4.0,2,3,7,0.0,0.0,0.0
341,512,,1,3.0,2,3,3,0.086556,0.227659,0.086336
342,61,,5,3.0,2,3,8,0.079762,0.18651,0.941455
342,111,,1,4.0,2,3,2,0.0,0.0,0.0
342,131,,4,4.0,2,3,4,0.0,0.0,0.0
342,132,,2,3.0,2,3,5,0.0,0.0,0.0
342,171,,2,3.0,2,3,5,0.0,0.0,0.0
342,212,,1,4.0,2,3,4,0.001745,0.000806,0.000578
342,222,,3,3.0,2,3,8,0.035227,0.099115,0.210136
342,251,,1,3.0,2,3,3,0.0,0.0,0.0
342,341,,1,3.0,2,3,1,0.006286,0.011439,0.000938
342,341,,5,3.0,2,3,1,0.001929,0.001744,0.000169
342,363,,1,3.0,2,3,2,0.002161,0.005201,0.000548
342,363,,5,3.0,2,3,2,0.00054,0.0013,0.000146
342,371,,1,4.0,2,3,4,0.001444,0.000122,6.8e-05
342,451,,2,3.0,2,3,4,0.014177,0.030057,0.020338
342,486,,1,3.0,2,3,7,0.096684,0.251054,0.39698
342,491,,1,4.0,2,3,8,0.001713,0.000145,0.000332
342,491,,4,4.0,2,3,7,0.0,0.0,0.0
342,512,,3,3.0,2,3,3,0.014504,0.038149,0.011362
361,61,,2,3.0,2,3,8,0.0,0.0,0.0
361,241,,1,3.0,2,3,3,0.0,0.0,0.0
361,341,,1,3.0,2,3,2,0.0,0.0,0.0
361,363,,1,3.0,2,3,2,0.002491,0.006848,0.00117
361,421,,2,3.0,2,3,3,0.0,0.0,0.0
361,512,,2,3.0,2,3,4,0.0,0.0,0.0
362,61,,2,3.0,2,3,8,0.0,0.0,0.0
362,241,,2,3.0,2,3,4,0.0,0.0,0.0
362,341,,1,3.0,2,3,3,0.0,0.0,0.0
362,363,,1,3.0,2,3,3,0.002624,0.007214,0.002802
362,421,,2,3.0,2,3,3,0.0,0.0,0.0
362,512,,2,3.0,2,3,5,0.0,0.0,0.0
363,61,,2,3.0,2,3,8,0.0,0.0,0.0
363,64,,2,3.0,2,3,8,0.0,0.0,0.0
363,132,,2,3.0,2,3,5,0.000614,0.00351,0.003168
363,241,,1,3.0,2,3,2,0.0,0.0,0.0
363,341,,1,3.0,2,3,1,0.009576,0.00442,0.00022
363,363,,1,3.0,2,3,1,0.04736,0.130191,0.002985
363,363,,1,4.0,2,3,1,0.0,0.0,0.0
363,363,,5,3.0,2,3,1,0.003947,0.010849,0.00026
363,421,,3,3.0,2,3,3,0.010558,0.009786,0.00294
363,451,,2,3.0,2,3,5,0.001157,0.004932,0.003948
363,512,,3,3.0,2,3,3,0.003559,0.010488,0.003888
364,61,,2,3.0,2,3,8,0.0,0.0,0.0
364,241,,2,3.0,2,3,4,0.0,0.0,0.0
364,341,,1,3.0,2,3,3,0.0,0.0,0.0
364,363,,1,3.0,2,3,3,0.002565,0.00705,0.002323
364,363,,5,3.0,2,3,3,0.0,0.0,0.0
364,421,,2,3.0,2,3,3,0.0,0.0,0.0
364,512,,2,3.0,2,3,5,0.0,0.0,0.0
369,61,,2,3.0,2,3,8,0.0,0.0,0.0
369,132,,2,3.0,2,3,6,0.0,0.0,0.0
369,241,,2,3.0,2,3,3,0.0,0.0,0.0
369,341,,1,3.0,2,3,2,0.0,0.0,0.0
369,363,,1,3.0,2,3,3,0.003558,0.009781,0.002507
369,363,,5,3.0,2,3,3,0.000445,0.001223,0.000379
369,421,,2,3.0,2,3,3,0.0,0.0,0.0
369,512,,2,3.0,2,3,4,0.0,0.0,0.0
371,132,,1,3.0,2,3,3,0.0036,0.003253,0.00087
371,451,,1,3.0,2,3,2,0.010669,0.011385,0.002514
371,451,,2,3.0,2,3,3,0.0,0.0,0.0
371,512,,1,3.0,2,3,3,0.019813,0.021086,0.00715
371,531,,2,3.0,2,3,8,0.0,0.0,0.0
372,132,,1,3.0,2,3,3,0.001837,0.00161,0.000547
372,451,,1,3.0,2,3,3,0.005765,0.006151,0.001783
372,512,,1,3.0,2,3,3,0.007784,0.008284,0.002296
372,512,,5,3.0,2,3,3,0.002919,0.003107,0.001058
372,531,,2,3.0,2,3,8,0.0,0.0,0.0
373,132,,1,3.0,2,3,3,0.002936,0.002573,0.000864
373,451,,1,3.0,2,3,3,0.009211,0.009829,0.002781
373,451,,5,3.0,2,3,3,0.0,0.0,0.0
373,512,,1,3.0,2,3,2,0.017106,0.018205,0.003618
373,531,,2,3.0,2,3,8,0.0,0.0,0.0
379,131,,1,4.0,2,3,3,0.0,0.0,0.0
379,132,,1,3.0,2,3,3,0.002821,0.002473,0.000819
379,132,,5,3.0,2,3,3,0.0,0.0,0.0
379,451,,1,3.0,2,3,3,0.008851,0.009445,0.002553
379,451,,5,3.0,2,3,3,0.0,0.0,0.0
379,512,,1,3.0,2,3,2,0.012569,0.013377,0.003067
379,512,,2,3.0,2,3,3,0.000967,0.001029,0.000277
379,512,,5,3.0,2,3,3,0.002901,0.003087,0.000906
379,531,,2,3.0,2,3,8,0.0,0.0,0.0
380,61,,2,3.0,2,3,8,0.0,0.0,0.0
380,64,,5,3.0,2,3,8,0.0,0.0,0.0
380,131,,1,4.0,2,3,7,0.014611,0.001238,0.001911
380,531,,1,3.0,2,3,6,0.140654,0.531574,0.700759
380,531,,2,3.0,2,3,6,0.035164,0.132893,0.188079
391,61,,1,3.0,2,3,8,0.005181,0.009387,0.020972
391,61,,5,3.0,2,3,8,0.00185,0.003353,0.008124
391,64,,2,3.0,2,3,8,0.005041,0.008493,0.021841
391,64,,5,3.0,2,3,8,0.0,0.0,0.0
391,132,,2,3.0,2,3,5,0.005333,0.016462,0.012844
391,171,,4,4.0,2,3,3,0.0,0.0,0.0
391,221,,1,3.0,2,3,5,0.480849,1.384602,1.243292
391,363,,1,3.0,2,3,4,0.0,0.0,0.0
391,451,,2,3.0,2,3,5,0.001324,0.000354,0.000292
391,512,,1,3.0,2,3,4,1.492965,4.74122,2.966241
391,512,,5,3.0,2,3,4,0.0,0.0,0.0
391,531,,2,3.0,2,3,8,0.0,0.0,0.0
392,61,,2,3.0,2,3,8,0.001273,0.002307,0.005844
392,61,,5,3.0,2,3,8,0.010821,0.019606,0.049723
392,64,,2,3.0,2,3,8,0.00867,0.014608,0.038103
392,132,,2,3.0,2,3,5,0.009203,0.02849,0.026614
392,171,,4,4.0,2,3,3,0.0,0.0,0.0
392,221,,2,3.0,2,3,6,0.827056,2.381503,2.709152
392,363,,1,3.0,2,3,3,0.0,0.0,0.0
392,451,,2,3.0,2,3,5,0.002278,0.000609,0.000567
392,512,,1,3.0,2,3,4,2.334441,7.413504,4.242273
392,512,,2,3.0,2,3,4,0.233444,0.74135,0.495117
392,512,,5,3.0,2,3,4,0.0,0.0,0.0
392,531,,2,3.0,2,3,8,0.0,0.0,0.0
393,61,,1,3.0,2,3,8,0.005603,0.010151,0.023253
393,61,,5,3.0,2,3,8,0.002801,0.005075,0.012753
393,64,,2,3.0,2,3,8,0.006024,0.010151,0.026303
393,132,,1,3.0,2,3,4,0.006374,0.019675,0.014173
393,171,,4,4.0,2,3,3,0.0,0.0,0.0
393,221,,1,3.0,2,3,5,0.287342,0.8274,0.819391
393,221,,2,3.0,2,3,6,0.0,0.0,0.0
393,221,,5,3.0,2,3,6,0.287342,0.8274,0.924869
393,363,,1,3.0,2,3,4,0.0,0.0,0.0
393,451,,1,3.0,2,3,4,0.001732,0.000477,0.000323
393,512,,1,3.0,2,3,4,1.189539,3.777628,2.129194
393,512,,2,3.0,2,3,4,0.396547,1.25924,0.868712
393,512,,5,3.0,2,3,4,0.198256,0.629605,0.435343
393,531,,2,3.0,2,3,8,0.0,0.0,0.0
394,61,,1,3.0,2,3,8,0.003198,0.005794,0.012953
394,64,,5,3.0,2,3,8,0.002293,0.003863,0.009941
394,132,,5,3.0,2,3,5,0.002426,0.007487,0.006267
394,221,,5,3.0,2,3,5,0.218703,0.629754,0.614676
394,363,,1,3.0,2,3,4,0.0,0.0,0.0
394,451,,5,3.0,2,3,5,0.0,0.0,0.0
394,512,,1,3.0,2,3,4,0.452755,1.437687,0.903197
394,512,,2,3.0,2,3,4,0.0,0.0,0.0
394,512,,5,3.0,2,3,4,0.226347,0.718811,0.538232
394,531,,2,3.0,2,3,8,0.0,0.0,0.0
399,61,,1,3.0,2,3,8,0.005607,0.010159,0.023213
399,61,,2,3.0,2,3,8,0.0,0.0,0.0
399,61,,5,3.0,2,3,8,0.001294,0.002344,0.005762
399,64,,5,3.0,2,3,8,0.004947,0.008335,0.021077
399,132,,1,3.0,2,3,5,0.005234,0.016156,0.013027
399,171,,1,4.0,2,3,3,0.0,0.0,0.0
399,221,,3,3.0,2,3,7,0.471917,1.358883,2.489978
399,363,,1,3.0,2,3,4,0.0,0.0,0.0
399,451,,2,3.0,2,3,5,0.0013,0.000347,0.000311
399,512,,1,3.0,2,3,4,1.465232,4.65315,2.896702
399,512,,2,3.0,2,3,4,0.0,0.0,0.0
399,512,,5,3.0,2,3,4,0.0,0.0,0.0
399,531,,2,3.0,2,3,8,0.0,0.0,0.0
401,132,,2,3.0,2,3,6,0.0,0.0,0.0
402,132,,2,3.0,2,3,6,0.0,0.0,0.0
409,132,,2,3.0,2,3,6,0.0,0.0,0.0
411,61,,1,3.0,2,3,5,0.079898,0.02799,0.027093
411,64,,5,3.0,2,3,5,0.030211,0.048793,0.040412
411,411,,1,3.0,2,3,1,107.977379,732.59845,17.767291
411,411,,2,3.0,2,3,1,0.0,0.0,0.0
411,411,,3,3.0,2,3,1,107.977379,551.415588,20.243255
411,531,,1,3.0,2,3,2,0.100143,0.042159,0.008152
411,531,,2,3.0,2,3,2,0.005563,0.002342,0.000488
411,531,,5,3.0,2,3,2,0.044508,0.018737,0.003998
411,532,,1,3.0,2,3,1,42.137394,234.815048,11.952476
419,61,,1,3.0,2,3,5,0.025533,0.008945,0.007724
419,64,,1,3.0,2,3,4,0.007241,0.011694,0.006167
419,64,,2,3.0,2,3,4,0.002414,0.003898,0.002382
419,411,,1,3.0,2,3,2,69.01149,352.425781,63.274347
419,531,,1,3.0,2,3,3,0.043203,0.018188,0.006126
419,531,,5,3.0,2,3,3,0.0048,0.002021,0.00088
419,532,,2,3.0,2,3,2,13.46562,75.038567,17.853885
421,61,,5,3.0,2,3,8,0.003007,0.001415,0.006697
421,212,,4,4.0,2,3,4,0.0,0.0,0.0
421,241,,1,3.0,2,3,2,0.0,0.0,0.0
421,241,,2,3.0,2,3,2,0.0,0.0,0.0
421,363,,1,3.0,2,3,2,0.0,0.0,0.0
421,363,,5,3.0,2,3,2,0.0,0.0,0.0
421,421,,1,3.0,2,3,1,0.0,0.0,0.0
421,421,,3,3.0,2,3,1,0.0,0.0,0.0
421,512,,3,3.0,2,3,3,0.0,0.0,0.0
422,61,,2,3.0,2,3,8,0.0,0.0,0.0
422,212,,4,4.0,2,3,3,0.0,0.0,0.0
422,241,,1,3.0,2,3,3,0.0,0.0,0.0
422,241,,2,3.0,2,3,3,0.0,0.0,0.0
422,363,,1,3.0,2,3,3,0.0,0.0,0.0
422,421,,1,3.0,2,3,3,0.0,0.0,0.0
422,512,,2,3.0,2,3,4,0.0,0.0,0.0
423,61,,2,3.0,2,3,8,0.0,0.0,0.0
423,212,,4,4.0,2,3,4,0.0,0.0,0.0
423,241,,1,3.0,2,3,2,0.0,0.0,0.0
423,363,,1,3.0,2,3,1,0.0,0.0,0.0
423,421,,1,3.0,2,3,1,0.0,0.0,0.0
423,512,,2,3.0,2,3,4,0.0,0.0,0.0
429,61,,5,3.0,2,3,8,0.001902,0.000895,0.002604
429,212,,4,4.0,2,3,3,0.0,0.0,0.0
429,241,,1,3.0,2,3,2,0.0,0.0,0.0
429,363,,1,3.0,2,3,2,0.0,0.0,0.0
429,421,,1,3.0,2,3,2,0.0,0.0,0.0
429,512,,2,3.0,2,3,4,0.0,0.0,0.0
451,64,,2,3.0,2,3,8,0.0,0.0,0.0
451,111,,4,4.0,2,3,3,0.0,0.0,0.0
451,131,,1,4.0,2,3,3,0.0,0.0,0.0
451,132,,1,3.0,2,3,2,0.001198,0.001654,0.000206
451,451,,1,3.0,2,3,1,0.004884,0.009251,0.000157
451,451,,2,3.0,2,3,1,0.000888,0.001682,4.4e-05
451,512,,1,3.0,2,3,3,0.0,0.0,0.0
452,64,,2,3.0,2,3,8,0.0,0.0,0.0
452,111,,4,4.0,2,3,3,0.0,0.0,0.0
452,131,,1,4.0,2,3,2,0.0,0.0,0.0
452,132,,1,3.0,2,3,2,0.002153,0.002971,0.000717
452,451,,1,3.0,2,3,2,0.009581,0.018131,0.003727
452,451,,2,3.0,2,3,2,0.000845,0.001751,0.000431
452,512,,1,3.0,2,3,3,0.0,0.0,0.0
459,64,,2,3.0,2,3,8,0.0,0.0,0.0
459,111,,4,4.0,2,3,3,0.0,0.0,0.0
459,131,,1,4.0,2,3,3,0.0,0.0,0.0
459,132,,1,3.0,2,3,2,0.003177,0.004385,0.000774
459,451,,1,3.0,2,3,2,0.013009,0.02464,0.003083
459,451,,2,3.0,2,3,2,0.000765,0.001449,0.000204
459,451,,5,3.0,2,3,2,0.001972,0.002978,0.000418
459,512,,1,3.0,2,3,3,0.0,0.0,0.0
460,451,,2,3.0,2,3,7,0.0,0.0,0.0
471,132,,2,3.0,2,3,4,0.0,0.0,0.0
471,223,,1,3.0,2,3,3,0.0,0.0,0.0
471,451,,2,3.0,2,3,5,0.0,0.0,0.0
472,132,,2,3.0,2,3,4,0.0,0.0,0.0
472,223,,3,3.0,2,3,5,0.0,0.0,0.0
472,451,,2,3.0,2,3,4,0.0,0.0,0.0
472,512,,2,3.0,2,3,5,0.0,0.0,0.0
473,132,,2,3.0,2,3,4,0.0,0.0,0.0
473,223,,2,3.0,2,3,4,0.0,0.0,0.0
473,451,,1,3.0,2,3,3,0.0,0.0,0.0
479,132,,2,3.0,2,3,4,0.0,0.0,0.0
479,223,,1,3.0,2,3,4,0.0,0.0,0.0
479,223,,2,3.0,2,3,4,0.0,0.0,0.0
479,223,,5,3.0,2,3,4,0.0,0.0,0.0
479,451,,2,3.0,2,3,4,0.0,0.0,0.0
479,512,,2,3.0,2,3,5,0.0,0.0,0.0
481,12,,2,3.0,2,3,4,0.0,0.0,0.0
481,61,,1,3.0,2,3,6,0.016267,0.036382,0.050339
481,61,,5,3.0,2,3,7,0.016267,0.036382,0.055014
481,81,,1,4.0,2,3,5,0.001356,0.000115,0.00011
481,131,,1,4.0,2,3,5,0.002583,0.000519,0.00049
481,131,,4,4.0,2,3,5,0.0,0.0,0.0
481,132,,5,3.0,2,3,7,0.673849,0.402136,0.728636
481,171,,1,4.0,2,3,6,0.004022,0.002439,0.002798
481,171,,4,4.0,2,3,5,0.0,0.0,0.0
481,451,,1,3.0,2,3,6,0.0,0.0,0.0
481,451,,2,3.0,2,3,6,0.0,0.0,0.0
481,451,,5,3.0,2,3,7,0.06829,0.043579,0.079837
481,481,,1,4.0,2,3,1,0.0,0.0,0.0
481,486,,1,3.0,2,3,2,1.071737,6.528317,1.14697
481,512,,5,3.0,2,3,8,0.06757,0.043681,0.095993
482,12,,1,3.0,2,3,3,0.0,0.0,0.0
482,61,,1,3.0,2,3,7,0.0015,0.003354,0.005512
482,61,,2,3.0,2,3,7,0.002999,0.006708,0.011591
482,131,,4,4.0,2,3,4,0.0,0.0,0.0
482,132,,2,3.0,2,3,6,0.093178,0.055607,0.056933
482,451,,2,3.0,2,3,6,0.009443,0.006026,0.006821
482,486,,1,3.0,2,3,2,0.127027,0.773762,0.081826
482,486,,2,3.0,2,3,2,0.0,0.0,0.0
482,486,,3,3.0,2,3,2,0.0,0.0,0.0
482,486,,5,3.0,2,3,2,0.021171,0.12896,0.013955
482,512,,3,3.0,2,3,7,0.009343,0.00604,0.011835
483,12,,2,3.0,2,3,5,0.0,0.0,0.0
483,61,,1,3.0,2,3,6,0.005103,0.011413,0.016976
483,61,,2,3.0,2,3,7,0.0,0.0,0.0
483,131,,4,4.0,2,3,5,0.0,0.0,0.0
483,132,,2,3.0,2,3,6,0.105786,0.063127,0.084428
483,451,,2,3.0,2,3,6,0.010711,0.006835,0.00988
483,486,,1,3.0,2,3,2,0.168095,1.023921,0.2262
483,486,,3,3.0,2,3,3,0.0,0.0,0.0
483,512,,1,3.0,2,3,7,0.010598,0.006851,0.011063
483,512,,2,3.0,2,3,7,0.0,0.0,0.0
484,12,,2,3.0,2,3,4,0.0,0.0,0.0
484,61,,1,3.0,2,3,6,0.07733,0.172949,0.247421
484,61,,2,3.0,2,3,7,0.025777,0.05765,0.086637
484,61,,5,3.0,2,3,7,0.020621,0.04612,0.069457
484,81,,1,4.0,2,3,5,0.004015,0.00034,0.000282
484,131,,1,4.0,2,3,5,0.006697,0.001931,0.001581
484,131,,4,4.0,2,3,4,0.0,0.0,0.0
484,132,,2,3.0,2,3,6,1.281338,0.764832,0.890559
484,132,,5,3.0,2,3,7,1.281307,0.764653,1.291425
484,151,,4,4.0,2,3,8,0.0,0.0,0.0
484,171,,4,4.0,2,3,5,0.0,0.0,0.0
484,171,,5,4.0,2,3,5,0.015297,0.009276,0.009035
484,451,,1,3.0,2,3,6,0.259739,0.165759,0.184418
484,451,,2,3.0,2,3,6,0.0,0.0,0.0
484,451,,5,3.0,2,3,7,0.0,0.0,0.0
484,481,,1,4.0,2,3,2,0.0,0.0,0.0
484,486,,1,3.0,2,3,3,2.911261,17.733484,4.975725
484,486,,2,3.0,2,3,3,0.776336,4.728929,1.467375
484,486,,5,3.0,2,3,3,0.388168,2.364465,0.736873
484,512,,5,3.0,2,3,8,0.258165,0.167171,0.384292
485,12,,2,3.0,2,3,6,0.0,0.0,0.0
485,61,,1,3.0,2,3,5,0.005307,0.011869,0.010178
485,131,,4,4.0,2,3,6,0.0,0.0,0.0
485,132,,5,3.0,2,3,8,0.109911,0.065592,0.157355
485,451,,1,3.0,2,3,7,0.0,0.0,0.0
485,451,,5,3.0,2,3,8,0.01123,0.007125,0.017236
485,486,,1,3.0,2,3,4,0.174811,1.064833,0.783093
485,512,,5,3.0,2,3,8,0.011021,0.007125,0.019841
486,12,,1,3.0,2,3,4,0.0,0.0,0.0
486,61,,1,3.0,2,3,7,0.061443,0.137419,0.211417
486,61,,2,3.0,2,3,7,0.036866,0.082452,0.135613
486,61,,5,3.0,2,3,7,0.012289,0.027484,0.045212
486,81,,1,4.0,2,3,6,0.003706,0.000314,0.000343
486,131,,1,4.0,2,3,5,0.005771,0.001722,0.001419
486,131,,4,4.0,2,3,4,0.0,0.0,0.0
486,132,,2,3.0,2,3,6,1.145341,0.683512,0.760652
486,132,,5,3.0,2,3,7,1.145341,0.683512,1.109963
486,151,,4,4.0,2,3,8,0.0,0.0,0.0
486,171,,4,4.0,2,3,5,0.0,0.0,0.0
486,171,,5,4.0,2,3,6,0.01423,0.008629,0.009897
486,451,,2,3.0,2,3,6,0.232467,0.148404,0.181196
486,481,,1,4.0,2,3,2,0.0,0.0,0.0
486,486,,1,3.0,2,3,1,1.821633,12.359307,0.344464
486,486,,2,3.0,2,3,1,0.0,0.0,0.0
486,486,,3,3.0,2,3,1,1.821633,11.096186,0.488726
486,512,,3,3.0,2,3,8,0.229777,0.148575,0.298027
487,12,,2,3.0,2,3,5,0.0,0.0,0.0
487,61,,2,3.0,2,3,7,0.001596,0.00357,0.005544
487,132,,5,3.0,2,3,7,0.033788,0.020143,0.039857
487,451,,1,3.0,2,3,6,0.0,0.0,0.0
487,451,,2,3.0,2,3,7,0.003953,0.002299,0.003612
487,486,,1,3.0,2,3,3,0.052577,0.320266,0.105647
487,512,,5,3.0,2,3,8,0.003315,0.002143,0.005067
488,12,,2,3.0,2,3,4,0.0,0.0,0.0
488,61,,1,3.0,2,3,6,0.020238,0.045262,0.061051
488,61,,5,3.0,2,3,6,0.006746,0.015087,0.021724
488,131,,1,4.0,2,3,6,0.002448,0.000436,0.000437
488,131,,4,4.0,2,3,5,0.0,0.0,0.0
488,132,,5,3.0,2,3,7,0.558879,0.333526,0.612364
488,171,,1,4.0,2,3,6,0.003992,0.002421,0.002986
488,171,,4,4.0,2,3,6,0.0,0.0,0.0
488,451,,1,3.0,2,3,6,0.0,0.0,0.0
488,451,,2,3.0,2,3,6,0.056638,0.036144,0.051551
488,486,,1,3.0,2,3,2,0.814809,4.963278,1.053414
488,486,,5,3.0,2,3,2,0.074074,0.451207,0.101948
488,512,,5,3.0,2,3,8,0.056041,0.036229,0.08049
489,12,,1,3.0,2,3,5,0.0,0.0,0.0
489,61,,1,3.0,2,3,6,0.039175,0.087615,0.114582
489,61,,2,3.0,2,3,6,0.003265,0.007301,0.01031
489,61,,5,3.0,2,3,6,0.009794,0.021904,0.031973
489,81,,1,4.0,2,3,5,0.001673,0.000142,0.000111
489,131,,1,4.0,2,3,5,0.002809,0.000838,0.000812
489,131,,4,4.0,2,3,5,0.0,0.0,0.0
489,132,,2,3.0,2,3,6,1.08186,0.64565,0.877653
489,171,,1,4.0,2,3,6,0.006458,0.003916,0.004417
489,171,,4,4.0,2,3,5,0.0,0.0,0.0
489,451,,2,3.0,2,3,6,0.110341,0.07074,0.104407
489,481,,1,4.0,2,3,3,0.0,0.0,0.0
489,486,,1,3.0,2,3,3,1.329572,8.098877,2.690368
489,486,,2,3.0,2,3,3,0.23463,1.429214,0.495259
489,486,,3,3.0,2,3,3,0.0,0.0,0.0
489,486,,5,3.0,2,3,3,0.15642,0.952809,0.369796
489,512,,1,3.0,2,3,7,0.0,0.0,0.0
489,512,,2,3.0,2,3,7,0.10848,0.070128,0.118187
491,61,,1,3.0,2,3,4,1.413307,6.316112,4.356859
491,61,,2,3.0,2,3,5,0.074385,0.332427,0.257652
491,61,,5,3.0,2,3,5,0.223154,0.997281,0.776846
491,64,,1,3.0,2,3,5,0.026334,0.120951,0.091187
491,64,,5,3.0,2,3,5,0.013167,0.060476,0.050613
491,321,,4,4.0,2,3,3,0.0,0.0,0.0
491,512,,2,3.0,2,3,8,0.0,0.0,0.0
491,531,,2,3.0,2,3,6,0.0,0.0,0.0
499,61,,1,3.0,2,3,4,0.196951,0.880179,0.483912
499,64,,1,3.0,2,3,5,0.004547,0.020886,0.016194
499,512,,2,3.0,2,3,8,0.0,0.0,0.0
499,531,,2,3.0,2,3,6,0.0,0.0,0.0
511,12,,2,3.0,2,3,5,0.0,0.0,0.0
511,61,,2,3.0,2,3,8,0.007959,0.014223,0.042148
511,111,,1,4.0,2,3,2,0.0,0.0,0.0
511,131,,4,4.0,2,3,3,0.0,0.0,0.0
511,132,,2,3.0,2,3,3,0.008148,0.011898,0.005822
511,241,,2,3.0,2,3,2,0.0,0.0,0.0
511,341,,2,3.0,2,3,3,0.0,0.0,0.0
511,363,,2,3.0,2,3,3,0.0,0.0,0.0
511,451,,2,3.0,2,3,3,0.016393,0.006607,0.002558
511,486,,2,3.0,2,3,6,0.0,0.0,0.0
511,512,,1,3.0,2,3,1,0.230468,0.584445,0.050509
511,512,,2,3.0,2,3,1,0.0,0.0,0.0
511,512,,5,3.0,2,3,1,0.030729,0.077926,0.00722
511,531,,2,3.0,2,3,8,0.0,0.0,0.0
512,12,,2,3.0,2,3,5,0.0,0.0,0.0
512,61,,2,3.0,2,3,8,0.007631,0.013637,0.04087
512,111,,1,4.0,2,3,2,0.0,0.0,0.0
512,131,,4,4.0,2,3,3,0.0,0.0,0.0
512,132,,2,3.0,2,3,4,0.007892,0.011483,0.005806
512,241,,1,3.0,2,3,2,0.0,0.0,0.0
512,341,,2,3.0,2,3,3,0.0,0.0,0.0
512,363,,2,3.0,2,3,3,0.0,0.0,0.0
512,451,,2,3.0,2,3,3,0.01578,0.006386,0.002577
512,486,,2,3.0,2,3,6,0.0,0.0,0.0
512,512,,1,3.0,2,3,1,0.231171,0.586228,0.014437
512,512,,2,3.0,2,3,1,0.009632,0.060987,0.001271
512,512,,3,3.0,2,3,1,0.009632,0.024426,0.000723
512,531,,2,3.0,2,3,8,0.0,0.0,0.0
513,12,,2,3.0,2,3,6,0.0,0.0,0.0
513,61,,2,3.0,2,3,8,0.025646,0.04583,0.135824
513,111,,1,4.0,2,3,1,0.0,0.0,0.0
513,131,,4,4.0,2,3,4,0.0,0.0,0.0
513,132,,2,3.0,2,3,4,0.026256,0.038338,0.02398
513,241,,1,3.0,2,3,1,0.0,0.0,0.0
513,341,,1,3.0,2,3,3,0.0,0.0,0.0
513,363,,1,3.0,2,3,3,0.0,0.0,0.0
513,451,,2,3.0,2,3,4,0.052821,0.02129,0.011296
513,486,,2,3.0,2,3,7,0.0,0.0,0.0
513,512,,1,3.0,2,3,2,0.73644,1.867542,0.321757
513,512,,5,3.0,2,3,2,0.105206,0.266792,0.061898
513,531,,2,3.0,2,3,8,0.0,0.0,0.0
519,12,,2,3.0,2,3,5,0.0,0.0,0.0
519,61,,5,3.0,2,3,8,0.009382,0.016766,0.051589
519,111,,1,4.0,2,3,2,0.0,0.0,0.0
519,131,,4,4.0,2,3,3,0.0,0.0,0.0
519,132,,2,3.0,2,3,4,0.009915,0.014378,0.008408
519,241,,1,3.0,2,3,2,0.0,0.0,0.0
519,341,,2,3.0,2,3,3,0.0,0.0,0.0
519,363,,2,3.0,2,3,3,0.0,0.0,0.0
519,451,,1,3.0,2,3,3,0.019531,0.007826,0.003324
519,486,,2,3.0,2,3,6,0.0,0.0,0.0
519,512,,1,3.0,2,3,2,0.265925,0.674333,0.143755
519,512,,2,3.0,2,3,3,0.0,0.0,0.0
519,512,,5,3.0,2,3,3,0.041985,0.106471,0.027734
519,531,,2,3.0,2,3,8,0.0,0.0,0.0
531,61,,1,3.0,2,3,6,0.007296,0.001962,0.00226
531,61,,5,3.0,2,3,6,0.003161,0.000752,0.001064
531,64,,1,3.0,2,3,5,0.150296,0.242701,0.196228
531,64,,4,4.0,2,3,4,0.0,0.0,0.0
531,111,,2,3.0,2,3,8,0.0,0.0,0.0
531,132,,2,3.0,2,3,8,0.0,0.0,0.0
531,171,,4,4.0,2,3,7,0.0,0.0,0.0
531,411,,1,3.0,2,3,2,0.0,0.0,0.0
531,512,,5,3.0,2,3,8,0.0,0.0,0.0
531,531,,1,3.0,2,3,1,12.61408,63.727966,2.779807
531,531,,1,4.0,2,3,1,0.003123,0.001026,4.5e-05
531,531,,2,3.0,2,3,1,0.0,0.0,0.0
531,531,,3,3.0,2,3,1,4.204693,17.600105,0.767091
531,532,,2,3.0,2,3,2,599.566528,2937.75293,461.860663
532,61,,1,3.0,2,3,6,0.0,0.0,0.0
532,64,,2,3.0,2,3,5,0.009578,0.015466,0.012255
532,64,,4,4.0,2,3,4,0.0,0.0,0.0
532,111,,2,3.0,2,3,8,0.0,0.0,0.0
532,171,,4,4.0,2,3,7,0.0,0.0,0.0
532,411,,1,3.0,2,3,1,0.0,0.0,0.0
532,512,,2,3.0,2,3,8,0.0,0.0,0.0
532,531,,1,3.0,2,3,2,0.833615,3.489366,0.581781
532,531,,2,3.0,2,3,2,0.119088,0.498481,0.091099
532,531,,5,3.0,2,3,2,0.119088,0.498481,0.093568
532,532,,2,3.0,2,3,1,38.20789,187.2108,9.715124
539,61,,1,3.0,2,3,6,0.001915,0.000455,0.000558
539,64,,1,3.0,2,3,5,0.030355,0.049017,0.042901
539,64,,4,4.0,2,3,4,0.0,0.0,0.0
539,111,,2,3.0,2,3,8,0.0,0.0,0.0
539,132,,2,3.0,2,3,8,0.0,0.0,0.0
539,171,,4,4.0,2,3,7,0.0,0.0,0.0
539,411,,3,3.0,2,3,3,0.0,0.0,0.0
539,512,,2,3.0,2,3,8,0.0,0.0,0.0
539,531,,1,3.0,2,3,2,1.698413,7.109258,1.618404
539,531,,2,3.0,2,3,3,1.698413,7.109258,1.896819
539,532,,2,3.0,2,3,3,121.092201,593.327209,192.911961
551,61,,1,3.0,2,3,8,0.029051,0.075349,0.156694
551,61,,2,3.0,2,3,8,0.005127,0.013297,0.030941
551,61,,5,3.0,2,3,8,0.001709,0.004432,0.010318
551,421,,2,3.0,2,3,5,0.006296,0.030696,0.029479
551,451,,2,3.0,2,3,6,0.0,0.0,0.0
551,512,,1,3.0,2,3,6,0.002664,0.000593,0.000594
551,531,,1,3.0,2,3,7,0.0,0.0,0.0
559,61,,1,3.0,2,3,8,0.036963,0.095869,0.196483
559,61,,2,3.0,2,3,8,0.006428,0.016673,0.039023
559,61,,5,3.0,2,3,8,0.009642,0.025009,0.058711
559,131,,4,4.0,2,3,5,0.0,0.0,0.0
559,421,,1,3.0,2,3,6,0.009304,0.045363,0.049642
559,451,,2,3.0,2,3,6,0.0,0.0,0.0
559,512,,1,3.0,2,3,6,0.003936,0.000876,0.000998
559,531,,1,3.0,2,3,7,0.0,0.0,0.0
559,531,,2,3.0,2,3,7,0.0,0.0,0.0
559,531,,5,3.0,2,3,8,0.0,0.0,0.0
